session_id,user_id,traffic_type,bot_cluster_id,requests,successful_requests,failed_requests,retry_count,refresh_count,reconnect_count,queue_join_count,queue_poll_count,requests_per_second,session_duration_sec,avg_inter_event_ms,std_inter_event_ms,timing_cv,timing_entropy,request_interval_cv,mean_retry_latency_ms,retry_latency_std_ms,event_entropy,burstiness_score,mouse_events,keyboard_events,scroll_events,human_action_ratio,request_action_ratio,user_session_count,peak_active_sessions,mean_active_sessions,success_rate,failure_rate,retry_rate,reconnect_rate,is_bot,sessions_per_user,cluster_size,multi_session_behavior,cluster_request_rate_std,anomaly_score,anomaly_prediction
session_0020d740c0,user_0001910,multi_session_bot,,1,0,1,0,0,0,0,0,1.7101286772342597,0.5847513191915302,584.7513191915302,0.0,0.0,-0.0,0.0,0.0,,1.584962500721156,1.0,0,0,0,0.0,1.0,5,3526,3525.333333333333,0.0,1.0,0.0,0.0,1,5,0.0,1,,0.0007302668388039502,0
session_0081ee4c1c,user_0002106,stealth_bot,,28,0,28,0,2,0,6,0,0.3919660939570673,71.43475017782248,1661.2732599493595,1238.4338878594108,0.7454727152456314,4.507432777857286,1.1810153034182724,1699.102660515477,2866.548082888901,1.9147425695818123,0.2142857142857142,4418,1387,1957,277.2142857142857,0.0036073177016232,1,4072,4072.0,0.0,1.0,0.0,0.0,1,1,0.0,0,,0.2028114883475377,1
session_0178050749,user_0000940,aggressive_bot,,67,0,67,45,5,0,0,0,3.8927061207645655,17.2116768955681,256.8906999338523,50.42299572365583,0.1962819040807605,1.1946329862086962,0.1977728418788158,92.6444320673107,127.41611240534276,1.738954534404887,0.0149253731343283,0,0,0,0.0,67.0,1,895,895.0,0.0,1.0,0.6716417910447762,0.0,1,1,0.0,0,,0.15074119412405285,1
session_01a8cda01a,user_0001985,multi_session_bot,,1,0,1,0,0,0,0,0,2.248731949475526,0.4446950648045139,444.695064804514,0.0,0.0,-0.0,0.0,0.0,,1.584962500721156,1.0,0,0,0,0.0,1.0,4,3894,3893.3333333333335,0.0,1.0,0.0,0.0,1,4,0.0,1,,0.0065683897632895505,0
session_01abc1321b,user_0001576,multi_session_bot,,1,0,1,1,0,0,0,0,2.0162403424741977,0.4959726174176565,495.9726174176565,0.0,0.0,-0.0,0.0,0.0,0.0,2.0,1.0,0,0,0,0.0,1.0,6,1829,1828.5,0.0,1.0,1.0,0.0,1,6,0.0,1,,0.014592818836441479,0
session_021d257279,user_0002624,adaptive_bot,,25,0,25,0,0,3,0,0,0.8203111074446788,30.47624221239255,923.5224912846228,591.7386689312458,0.6407409397340561,3.821226604916021,0.7116781443486784,691.2103970191729,908.4589145817,1.745362487953009,0.2,1241,578,248,82.68,0.0120948234155781,1,4590,4590.0,0.0,1.0,0.0,0.0984373328933614,1,1,0.0,0,,0.13382942837588097,0
session_0264e694d3,user_0001767,multi_session_bot,,1,0,1,0,0,0,0,0,5.102213146476084,0.1959933799885769,195.99337998857695,0.0,0.0,-0.0,0.0,0.0,,1.584962500721156,1.0,0,0,0,0.0,1.0,7,2811,2810.6666666666665,0.0,1.0,0.0,0.0,1,7,0.0,1,,0.04397841952730863,0
session_02698023aa,user_0001961,multi_session_bot,,1,0,1,0,0,0,0,0,1.112776937686372,0.8986527004047623,898.6527004047623,0.0,0.0,-0.0,0.0,0.0,,1.584962500721156,1.0,0,0,0,0.0,1.0,5,3776,3775.0,0.0,1.0,0.0,0.0,1,5,0.0,1,,-0.005880339830292569,0
session_027d1fad3d,user_0000217,human,,1,0,1,0,2,0,1,2,0.1001626936667191,9.983757059563468,1247.9696324454335,1262.8423335143748,1.0119175184093203,3.0,0.0,0.0,,2.721928094887362,1.0,151,31,45,227.0,0.0044052863436123,1,172,172.0,0.0,1.0,0.0,0.0,0,1,0.0,0,,0.07069724185631243,0
session_0289ba9e02,user_0001722,multi_session_bot,,1,0,1,0,0,0,0,0,1.4576063686784264,0.686056277941948,686.056277941948,0.0,0.0,-0.0,0.0,0.0,,1.584962500721156,1.0,0,0,0,0.0,1.0,4,2571,2570.333333333333,0.0,1.0,0.0,0.0,1,4,0.0,1,,-0.003071120535811378,0
session_02ac56515a,user_0001992,multi_session_bot,,1,0,1,0,0,0,0,0,2.0326689349456046,0.4919640295613415,491.96402956134153,0.0,0.0,-0.0,0.0,0.0,,1.584962500721156,1.0,0,0,0,0.0,1.0,7,3930,3928.3333333333335,0.0,1.0,0.0,0.0,1,7,0.0,1,,0.004478515395067828,0
session_02d2d84adc,user_0000575,aggressive_bot,,62,0,62,48,7,0,0,0,3.85242574199192,16.09375602602596,259.57671009719286,49.24056255570737,0.1896956107397705,1.280601185912695,0.1911829377912098,88.97937555031072,126.96731717109668,1.7915751686797232,0.0,0,0,0,0.0,62.0,1,530,530.0,0.0,1.0,0.7741935483870968,0.0,1,1,0.0,0,,0.15085057721037465,1
session_033314a179,user_0001718,multi_session_bot,,1,0,1,0,0,0,0,0,2.18678585125549,0.4572921483948116,457.2921483948117,0.0,0.0,-0.0,0.0,0.0,,1.584962500721156,1.0,0,0,0,0.0,1.0,7,2550,2548.6666666666665,0.0,1.0,0.0,0.0,1,7,0.0,1,,0.005774288249907333,0
session_033f03dbcd,user_0001959,multi_session_bot,,1,0,1,0,0,0,0,0,1.852913844121696,0.5396905005445692,539.6905005445692,0.0,0.0,-0.0,0.0,0.0,,1.584962500721156,1.0,0,0,0,0.0,1.0,7,3768,3766.6666666666665,0.0,1.0,0.0,0.0,1,7,0.0,1,,0.002820842553775793,0
session_03ae63ed9b,user_0001649,multi_session_bot,,1,0,1,1,0,0,0,0,2.9520049249988807,0.3387528223721981,338.7528223721982,0.0,0.0,-0.0,0.0,0.0,0.0,2.0,1.0,0,0,0,0.0,1.0,5,2190,2189.5,0.0,1.0,1.0,0.0,1,5,0.0,1,,0.02953201754774204,0
session_03d4a2e8f7,user_0002432,stealth_bot,,12,0,12,0,2,0,4,0,0.314584988121551,38.14549470924968,1525.819788369987,1025.6331917910716,0.6721850113680475,3.9132696895151087,0.8653821563856939,1722.1902908428206,2080.736212443396,2.20343844839856,0.0,2065,491,545,258.4166666666667,0.0038697194453402,1,4398,4398.0,0.0,1.0,0.0,0.0,1,1,0.0,0,,0.15934478892199055,1
session_03f5b1a21a,user_0002202,stealth_bot,,9,0,9,0,1,0,2,0,0.4619643569561634,19.48202250775383,1298.8015005169218,750.1077864257475,0.5775384353399694,3.640223928941852,0.7316456318516464,1176.0711623985517,1507.4800643657554,2.091314688649721,0.1111111111111111,792,246,117,128.33333333333334,0.0077922077922077,1,4168,4168.0,0.0,1.0,0.0,0.0,1,1,0.0,0,,0.11678616654136043,0
session_04628cd329,user_0001639,multi_session_bot,,1,0,1,0,0,0,0,0,3.012176105841793,0.3319859015084168,331.9859015084168,0.0,0.0,-0.0,0.0,0.0,,1.584962500721156,1.0,0,0,0,0.0,1.0,4,2143,2142.333333333333,0.0,1.0,0.0,0.0,1,4,0.0,1,,0.022731720297108682,0
session_053544f610,user_0002257,stealth_bot,,22,0,22,0,4,0,3,0,0.3378420006087559,65.11919761414596,1759.978313895837,1235.175794127325,0.7018130759765874,4.347985717495782,0.9522530735196592,1817.9749343445349,2722.134737403774,2.024059283571776,0.3636363636363636,4611,1118,1068,308.95454545454544,0.003236722083272,1,4223,4223.0,0.0,1.0,0.0,0.0,1,1,0.0,0,,0.19866637904809314,1
session_059b474e0c,user_0001858,multi_session_bot,,1,0,1,0,0,0,0,0,2.3967753354142056,0.4172272574839319,417.2272574839319,0.0,0.0,-0.0,0.0,0.0,,1.584962500721156,1.0,0,0,0,0.0,1.0,7,3267,3267.0,0.0,1.0,0.0,0.0,1,7,0.0,1,,0.010438287075737462,0
session_062ddf4dff,user_0000710,aggressive_bot,,33,0,33,24,2,0,0,0,3.784457536701178,8.71987588180612,264.2386630850339,62.76908937514004,0.2375469533576185,1.4108690332089309,0.2386232560916356,92.16546180046755,131.249618093958,1.754544704710551,0.0909090909090909,0,0,0,0.0,33.0,1,665,665.0,0.0,1.0,0.7272727272727273,0.0,1,1,0.0,0,,0.13593438205969366,0
session_067aee9788,user_0002831,adaptive_bot,,43,0,43,0,0,4,0,0,1.0955866214846326,39.2483799608018,754.7765377077271,572.693868241147,0.7587594998387613,3.3600072508958063,0.6866893876188547,433.7258081704322,574.9352186106713,1.611975250601112,0.0232558139534883,998,124,173,30.11627906976744,0.0332046332046332,1,4797,4797.0,0.0,1.0,0.0,0.10191503455671,1,1,0.0,0,,0.13581925154482732,0
session_06a31632e2,user_0001982,multi_session_bot,,1,0,1,0,0,0,0,0,5.129486545485804,0.1949512862803097,194.9512862803097,0.0,0.0,-0.0,0.0,0.0,,1.584962500721156,1.0,0,0,0,0.0,1.0,5,3881,3881.0,0.0,1.0,0.0,0.0,1,5,0.0,1,,0.046966923800552784,0
session_070e70da90,user_0002484,stealth_bot,,21,0,21,0,0,0,4,0,0.5940225824803647,35.35219134652032,1219.0410809144937,902.6063518766568,0.7404232441449343,4.047299098426643,0.6863655491515583,843.0237551851147,1086.0531055711956,1.7414972683105554,0.1428571428571428,2906,991,862,226.6190476190476,0.0044126917419625,1,4450,4450.0,0.0,1.0,0.0,0.0,1,1,0.0,0,,0.15901663546314038,1
session_077c0247ac,user_0000853,aggressive_bot,,54,0,54,41,7,0,0,0,4.005013917006511,13.483099214886504,249.68702249789823,45.03744668484415,0.1803756007592395,1.1822324309040075,0.1814383992144853,85.14141270030164,121.42507459308736,1.8115700044495933,0.037037037037037,0,0,0,0.0,54.0,1,808,808.0,0.0,1.0,0.7592592592592593,0.0,1,1,0.0,0,,0.14844728839758425,0
session_078573dfbb,user_0001750,multi_session_bot,,1,0,1,0,0,0,0,0,3.952743240039101,0.2529888584390085,252.9888584390085,0.0,0.0,-0.0,0.0,0.0,,1.584962500721156,1.0,0,0,0,0.0,1.0,5,2719,2718.6666666666665,0.0,1.0,0.0,0.0,1,5,0.0,1,,0.028194196951973227,0
session_07a455b742,user_0001754,multi_session_bot,,1,0,1,0,0,0,0,0,4.065383195417494,0.2459792722927574,245.9792722927574,0.0,0.0,-0.0,0.0,0.0,,1.584962500721156,1.0,0,0,0,0.0,1.0,7,2747,2745.6666666666665,0.0,1.0,0.0,0.0,1,7,0.0,1,,0.029328123453763677,0
session_07ccbc37aa,user_0000256,human,,1,0,1,0,0,0,0,1,0.4061805048635143,2.461959616540489,615.4899041351224,149.87487131330505,0.2435050035855699,0.8112781244591328,0.0,0.0,,2.2516291673878226,1.0,107,25,22,154.0,0.0064935064935064,1,211,211.0,0.0,1.0,0.0,0.0,0,1,0.0,0,,-0.041258948268184326,0
session_0898db0636,user_0001767,multi_session_bot,,1,0,1,0,0,0,0,0,2.026301085444567,0.4935100746790557,493.5100746790557,0.0,0.0,-0.0,0.0,0.0,,1.584962500721156,1.0,0,0,0,0.0,1.0,7,2811,2811.0,0.0,1.0,0.0,0.0,1,7,0.0,1,,0.004478515395067828,0
session_0912795cd7,user_0002630,adaptive_bot,,33,0,33,0,0,10,0,0,0.7068594238895134,46.68537885286525,1261.7669960233854,1024.0539886581282,0.8116030866915689,4.2497297168633565,0.796083798644374,620.2976127414478,988.8434242500198,1.7207229309521364,0.2121212121212121,623,134,52,24.51515151515152,0.0407911001236094,1,4596,4596.0,0.0,1.0,0.0,0.2141998254210646,1,1,0.0,0,,0.13810727811590195,0
session_0914c623ef,user_0000451,human,,1,0,1,0,0,0,0,0,1.357841071176623,0.7364632144566526,736.4632144566526,0.0,0.0,-0.0,0.0,0.0,,1.584962500721156,1.0,24,0,2,26.0,0.0384615384615384,1,406,406.0,0.0,1.0,0.0,0.0,0,1,0.0,0,,-0.11146691914647111,0
session_099434740b,user_0001101,rapid_retry_bot,,41,0,41,41,0,0,0,0,1.3534664866744477,30.29258604011657,369.4217809770314,163.16735494599934,0.4416830932774486,2.6925388392312763,0.2492262748790832,331.3307723061787,332.815233348103,1.6398503703221632,0.024390243902439,0,0,0,0.0,41.0,1,1056,1056.0,0.0,1.0,1.0,0.0,1,1,0.0,0,,0.10328814696724253,0
session_0a4686848a,user_0000856,aggressive_bot,,31,0,31,21,3,0,0,0,3.85066792861923,8.050551378268539,259.69520575059806,43.24058258557991,0.1665051245771037,0.9629004147713268,0.1636037114440691,92.29626168672648,128.28513206521848,1.797498385222249,0.032258064516129,0,0,0,0.0,31.0,1,811,811.0,0.0,1.0,0.6774193548387096,0.0,1,1,0.0,0,,0.14511825364474162,0
session_0a97c1e426,user_0001631,multi_session_bot,,1,0,1,1,0,0,0,0,2.193381808348004,0.4559169754185083,455.9169754185083,0.0,0.0,-0.0,0.0,0.0,0.0,2.0,1.0,0,0,0,0.0,1.0,4,2100,2099.25,0.0,1.0,1.0,0.0,1,4,0.0,1,,0.016030937377349508,0
session_0c217419e2,user_0001861,multi_session_bot,,1,0,1,0,0,0,0,0,1.0708368994129678,0.9338490301820936,933.8490301820937,0.0,0.0,-0.0,0.0,0.0,,1.584962500721156,1.0,0,0,0,0.0,1.0,3,3279,3278.6666666666665,0.0,1.0,0.0,0.0,1,3,0.0,1,,-0.006251778047650147,0
session_0d8be8da1c,user_0001664,multi_session_bot,,1,0,1,0,0,0,0,0,4.498870845160605,0.2222779969502105,222.2779969502105,0.0,0.0,-0.0,0.0,0.0,,1.584962500721156,1.0,0,0,0,0.0,1.0,6,2268,2267.6666666666665,0.0,1.0,0.0,0.0,1,6,0.0,1,,0.03675351283904604,0
session_0daff2f787,user_0001674,multi_session_bot,,1,0,1,0,0,0,0,0,1.7843142477814198,0.5604393963918518,560.4393963918518,0.0,0.0,-0.0,0.0,0.0,,1.584962500721156,1.0,0,0,0,0.0,1.0,6,2323,2322.0,0.0,1.0,0.0,0.0,1,6,0.0,1,,0.0019565527411395944,0
session_0dff75faf6,user_0001910,multi_session_bot,,1,0,1,0,0,0,0,0,2.11706147482088,0.4723528399592684,472.3528399592684,0.0,0.0,-0.0,0.0,0.0,,1.584962500721156,1.0,0,0,0,0.0,1.0,5,3526,3525.0,0.0,1.0,0.0,0.0,1,5,0.0,1,,0.005408564026619267,0
session_0e1a1bc6e1,user_0001723,multi_session_bot,,1,0,1,1,0,0,0,0,2.444710603196464,0.4090463708434438,409.0463708434438,0.0,0.0,-0.0,0.0,0.0,0.0,2.0,1.0,0,0,0,0.0,1.0,5,2576,2576.0,0.0,1.0,1.0,0.0,1,5,0.0,1,,0.019983619280058207,0
session_0e4108dc1f,user_0000009,human,,8,8,0,0,1,0,7,2,0.2345349592061958,34.11005347380493,1705.5026736902462,1623.5129582631307,0.9519263635924348,4.021928094887363,0.884111384740331,0.0,0.0,2.5185077804617446,0.25,698,168,239,138.125,0.0072398190045248,1,1,1.0,1.0,0.0,0.0,0.0,0,1,0.0,0,,0.10114661516423717,0
session_0e73bafca3,user_0001730,multi_session_bot,,1,0,1,0,0,0,0,0,2.075009198183268,0.4819255745350574,481.9255745350574,0.0,0.0,-0.0,0.0,0.0,,1.584962500721156,1.0,0,0,0,0.0,1.0,6,2612,2610.6666666666665,0.0,1.0,0.0,0.0,1,6,0.0,1,,0.00485368394474206,0
session_0e844401b9,user_0001213,rapid_retry_bot,,35,0,35,35,0,0,0,0,1.4578758638825766,24.0075310025292,342.96472860756,153.8932889071577,0.448714623022507,2.5367953006383352,0.2653872791499749,304.26469701444216,308.2624262948416,1.647026900042242,0.0857142857142857,0,0,0,0.0,35.0,1,1168,1168.0,0.0,1.0,1.0,0.0,1,1,0.0,0,,0.09856536314582232,0
session_0ebfcfc368,user_0001993,multi_session_bot,,1,0,1,0,0,0,0,0,2.674888219759177,0.3738473976643521,373.8473976643521,0.0,0.0,-0.0,0.0,0.0,,1.584962500721156,1.0,0,0,0,0.0,1.0,3,3933,3932.3333333333335,0.0,1.0,0.0,0.0,1,3,0.0,1,,0.015261057966090341,0
session_0ec280d218,user_0001985,multi_session_bot,,1,0,1,1,0,0,0,0,1.5356621172581308,0.651184911551679,651.184911551679,0.0,0.0,-0.0,0.0,0.0,0.0,2.0,1.0,0,0,0,0.0,1.0,4,3894,3894.0,0.0,1.0,1.0,0.0,1,4,0.0,1,,0.009576595297550283,0
session_0eca8c3081,user_0001561,multi_session_bot,,1,0,1,0,0,0,0,0,2.437468931784712,0.4102616394243848,410.2616394243849,0.0,0.0,-0.0,0.0,0.0,,1.584962500721156,1.0,0,0,0,0.0,1.0,7,1761,1761.0,0.0,1.0,0.0,0.0,1,7,0.0,1,,0.010749966641508513,0
session_0ee9f28af4,user_0001614,multi_session_bot,,1,0,1,0,0,0,0,0,1.7646094203379492,0.5666976433847242,566.6976433847242,0.0,0.0,-0.0,0.0,0.0,,1.584962500721156,1.0,0,0,0,0.0,1.0,4,2015,2014.6666666666667,0.0,1.0,0.0,0.0,1,4,0.0,1,,0.0018063490582003183,0
session_0f5748ead2,user_0001679,multi_session_bot,,1,0,1,0,0,0,0,0,3.1721446767248205,0.3152441335155246,315.2441335155246,0.0,0.0,-0.0,0.0,0.0,,1.584962500721156,1.0,0,0,0,0.0,1.0,3,2347,2346.333333333333,0.0,1.0,0.0,0.0,1,3,0.0,1,,0.02375472998431194,0
session_0f859b707f,user_0001859,multi_session_bot,,1,0,1,0,0,0,0,0,2.3464110462613297,0.4261827873651366,426.1827873651366,0.0,0.0,-0.0,0.0,0.0,,1.584962500721156,1.0,0,0,0,0.0,1.0,3,3270,3269.6666666666665,0.0,1.0,0.0,0.0,1,3,0.0,1,,0.009954168018573184,0
session_0fc1d50c10,user_0001781,multi_session_bot,,1,0,1,0,0,0,0,0,1.8009641567479722,0.5552581356231514,555.2581356231514,0.0,0.0,-0.0,0.0,0.0,,1.584962500721156,1.0,0,0,0,0.0,1.0,4,2881,2880.0,0.0,1.0,0.0,0.0,1,4,0.0,1,,0.0019565527411395944,0
session_0fdb8db1f8,user_0000870,aggressive_bot,,59,0,59,45,4,0,0,0,3.75973231416332,15.6926065660953,265.97638247619153,53.239520867229565,0.2001663469950954,1.333032694044585,0.2019489613391555,92.84954566191396,131.00628386236517,1.7418098682577328,0.0169491525423728,0,0,0,0.0,59.0,1,825,825.0,0.0,1.0,0.7627118644067796,0.0,1,1,0.0,0,,0.15031515414290708,1
session_0ff4a19419,user_0000650,aggressive_bot,,71,0,71,56,3,0,0,0,3.96189633535058,17.92071119238847,252.4043829913869,61.35429135116712,0.2430793420622207,1.4093170738820195,0.2439917027499915,88.48973486783925,126.308712950403,1.70162309608321,0.0140845070422535,0,0,0,0.0,71.0,1,605,605.0,0.0,1.0,0.7887323943661971,0.0,1,1,0.0,0,,0.15148869078949168,1
session_1071fec1c8,user_0001063,rapid_retry_bot,,51,0,51,51,0,0,0,0,1.310794752123878,38.907693151322746,381.4479720717917,153.12961493888957,0.4014429913132931,2.535544774248857,0.2303072539691113,348.2261671835335,339.2148298775492,1.6311951295154286,0.0196078431372549,0,0,0,0.0,51.0,1,1018,1018.0,0.0,1.0,1.0,0.0,1,1,0.0,0,,0.1039335738667514,0
session_11049301c6,user_0001905,multi_session_bot,,1,0,1,0,0,0,0,0,2.746696334044102,0.3640737374588652,364.0737374588652,0.0,0.0,-0.0,0.0,0.0,,1.584962500721156,1.0,0,0,0,0.0,1.0,5,3503,3502.6666666666665,0.0,1.0,0.0,0.0,1,5,0.0,1,,0.01737951461053111,0
session_114c183341,user_0001680,multi_session_bot,,1,0,1,0,0,0,0,0,3.399864746545909,0.2941293476500644,294.12934765006446,0.0,0.0,-0.0,0.0,0.0,,1.584962500721156,1.0,0,0,0,0.0,1.0,5,2352,2351.333333333333,0.0,1.0,0.0,0.0,1,5,0.0,1,,0.024432245080599047,0
session_118111929a,user_0001807,multi_session_bot,,1,0,1,0,0,0,0,0,1.4054943848281407,0.7114934152670249,711.493415267025,0.0,0.0,-0.0,0.0,0.0,,1.584962500721156,1.0,0,0,0,0.0,1.0,3,3009,3009.0,0.0,1.0,0.0,0.0,1,3,0.0,1,,-0.002472877782499827,0
session_11bf325dd3,user_0000107,human,,1,0,1,0,0,0,0,0,0.6962419784856937,1.4362822566013205,1436.2822566013203,0.0,0.0,-0.0,0.0,0.0,,1.584962500721156,1.0,8,0,0,8.0,0.125,1,62,62.0,0.0,1.0,0.0,0.0,0,1,0.0,0,,-0.1389533534982792,0
session_123d135387,user_0001741,multi_session_bot,,1,0,1,1,0,0,0,0,1.7874778958670323,0.5594474775392626,559.4474775392626,0.0,0.0,-0.0,0.0,0.0,0.0,2.0,1.0,0,0,0,0.0,1.0,7,2671,2669.75,0.0,1.0,1.0,0.0,1,7,0.0,1,,0.01212180446739164,0
session_1268dd17c3,user_0000873,aggressive_bot,,61,0,61,45,5,0,0,0,3.943804933394053,15.46729643839235,253.56223669495657,47.42872561149938,0.187049642051224,1.173589412323443,0.1861506338415799,89.26753277030411,124.9816121978258,1.7566340947353123,0.0163934426229508,0,0,0,0.0,61.0,1,828,828.0,0.0,1.0,0.7377049180327869,0.0,1,1,0.0,0,,0.1495728946865097,0
session_12e5605243,user_0001561,multi_session_bot,,1,0,1,1,0,0,0,0,1.5186199948933787,0.6584925810029317,658.4925810029317,0.0,0.0,-0.0,0.0,0.0,0.0,2.0,1.0,0,0,0,0.0,1.0,7,1761,1760.75,0.0,1.0,1.0,0.0,1,7,0.0,1,,0.009346798759937713,0
session_12e6bd6e70,user_0000743,aggressive_bot,,73,0,73,49,8,0,0,0,3.772567090611043,19.350219160231337,265.0714953456347,50.58267100212117,0.1908265199778079,1.3204236355806525,0.1914959163446555,94.61455928982846,131.03115335688028,1.77617451864734,0.0136986301369863,0,0,0,0.0,73.0,1,698,698.0,0.0,1.0,0.6712328767123288,0.0,1,1,0.0,0,,0.14982388912194455,0
session_1330fd310d,user_0002193,stealth_bot,,16,0,16,0,3,0,2,0,0.382590887820976,41.82012826057375,1672.80513042295,1213.554962375635,0.7254610476169457,3.863465189601647,0.7518236058794854,1668.8230467363967,2141.520644214036,1.9933915298701064,0.375,2206,526,379,194.4375,0.0051430408228865,1,4159,4159.0,0.0,1.0,0.0,0.0,1,1,0.0,0,,0.16203411507901377,1
session_133e340e76,user_0001886,multi_session_bot,,1,0,1,0,0,0,0,0,1.13565955125688,0.8805455815462125,880.5455815462126,0.0,0.0,-0.0,0.0,0.0,,1.584962500721156,1.0,0,0,0,0.0,1.0,7,3412,3410.6666666666665,0.0,1.0,0.0,0.0,1,7,0.0,1,,-0.005991765465003296,0
session_1358f4646f,user_0000927,aggressive_bot,,58,0,58,37,2,0,0,0,3.918208656571684,14.802682828726196,255.2186694607965,54.32135022998755,0.2128423847077994,1.287414072190193,0.214685325654248,94.4707826475802,128.08420101050447,1.681071642175905,0.0344827586206896,0,0,0,0.0,58.0,1,882,882.0,0.0,1.0,0.6379310344827587,0.0,1,1,0.0,0,,0.13951062650866453,0
session_13fe3cbfba,user_0000763,aggressive_bot,,50,0,50,40,6,0,0,0,4.183683615665629,11.951190528073653,239.02381056147303,40.75958855967637,0.1705252228383902,0.9895875212220556,0.1719276421387886,80.5953108272335,115.70038370521068,1.80666201982076,0.0,0,0,0,0.0,50.0,1,718,718.0,0.0,1.0,0.8,0.0,1,1,0.0,0,,0.15006473627583095,1
session_140280a8a8,user_0001905,multi_session_bot,,1,0,1,0,0,0,0,0,2.7076257335391367,0.36932726248428,369.32726248428,0.0,0.0,-0.0,0.0,0.0,,1.584962500721156,1.0,0,0,0,0.0,1.0,5,3503,3503.0,0.0,1.0,0.0,0.0,1,5,0.0,1,,0.016170272754750026,0
session_1405a39d38,user_0001590,multi_session_bot,,1,0,1,0,0,0,0,0,1.2004920725697914,0.832991756338203,832.991756338203,0.0,0.0,-0.0,0.0,0.0,,1.584962500721156,1.0,0,0,0,0.0,1.0,6,1905,1903.3333333333333,0.0,1.0,0.0,0.0,1,6,0.0,1,,-0.004530733081763771,0
session_1492a452b4,user_0002530,adaptive_bot,,54,0,54,0,0,5,0,0,1.1604787011824085,46.53252140257254,738.6114508344848,732.361333364927,0.9915380170961384,3.4380703965348047,0.9856338063057732,457.9914707311463,768.6768927853752,1.5631094994768642,0.074074074074074,2481,720,504,68.61111111111111,0.0145748987854251,1,4496,4496.0,0.0,1.0,0.0,0.1074517315909637,1,1,0.0,0,,0.15506768405094207,1
session_1566252d49,user_0001614,multi_session_bot,,1,0,1,0,0,0,0,0,2.395317164704908,0.4174812483019114,417.4812483019114,0.0,0.0,-0.0,0.0,0.0,,1.584962500721156,1.0,0,0,0,0.0,1.0,4,2015,2014.0,0.0,1.0,0.0,0.0,1,4,0.0,1,,0.010438287075737462,0
session_15bc157531,user_0000962,aggressive_bot,,50,0,50,34,4,0,0,0,3.996908086688354,12.50966970357019,250.1933940714038,54.84765322233491,0.219221028700229,1.237477624140946,0.2182849463541916,89.879311956796,125.29459845383764,1.7566435505653493,0.0,0,0,0,0.0,50.0,1,917,917.0,0.0,1.0,0.68,0.0,1,1,0.0,0,,0.14872021468398,0
session_15f8eea5e5,user_0002658,adaptive_bot,,24,0,24,0,0,1,0,0,1.2877041560678923,18.637821340334817,690.2896792716599,537.3212127101488,0.7783996035940859,3.1262145965695023,0.8295934877670722,400.35830458658666,646.8790829642039,1.485786727454162,0.0833333333333333,179,88,64,13.791666666666666,0.0725075528700906,1,4624,4624.0,0.0,1.0,0.0,0.0536543398361621,1,1,0.0,0,,0.12831789121562942,0
session_15fa010915,user_0001995,multi_session_bot,,1,0,1,1,0,0,0,0,1.8044582269179323,0.5541829592298345,554.1829592298345,0.0,0.0,-0.0,0.0,0.0,0.0,2.0,1.0,0,0,0,0.0,1.0,5,3942,3942.0,0.0,1.0,1.0,0.0,1,5,0.0,1,,0.012439393654331887,0
session_1600ad9256,user_0002153,stealth_bot,,27,0,27,0,3,0,2,0,0.7081652809787238,38.126692631251984,1155.3543221591508,928.3227552083712,0.8034961547324303,3.858957286668643,0.9736843902505766,769.8204936923555,1187.5576674036251,1.610756802825333,0.037037037037037,3430,1019,925,199.03703703703704,0.0050241905470785,1,4119,4119.0,0.0,1.0,0.0,0.0,1,1,0.0,0,,0.18215328390687524,1
session_161c4e2384,user_0001999,multi_session_bot,,1,0,1,1,0,0,0,0,2.6474944902659714,0.3777156113739592,377.7156113739592,0.0,0.0,-0.0,0.0,0.0,0.0,2.0,1.0,0,0,0,0.0,1.0,7,3965,3965.0,0.0,1.0,1.0,0.0,1,7,0.0,1,,0.023871148045994883,0
session_16653f2088,user_0001783,multi_session_bot,,1,0,1,0,0,0,0,0,1.5749262525171872,0.634950365708687,634.9503657086871,0.0,0.0,-0.0,0.0,0.0,,1.584962500721156,1.0,0,0,0,0.0,1.0,5,2893,2891.6666666666665,0.0,1.0,0.0,0.0,1,5,0.0,1,,-0.0014535664353372835,0
session_168ba38932,user_0001054,rapid_retry_bot,,40,0,40,40,0,0,0,0,1.2961926793311025,30.85960956101212,385.7451195126515,152.77704086064597,0.3960569638668759,2.5559403452207023,0.2362805941890109,349.6502783005185,340.5212145771942,1.6409180192044832,0.0,0,0,0,0.0,40.0,1,1009,1009.0,0.0,1.0,1.0,0.0,1,1,0.0,0,,0.10374894482819763,0
session_17548c7079,user_0002732,adaptive_bot,,57,0,57,0,0,6,0,0,0.9789389571840392,58.22630673925063,924.2270910992164,871.3722757661704,0.9428118740057884,3.817852484022918,0.9515312806553324,492.885736359019,827.1495797784877,1.5086137291073274,0.3333333333333333,2363,776,469,63.29824561403509,0.0157982261640798,1,4698,4698.0,0.0,1.0,0.0,0.1030462060193725,1,1,0.0,0,,0.15513141525498042,1
session_17747c407c,user_0001480,rapid_retry_bot,,30,0,30,30,0,0,0,0,1.383232423759333,21.688329079552915,361.4721513258818,148.76924037573963,0.4115648738915383,2.4243621055993345,0.2020245430118526,322.8018942347288,320.3767619906724,1.654825919267194,0.0,0,0,0,0.0,30.0,1,1435,1435.0,0.0,1.0,1.0,0.0,1,1,0.0,0,,0.09679747601844857,0
session_17cde0030b,user_0001863,multi_session_bot,,1,0,1,0,0,0,0,0,2.565421992195657,0.3897994182018118,389.7994182018118,0.0,0.0,-0.0,0.0,0.0,,1.584962500721156,1.0,0,0,0,0.0,1.0,5,3287,3286.0,0.0,1.0,0.0,0.0,1,5,0.0,1,,0.01229501875209471,0
session_17dec49f6c,user_0001750,multi_session_bot,,1,0,1,1,0,0,0,0,1.634129034461808,0.6119467795450712,611.9467795450712,0.0,0.0,-0.0,0.0,0.0,0.0,2.0,1.0,0,0,0,0.0,1.0,5,2719,2719.0,0.0,1.0,1.0,0.0,1,5,0.0,1,,0.010174231063401207,0
session_17f5efb883,user_0001900,multi_session_bot,,1,0,1,0,0,0,0,0,3.087386643942388,0.3238985314528233,323.8985314528233,0.0,0.0,-0.0,0.0,0.0,,1.584962500721156,1.0,0,0,0,0.0,1.0,6,3480,3479.0,0.0,1.0,0.0,0.0,1,6,0.0,1,,0.023282455995403573,0
session_1800a0ec1c,user_0002319,stealth_bot,,19,0,19,0,3,0,7,0,0.4651671775882143,40.84553019950949,1408.4665586037756,1050.382613176909,0.7457632605904124,4.297130563869282,0.6464805312448864,1087.1657430234543,1355.567396948224,1.8223094876371888,0.0526315789473684,2494,932,704,217.3684210526316,0.0046004842615012,1,4285,4285.0,0.0,1.0,0.0,0.0,1,1,0.0,0,,0.18052885107628303,1
session_1811f1d9ee,user_0001637,multi_session_bot,,1,0,1,0,0,0,0,0,2.184284418748071,0.4578158372677276,457.8158372677276,0.0,0.0,-0.0,0.0,0.0,,1.584962500721156,1.0,0,0,0,0.0,1.0,7,2134,2134.0,0.0,1.0,0.0,0.0,1,7,0.0,1,,0.005774288249907333,0
session_1819b37e00,user_0000041,human,,23,22,1,0,3,0,4,1,0.3838442254293218,59.92014071404871,1393.4916445127608,1181.8781076035116,0.8481415100388057,4.189956395196745,0.7671283922631881,15970.1994797058,10096.84373917918,2.2944649278657923,0.217391304347826,9410,2617,1131,572.0869565217391,0.0017479860161118,1,1,1.0,0.9565217391304348,0.0434782608695652,0.0,0.0,0,1,0.0,0,,0.1983113327992544,1
session_18457f53c9,user_0002926,adaptive_bot,,44,0,44,0,0,2,0,0,1.2491371206228703,35.22431546831289,704.4863093662577,528.7453626281865,0.7505402952455323,3.2536189955464963,0.7788665899626949,399.533514221968,568.172634929627,1.4665132809045598,0.0909090909090909,1665,607,283,58.06818181818182,0.0172211350293542,1,4892,4892.0,0.0,1.0,0.0,0.0567789600283122,1,1,0.0,0,,0.1394179245044359,0
session_1863eb44f2,user_0000038,human,,22,22,0,0,1,0,5,4,0.4106851107566769,53.56902264965379,1447.8114229636158,1166.4413670036104,0.8056583533620343,4.131769501279567,0.6478942469944206,0.0,0.0,2.2023066462692027,0.0,5919,1944,1459,423.7272727272728,0.0023600085818493,1,1,1.0,1.0,0.0,0.0,0.0,0,1,0.0,0,,0.1444228586604298,0
session_18fbd0d988,user_0000996,aggressive_bot,,42,0,42,32,1,0,0,0,3.742353833309646,11.222883209537732,267.2115049889936,43.15507028706736,0.1615015427155537,1.0872033369264704,0.1610972340067124,93.97955686700396,130.19610244592113,1.688112002637978,0.0476190476190476,0,0,0,0.0,42.0,1,951,951.0,0.0,1.0,0.7619047619047619,0.0,1,1,0.0,0,,0.12008282799944525,0
session_192ef44433,user_0002243,stealth_bot,,21,0,21,0,0,0,6,0,0.362380556212788,57.950129056231454,1756.0645168554986,1607.5440641913867,0.9154242619000922,4.233639952626228,0.9427670080583463,1671.50422066871,2277.735243605991,1.8632345905180812,0.0476190476190476,3459,779,692,234.7619047619048,0.0042596348884381,1,4209,4209.0,0.0,1.0,0.0,0.0,1,1,0.0,0,,0.1802032751909255,1
session_193317fc01,user_0001533,multi_session_bot,,1,0,1,0,0,0,0,0,1.2729368545237174,0.7855849223362775,785.5849223362775,0.0,0.0,-0.0,0.0,0.0,,1.584962500721156,1.0,0,0,0,0.0,1.0,7,1615,1614.0,0.0,1.0,0.0,0.0,1,7,0.0,1,,-0.002177307264531081,0
session_195ad423e3,user_0002501,adaptive_bot,,23,0,23,0,0,3,0,0,0.9691189183271952,23.73289754749655,818.3757774998812,638.996806721999,0.7808109969653784,3.443513753449853,0.6770822302416993,483.8077238883462,673.4073093472152,1.729702913394872,0.217391304347826,708,175,236,48.65217391304348,0.0205540661304736,1,4467,4467.0,0.0,1.0,0.0,0.126406815433982,1,1,0.0,0,,0.1287073988104691,0
session_1971d64c8a,user_0001999,multi_session_bot,,1,0,1,0,0,0,0,0,0.9360413759847636,1.0683288427799986,1068.3288427799987,0.0,0.0,-0.0,0.0,0.0,,1.584962500721156,1.0,0,0,0,0.0,1.0,7,3965,3963.0,0.0,1.0,0.0,0.0,1,7,0.0,1,,-0.0092919730053041,0
session_1a487e0f8b,user_0001017,rapid_retry_bot,,43,0,43,43,0,0,0,0,1.3765838151197802,31.236746740523355,363.2179853549228,135.06770733222956,0.3718640397177649,2.420351471480396,0.2484391022325274,333.0065113914206,324.2294135148863,1.6378435564394496,0.0697674418604651,0,0,0,0.0,43.0,1,972,972.0,0.0,1.0,1.0,0.0,1,1,0.0,0,,0.10177125280153998,0
session_1a8749ce2d,user_0001694,multi_session_bot,,1,0,1,1,0,0,0,0,1.496199354227963,0.6683601334101623,668.3601334101623,0.0,0.0,-0.0,0.0,0.0,0.0,2.0,1.0,0,0,0,0.0,1.0,6,2421,2420.25,0.0,1.0,1.0,0.0,1,6,0.0,1,,0.007892446226003602,0
session_1a985658cb,user_0001251,rapid_retry_bot,,52,0,52,52,0,0,0,0,1.4222674398494362,36.56133758184383,351.55132290234445,148.32771645472434,0.4219233630815478,2.4775027725815004,0.2428797659047812,318.90289469110087,315.4216695046568,1.6304895639871022,0.0384615384615384,0,0,0,0.0,52.0,1,1206,1206.0,0.0,1.0,1.0,0.0,1,1,0.0,0,,0.10247234604290034,0
session_1aca6f1042,user_0001561,multi_session_bot,,1,0,1,0,0,0,0,0,1.315309043537335,0.7602775978112669,760.2775978112669,0.0,0.0,-0.0,0.0,0.0,,1.584962500721156,1.0,0,0,0,0.0,1.0,7,1761,1759.3333333333333,0.0,1.0,0.0,0.0,1,7,0.0,1,,-0.0024534831968482385,0
session_1acc1da854,user_0001781,multi_session_bot,,1,0,1,0,0,0,0,0,1.2757214556121057,0.7838701744811439,783.870174481144,0.0,0.0,-0.0,0.0,0.0,,1.584962500721156,1.0,0,0,0,0.0,1.0,4,2881,2880.333333333333,0.0,1.0,0.0,0.0,1,4,0.0,1,,-0.002177307264531081,0
session_1acfd4003c,user_0000182,human,,1,0,1,0,0,0,0,0,0.7951381836639765,1.257643036826663,1257.6430368266626,0.0,0.0,-0.0,0.0,0.0,,1.584962500721156,1.0,16,4,2,22.0,0.0454545454545454,1,137,137.0,0.0,1.0,0.0,0.0,0,1,0.0,0,,-0.14557056277156288,0
session_1b0050a62c,user_0002631,adaptive_bot,,34,0,34,0,0,3,0,0,1.0624574861357092,32.00128046879528,711.1395659732284,427.1117906320092,0.6006019227006254,3.4580076858258577,0.7660223588664242,549.4911403630903,712.4371670054759,1.691230895055397,0.1176470588235294,2707,703,304,109.23529411764706,0.0091545503500269,1,4597,4597.0,0.0,1.0,0.0,0.0937462487766802,1,1,0.0,0,,0.1402919524607643,0
session_1b15647dde,user_0000603,aggressive_bot,,39,0,39,31,4,0,0,0,4.169098577332306,9.35454014257323,239.86000365572377,38.51502924535138,0.1605729536327066,0.97663491144401,0.1617950862254099,81.10006127236512,115.9124608516829,1.7991930080836145,0.0769230769230769,0,0,0,0.0,39.0,1,558,558.0,0.0,1.0,0.7948717948717948,0.0,1,1,0.0,0,,0.1473565152521753,0
session_1b3779e098,user_0002924,adaptive_bot,,49,0,49,0,0,11,0,0,1.0398353077183302,47.12284689343621,826.7166121655475,778.9625217543532,0.9422364451028696,3.41020847342232,0.9640215734712102,471.1891326305922,813.9262585433818,1.6936997228508184,0.0612244897959183,2913,853,440,85.83673469387755,0.0116500237755587,1,4890,4890.0,0.0,1.0,0.0,0.2334324160184006,1,1,0.0,0,,0.1559290786737484,1
session_1b456c0024,user_0001533,multi_session_bot,,1,0,1,0,0,0,0,0,2.282302592266293,0.4381539956132699,438.15399561327,0.0,0.0,-0.0,0.0,0.0,,1.584962500721156,1.0,0,0,0,0.0,1.0,7,1615,1613.6666666666667,0.0,1.0,0.0,0.0,1,7,0.0,1,,0.0065683897632895505,0
session_1b76bbb4e1,user_0002575,adaptive_bot,,38,0,38,0,0,2,0,0,1.093240566738518,34.75904677903237,827.5963518817229,680.6041875650221,0.8223866453948454,3.630646449396841,0.8698511584868692,439.63402464127057,678.7514527896201,1.4492262865070151,0.1578947368421052,439,305,231,25.657894736842103,0.0389743589743589,1,4541,4541.0,0.0,1.0,0.0,0.057538977196764,1,1,0.0,0,,0.13832609271480634,0
session_1bd1caec65,user_0002226,stealth_bot,,15,0,15,0,1,0,4,0,0.3649802732583442,41.09811159405467,1712.4213164189448,1116.602601403072,0.652060676129714,3.970175521464345,0.6171186939030746,1614.845568088859,1846.551631775821,1.9917601481809732,0.0666666666666666,1841,785,475,206.7333333333333,0.0048371493066752,1,4192,4192.0,0.0,1.0,0.0,0.0,1,1,0.0,0,,0.15041768168984382,1
session_1c681e27b8,user_0001674,multi_session_bot,,1,0,1,0,0,0,0,0,1.895327117448253,0.5276134081521167,527.6134081521167,0.0,0.0,-0.0,0.0,0.0,,1.584962500721156,1.0,0,0,0,0.0,1.0,6,2323,2323.0,0.0,1.0,0.0,0.0,1,6,0.0,1,,0.00276882059527217,0
session_1c85b05827,user_0001379,rapid_retry_bot,,30,0,30,30,0,0,0,0,1.4041279801204618,21.365573811460024,356.0928968576672,143.82600566960153,0.4039002376593032,2.410744187169744,0.2440470046903416,321.98455625054504,315.57076486448926,1.654825919267194,0.0666666666666666,0,0,0,0.0,30.0,1,1334,1334.0,0.0,1.0,1.0,0.0,1,1,0.0,0,,0.09766195724724258,0
session_1cae59af7a,user_0001959,multi_session_bot,,1,0,1,1,0,0,0,0,1.6852190255165729,0.5933946774031158,593.3946774031158,0.0,0.0,-0.0,0.0,0.0,0.0,2.0,1.0,0,0,0,0.0,1.0,7,3768,3767.75,0.0,1.0,1.0,0.0,1,7,0.0,1,,0.011023601606892086,0
session_1d1c0dd821,user_0001328,rapid_retry_bot,,53,0,53,53,0,0,0,0,1.312096005154276,40.39338569113947,381.0696763315044,169.50712040433504,0.4448192310554658,2.6590835285608385,0.2587844078076918,343.4964249695857,345.38189736692027,1.629807143165183,0.0188679245283018,0,0,0,0.0,53.0,1,1283,1283.0,0.0,1.0,1.0,0.0,1,1,0.0,0,,0.10474512507036426,0
session_1d599c357a,user_0001986,multi_session_bot,,1,0,1,0,0,0,0,0,1.0485304034114415,0.9537157880653286,953.7157880653286,0.0,0.0,-0.0,0.0,0.0,,1.584962500721156,1.0,0,0,0,0.0,1.0,4,3898,3897.6666666666665,0.0,1.0,0.0,0.0,1,4,0.0,1,,-0.006251778047650147,0
session_1d6c069952,user_0000328,human,,1,0,1,0,0,0,0,0,0.4275817172912453,2.338734233856062,1169.367116928031,93.92860925340926,0.0803243120947021,1.0,0.0,0.0,,2.0,1.0,37,7,3,47.0,0.0212765957446808,1,283,283.0,0.0,1.0,0.0,0.0,0,1,0.0,0,,-0.1363406494769086,0
session_1db55fa8fe,user_0001319,rapid_retry_bot,,37,0,37,37,0,0,0,0,1.3432528412187803,27.545074809913373,372.23074067450506,131.4342796066695,0.3530989390304048,2.380906957465575,0.2229622462217782,347.26776858407595,324.9783822837148,1.6444145329074842,0.027027027027027,0,0,0,0.0,37.0,1,1274,1274.0,0.0,1.0,1.0,0.0,1,1,0.0,0,,0.0980022103899586,0
session_1dbfc10833,user_0001577,multi_session_bot,,1,0,1,0,0,0,0,0,2.1083094198197254,0.4743136802403068,474.3136802403069,0.0,0.0,-0.0,0.0,0.0,,1.584962500721156,1.0,0,0,0,0.0,1.0,5,1834,1833.3333333333333,0.0,1.0,0.0,0.0,1,5,0.0,1,,0.00485368394474206,0
session_1dc498d93f,user_0002815,adaptive_bot,,51,0,51,0,0,7,0,0,1.0904862494190248,46.76812754601089,742.3512308890618,652.5252987062868,0.8789980693166,3.5868182528809545,0.9864488336388898,494.93241442338143,789.4995815524629,1.6745207855616595,0.0980392156862745,6183,1335,1127,169.50980392156862,0.0058993637941006,1,4781,4781.0,0.0,1.0,0.0,0.1496745832535916,1,1,0.0,0,,0.18223624978684227,1
session_1e2365e7d2,user_0000193,human,,1,0,1,0,0,0,0,0,0.3605200531104176,2.773770810728597,1386.8854053642983,821.2115181766524,0.5921264402958669,1.0,0.0,0.0,,2.0,1.0,10,12,5,27.0,0.037037037037037,1,148,148.0,0.0,1.0,0.0,0.0,0,1,0.0,0,,-0.12053567302674312,0
session_1ebc8fe03a,user_0000715,aggressive_bot,,76,0,76,52,7,0,0,0,3.9247798207290767,19.36414358802988,254.79136300039303,50.76932216916595,0.1992584111616359,1.147196038065934,0.1979672985915687,91.29015817588224,126.45820450045144,1.757357568519968,0.0,0,0,0,0.0,76.0,1,670,670.0,0.0,1.0,0.6842105263157895,0.0,1,1,0.0,0,,0.15002569472170035,1
session_1f0fa2734b,user_0000330,human,,1,0,1,0,0,0,1,1,0.5996104237993886,1.667749525873102,555.9165086243673,187.6319166486254,0.3375181591799214,0.9182958340544896,0.0,0.0,,2.321928094887362,1.0,33,10,10,53.0,0.0188679245283018,1,285,285.0,0.0,1.0,0.0,0.0,0,1,0.0,0,,-0.0936789395197945,0
session_1f18405689,user_0002146,stealth_bot,,11,0,11,0,0,0,2,0,0.4666820529141018,23.570651434553184,1473.165714659574,848.7330385330573,0.5761286935252811,3.2806390622295662,0.3278184319743754,1170.2437387314385,1210.316534940041,1.847984096622461,0.0909090909090909,1315,560,169,185.8181818181818,0.0053816046966731,1,4112,4112.0,0.0,1.0,0.0,0.0,1,1,0.0,0,,0.11903001012319325,0
session_1f297b9156,user_0000898,aggressive_bot,,32,0,32,25,2,0,0,0,3.640270325955627,8.7905559572968,274.704873665525,52.15780159546391,0.1898684974150483,1.291100274797962,0.1883581031445323,95.2197914043558,135.62623216185702,1.7616445131834464,0.0625,0,0,0,0.0,32.0,1,853,853.0,0.0,1.0,0.78125,0.0,1,1,0.0,0,,0.13656983311363935,0
session_1f78c6bbe3,user_0000060,human,,1,0,1,0,0,0,0,0,0.8592466585171803,1.1638101703249224,1163.8101703249224,0.0,0.0,-0.0,0.0,0.0,,1.584962500721156,1.0,4,0,0,4.0,0.25,1,15,15.0,0.0,1.0,0.0,0.0,0,1,0.0,0,,-0.09829858250937684,0
session_1fcd5a9d66,user_0001234,rapid_retry_bot,,36,0,36,36,0,0,0,0,1.2986406422527623,27.721294735971384,385.017982444047,172.54128362129254,0.4481382467541427,2.668295834054489,0.1950717685638394,339.0483106249112,341.94926908941625,1.645689827935002,0.0555555555555555,0,0,0,0.0,36.0,1,1189,1189.0,0.0,1.0,1.0,0.0,1,1,0.0,0,,0.09831954696609746,0
session_2027f574ad,user_0000891,aggressive_bot,,76,0,76,59,3,0,0,0,3.896884280025656,19.50276029225575,256.61526700336515,55.571917091318745,0.216557330124049,1.280876303915664,0.2169715441350423,90.52734420660084,127.47997429259452,1.6946309451339387,0.0526315789473684,0,0,0,0.0,76.0,1,846,846.0,0.0,1.0,0.7763157894736842,0.0,1,1,0.0,0,,0.15017568052397556,1
session_2028ccc732,user_0001375,rapid_retry_bot,,53,0,53,53,0,0,0,0,1.384280631091804,38.287034297516726,361.19843676902576,163.2508241448156,0.4519699077468848,2.5578462736458247,0.268065793353254,325.9702724686238,329.89850109921633,1.629807143165183,0.0188679245283018,0,0,0,0.0,53.0,1,1330,1330.0,0.0,1.0,1.0,0.0,1,1,0.0,0,,0.10315210347391912,0
session_209debea9a,user_0002779,adaptive_bot,,58,0,58,0,0,3,0,0,1.2848690144913844,45.14078816272125,654.2143211988587,352.170531969326,0.5383106430992944,3.1720515958727686,0.7383491510727992,441.6886685749629,610.733648000496,1.519419713430793,0.1034482758620689,2247,479,657,58.32758620689656,0.0171445462607153,1,4745,4745.0,0.0,1.0,0.0,0.0664587421288647,1,1,0.0,0,,0.14189630667490583,0
session_2173500f47,user_0001893,multi_session_bot,,1,0,1,0,0,0,0,0,1.851463630688624,0.5401132290284661,540.1132290284661,0.0,0.0,-0.0,0.0,0.0,,1.584962500721156,1.0,0,0,0,0.0,1.0,7,3445,3443.0,0.0,1.0,0.0,0.0,1,7,0.0,1,,0.002820842553775793,0
session_21b978e20a,user_0001047,rapid_retry_bot,,41,0,41,41,0,0,0,0,1.321233533049782,31.03160718708097,378.4342339887923,155.05401159706366,0.4097251191118606,2.615091102324354,0.2391874738086837,343.0107526196626,335.4907337537944,1.6398503703221632,0.073170731707317,0,0,0,0.0,41.0,1,1002,1002.0,0.0,1.0,1.0,0.0,1,1,0.0,0,,0.10207106011207612,0
session_21dfe02a41,user_0002944,adaptive_bot,,34,0,34,0,0,4,0,0,0.9689003568858704,35.09132777004949,797.5301765920339,598.5872883663811,0.7505512718330414,3.7229855278666606,0.826468372515251,544.7973855334693,792.1278503068215,1.71037974274576,0.2941176470588235,1824,344,404,75.6470588235294,0.0132192846034214,1,4910,4910.0,0.0,1.0,0.0,0.1139882772806906,1,1,0.0,0,,0.13677226382666186,0
session_22bbe0a1d7,user_0001639,multi_session_bot,,1,0,1,0,0,0,0,0,1.6889606248145084,0.5920801144252998,592.0801144252998,0.0,0.0,-0.0,0.0,0.0,,1.584962500721156,1.0,0,0,0,0.0,1.0,4,2143,2142.0,0.0,1.0,0.0,0.0,1,4,0.0,1,,0.000617350490196733,0
session_22da7edfb9,user_0001999,multi_session_bot,,1,0,1,0,0,0,0,0,3.9392332183183583,0.253856510792447,253.85651079244695,0.0,0.0,-0.0,0.0,0.0,,1.584962500721156,1.0,0,0,0,0.0,1.0,7,3965,3964.6666666666665,0.0,1.0,0.0,0.0,1,7,0.0,1,,0.028194196951973227,0
session_231c02ce3f,user_0002302,stealth_bot,,23,0,23,0,1,0,11,0,0.4168955870424077,55.16968928160033,1414.6074174769317,1197.2115043006547,0.8463206749162816,4.070425860265988,0.8990196999392903,1435.7769568688857,1940.3627525914296,1.9433497999501883,0.1304347826086956,3923,1163,1447,284.0434782608696,0.003520587785091,1,4268,4268.0,0.0,1.0,0.0,0.0,1,1,0.0,0,,0.18617503601890195,1
session_232492b80c,user_0001905,multi_session_bot,,1,0,1,1,0,0,0,0,1.872903218125368,0.5339304189999327,533.9304189999326,0.0,0.0,-0.0,0.0,0.0,0.0,2.0,1.0,0,0,0,0.0,1.0,5,3503,3502.25,0.0,1.0,1.0,0.0,1,5,0.0,1,,0.012848846319221452,0
session_2418b898bd,user_0002050,stealth_bot,,14,0,14,0,0,0,2,0,0.5259634297970001,26.617820188379667,1400.9379046515614,795.7399047206308,0.5680051214822014,3.6818808028034016,0.6045054513098663,976.4049563154211,1205.344568774446,1.753320920080446,0.0,1553,368,174,149.64285714285714,0.0066825775656324,1,4016,4016.0,0.0,1.0,0.0,0.0,1,1,0.0,0,,0.12156660560175037,0
session_248d6c8ca7,user_0001252,rapid_retry_bot,,52,0,52,52,0,0,0,0,1.406103478952688,36.98163099541672,355.59260572516064,156.77673578651897,0.4408886272165415,2.5891793261633778,0.2368654648895011,318.33427258742574,316.7871972632903,1.6304895639871022,0.0384615384615384,0,0,0,0.0,52.0,1,1207,1207.0,0.0,1.0,1.0,0.0,1,1,0.0,0,,0.1027441570358526,0
session_248ea058ae,user_0002640,adaptive_bot,,54,0,54,0,0,7,0,0,1.0483474637327592,51.50963956904796,830.8006382104508,672.669401908489,0.8096640408912332,3.530992022026328,0.7927522255883683,443.6832277210601,663.075293368012,1.5898468370960863,0.2222222222222222,3098,836,803,87.72222222222223,0.0113996200126662,1,4606,4606.0,0.0,1.0,0.0,0.1358968934468391,1,1,0.0,0,,0.1514495702680364,1
session_24a39de0bd,user_0001921,multi_session_bot,,1,0,1,1,0,0,0,0,1.1118978349138566,0.8993632046036623,899.3632046036622,0.0,0.0,-0.0,0.0,0.0,0.0,2.0,1.0,0,0,0,0.0,1.0,7,3586,3585.5,0.0,1.0,1.0,0.0,1,7,0.0,1,,0.004823181458001424,0
session_2512b40b1b,user_0000836,aggressive_bot,,69,0,69,55,6,0,0,0,3.879563554045297,17.785505776301136,257.7609532797265,47.78696838844616,0.1853925809181305,1.2538326219591611,0.1864308143588588,88.35473189553409,125.67464180344132,1.761551518356872,0.0144927536231884,0,0,0,0.0,69.0,1,791,791.0,0.0,1.0,0.7971014492753623,0.0,1,1,0.0,0,,0.15055707234667748,1
session_261197d8c4,user_0001203,rapid_retry_bot,,48,0,48,48,0,0,0,0,1.3548630724554722,35.42793436166777,369.0409829340394,157.31135421361813,0.4262706894039874,2.622297401337586,0.2682115856685748,334.9557791938645,334.1408678952845,1.6334635720573725,0.0416666666666666,0,0,0,0.0,48.0,1,1158,1158.0,0.0,1.0,1.0,0.0,1,1,0.0,0,,0.10328814696724253,0
session_266d4ba669,user_0002250,stealth_bot,,14,0,14,0,2,0,6,0,0.3277215352408914,42.71919448231961,1423.9731494106538,1047.9689747529214,0.7359471456232507,3.986569246460625,0.7476495313452934,1924.935177153736,2230.557354837877,2.2003928113976783,0.2857142857142857,2600,1037,616,303.7857142857143,0.0032917940277451,1,4216,4216.0,0.0,1.0,0.0,0.0,1,1,0.0,0,,0.15860902407187039,1
session_2670c1fb2b,user_0001561,multi_session_bot,,1,0,1,0,0,0,0,0,2.074512577671167,0.482040943382755,482.040943382755,0.0,0.0,-0.0,0.0,0.0,,1.584962500721156,1.0,0,0,0,0.0,1.0,7,1761,1760.0,0.0,1.0,0.0,0.0,1,7,0.0,1,,0.00485368394474206,0
session_26cafb791f,user_0001644,multi_session_bot,,1,0,1,1,0,0,0,0,2.103159365977389,0.4754751428621651,475.4751428621651,0.0,0.0,-0.0,0.0,0.0,0.0,2.0,1.0,0,0,0,0.0,1.0,7,2167,2165.5,0.0,1.0,1.0,0.0,1,7,0.0,1,,0.014975509150546129,0
session_2768283568,user_0000541,aggressive_bot,,65,0,65,53,2,0,0,0,3.9056029045627816,16.642756979738706,256.0424150729032,51.28635500586884,0.2003041370753593,1.259603591180386,0.2019011345312953,89.03756163293582,126.01514176831772,1.687074941293254,0.0153846153846153,0,0,0,0.0,65.0,1,496,496.0,0.0,1.0,0.8153846153846154,0.0,1,1,0.0,0,,0.140623106711799,0
session_28093535a3,user_0001798,multi_session_bot,,1,0,1,0,0,0,0,0,3.119801588873461,0.3205332042801777,320.5332042801777,0.0,0.0,-0.0,0.0,0.0,,1.584962500721156,1.0,0,0,0,0.0,1.0,5,2960,2959.333333333333,0.0,1.0,0.0,0.0,1,5,0.0,1,,0.023282455995403573,0
session_28477b2b74,user_0001537,multi_session_bot,,1,0,1,1,0,0,0,0,4.602560242221392,0.2172703772188666,217.27037721886663,0.0,0.0,-0.0,0.0,0.0,0.0,2.0,1.0,0,0,0,0.0,1.0,4,1634,1633.75,0.0,1.0,1.0,0.0,1,4,0.0,1,,0.04260286941117275,0
session_284c2bb603,user_0001706,multi_session_bot,,1,0,1,0,0,0,0,0,2.016216805745423,0.4959784072577881,495.97840725778815,0.0,0.0,-0.0,0.0,0.0,,1.584962500721156,1.0,0,0,0,0.0,1.0,5,2482,2482.0,0.0,1.0,0.0,0.0,1,5,0.0,1,,0.004478515395067828,0
session_293a0a41e8,user_0001722,multi_session_bot,,1,0,1,1,0,0,0,0,1.053056128510508,0.9496169984922332,949.6169984922332,0.0,0.0,-0.0,0.0,0.0,0.0,2.0,1.0,0,0,0,0.0,1.0,4,2571,2570.75,0.0,1.0,1.0,0.0,1,4,0.0,1,,0.004443697220241849,0
session_2947f55d52,user_0001904,multi_session_bot,,1,0,1,0,0,0,0,0,1.6378681680360252,0.6105497496780247,610.5497496780247,0.0,0.0,-0.0,0.0,0.0,,1.584962500721156,1.0,0,0,0,0.0,1.0,3,3498,3497.6666666666665,0.0,1.0,0.0,0.0,1,3,0.0,1,,-0.00021472385965665142,0
session_2953159a04,user_0002359,stealth_bot,,17,0,17,0,1,0,0,0,0.5927858867991613,28.67814564849733,1433.9072824248665,932.196254796702,0.6501091571417881,3.9219280948873623,0.7584007924894929,917.8719878083944,1281.5049797536517,1.5380923396932815,0.2941176470588235,1036,300,409,102.6470588235294,0.0097421203438395,1,4325,4325.0,0.0,1.0,0.0,0.0,1,1,0.0,0,,0.13263230560895667,0
session_295e379f9e,user_0000668,aggressive_bot,,76,0,76,61,10,0,0,0,3.9451149352648023,19.264331013691685,253.47803965383795,52.96932008962189,0.2089700557963892,1.2827883032248997,0.2084416859005496,85.86805437577742,124.37704154981012,1.804322598023521,0.0263157894736842,0,0,0,0.0,76.0,1,623,623.0,0.0,1.0,0.8026315789473685,0.0,1,1,0.0,0,,0.14966275745022117,0
session_2980c777da,user_0001877,multi_session_bot,,1,0,1,0,0,0,0,0,2.1493764591996087,0.4652512107499227,465.25121074992273,0.0,0.0,-0.0,0.0,0.0,,1.584962500721156,1.0,0,0,0,0.0,1.0,6,3360,3359.333333333333,0.0,1.0,0.0,0.0,1,6,0.0,1,,0.005408564026619267,0
session_29d230fd14,user_0001920,multi_session_bot,,1,0,1,0,0,0,0,0,3.597393798867581,0.2779790192318641,277.97901923186413,0.0,0.0,-0.0,0.0,0.0,,1.584962500721156,1.0,0,0,0,0.0,1.0,3,3579,3579.0,0.0,1.0,0.0,0.0,1,3,0.0,1,,0.02499372256137722,0
session_29dcd49065,user_0001723,multi_session_bot,,1,0,1,0,0,0,0,0,3.843410925256236,0.2601855537821085,260.18555378210857,0.0,0.0,-0.0,0.0,0.0,,1.584962500721156,1.0,0,0,0,0.0,1.0,5,2576,2575.333333333333,0.0,1.0,0.0,0.0,1,5,0.0,1,,0.02644508987653038,0
session_2a35e3dccc,user_0002031,stealth_bot,,23,0,23,0,8,0,6,0,0.3684909957513322,62.41672188788305,1560.4180471970762,1531.2088942795203,0.981281200271925,3.986280045756848,0.7623945209486728,1442.7347412520958,1778.153542649424,2.057054492420109,0.0434782608695652,6624,1952,1250,427.2173913043478,0.0023407286790148,1,3997,3997.0,0.0,1.0,0.0,0.0,1,1,0.0,0,,0.21664608565465138,1
session_2af8899f09,user_0001504,multi_session_bot,,1,0,1,0,0,0,0,0,1.0152356132727487,0.9849930271618088,984.9930271618088,0.0,0.0,-0.0,0.0,0.0,,1.584962500721156,1.0,0,0,0,0.0,1.0,7,1475,1473.0,0.0,1.0,0.0,0.0,1,7,0.0,1,,-0.008056690928610666,0
session_2b159281ad,user_0000960,aggressive_bot,,38,0,38,28,3,0,0,0,3.9839084548451873,9.538371785070714,251.0097838176504,43.71890077779669,0.174172098445202,1.1446267187329795,0.1764076439993191,87.43340506864537,122.8004641305552,1.7715234619644973,0.0526315789473684,0,0,0,0.0,38.0,1,915,915.0,0.0,1.0,0.7368421052631579,0.0,1,1,0.0,0,,0.14764209853419563,0
session_2bbc12b00a,user_0001773,multi_session_bot,,1,0,1,0,0,0,0,0,2.606136775545528,0.3837097152319166,383.7097152319166,0.0,0.0,-0.0,0.0,0.0,,1.584962500721156,1.0,0,0,0,0.0,1.0,7,2843,2843.0,0.0,1.0,0.0,0.0,1,7,0.0,1,,0.01229501875209471,0
session_2bdac1339d,user_0002767,adaptive_bot,,39,0,39,0,0,5,0,0,0.8640190500907705,45.13789365628317,921.1815031894524,558.2071307472261,0.6059686704677827,3.645250793829129,0.742310882089935,601.9985175480292,816.8128729384747,1.6919261442886395,0.3333333333333333,2411,749,544,94.97435897435898,0.0105291576673866,1,4733,4733.0,0.0,1.0,0.0,0.1107716730885603,1,1,0.0,0,,0.14188213891316115,0
session_2c2b0ebd5d,user_0002904,adaptive_bot,,50,0,50,0,0,5,0,0,1.0571841201579488,47.29545123372619,829.7447584864244,727.6233545843814,0.8769243157518376,3.5638029910041347,0.912292656786624,480.1603480618281,754.1735128664839,1.5489688393504752,0.12,2631,699,198,70.56,0.014172335600907,1,4870,4870.0,0.0,1.0,0.0,0.1057184120157948,1,1,0.0,0,,0.1486313460627372,0
session_2d7fde4181,user_0000581,aggressive_bot,,40,0,40,32,5,0,0,0,4.009391220318705,9.976576941977845,249.4144235494461,44.255432680380125,0.1774373432401215,1.139495197279473,0.1763099077267573,83.3248699012502,120.31112297727958,1.8202372182989108,0.1,0,0,0,0.0,40.0,1,536,536.0,0.0,1.0,0.8,0.0,1,1,0.0,0,,0.14757042068532888,0
session_2d9fac4463,user_0001559,multi_session_bot,,1,0,1,0,0,0,0,0,1.7389475796316156,0.5750604628414637,575.0604628414637,0.0,0.0,-0.0,0.0,0.0,,1.584962500721156,1.0,0,0,0,0.0,1.0,7,1747,1747.0,0.0,1.0,0.0,0.0,1,7,0.0,1,,0.0018063490582003183,0
session_2dc4baa029,user_0001533,multi_session_bot,,1,0,1,0,0,0,0,0,1.3810231045098211,0.7241008472156872,724.1008472156873,0.0,0.0,-0.0,0.0,0.0,,1.584962500721156,1.0,0,0,0,0.0,1.0,7,1615,1615.0,0.0,1.0,0.0,0.0,1,7,0.0,1,,-0.003002724526602052,0
session_2dece13aeb,user_0001995,multi_session_bot,,1,0,1,0,0,0,0,0,3.1903421696857617,0.313446002595545,313.446002595545,0.0,0.0,-0.0,0.0,0.0,,1.584962500721156,1.0,0,0,0,0.0,1.0,5,3942,3941.3333333333335,0.0,1.0,0.0,0.0,1,5,0.0,1,,0.02375472998431194,0
session_2eb4b6acbc,user_0001978,multi_session_bot,,1,0,1,0,0,0,0,0,1.38287108230314,0.723133206556408,723.133206556408,0.0,0.0,-0.0,0.0,0.0,,1.584962500721156,1.0,0,0,0,0.0,1.0,4,3865,3864.6666666666665,0.0,1.0,0.0,0.0,1,4,0.0,1,,-0.003002724526602052,0
session_2ecbcc01df,user_0000224,human,,1,0,1,0,0,0,1,0,0.158791212771346,6.297577696821084,1574.3944242052708,860.4579085075411,0.5465326193224335,2.0,0.0,0.0,,2.2516291673878226,1.0,119,20,27,166.0,0.0060240963855421,1,179,179.0,0.0,1.0,0.0,0.0,0,1,0.0,0,,-0.05070833126708302,0
session_2f0e166727,user_0001649,multi_session_bot,,1,0,1,1,0,0,0,0,1.4288476946711908,0.6998646557848295,699.8646557848294,0.0,0.0,-0.0,0.0,0.0,0.0,2.0,1.0,0,0,0,0.0,1.0,5,2190,2189.0,0.0,1.0,1.0,0.0,1,5,0.0,1,,0.007777914782008732,0
session_2f3398125a,user_0001027,rapid_retry_bot,,58,0,58,58,0,0,0,0,1.349124583053937,42.9908406744088,370.6106954690413,157.27032766814378,0.424354530484081,2.6005102071835684,0.2461385815632497,335.2954058901314,332.09109472669985,1.6267042938197709,0.0344827586206896,0,0,0,0.0,58.0,1,982,982.0,0.0,1.0,1.0,0.0,1,1,0.0,0,,0.10462453008311468,0
session_2fff038bec,user_0001689,multi_session_bot,,1,0,1,0,0,0,0,0,2.407568925824446,0.4153567481593744,415.3567481593744,0.0,0.0,-0.0,0.0,0.0,,1.584962500721156,1.0,0,0,0,0.0,1.0,5,2394,2392.6666666666665,0.0,1.0,0.0,0.0,1,5,0.0,1,,0.010634790817110162,0
session_306c6bdd7c,user_0001986,multi_session_bot,,1,0,1,0,0,0,0,0,1.36775126043138,0.7311270908166493,731.1270908166492,0.0,0.0,-0.0,0.0,0.0,,1.584962500721156,1.0,0,0,0,0.0,1.0,4,3898,3897.3333333333335,0.0,1.0,0.0,0.0,1,4,0.0,1,,-0.0027452774890152076,0
session_30e3332797,user_0001714,multi_session_bot,,1,0,1,0,0,0,0,0,0.9978255886754666,1.0021791496923025,1002.1791496923024,0.0,0.0,-0.0,0.0,0.0,,1.584962500721156,1.0,0,0,0,0.0,1.0,4,2526,2525.0,0.0,1.0,0.0,0.0,1,4,0.0,1,,-0.009144715505574497,0
session_311466c22b,user_0001312,rapid_retry_bot,,46,0,46,46,0,0,0,0,1.3021636727505388,35.32582037312941,383.9763084035805,156.03084360852918,0.4063553927512946,2.661001094241393,0.2214921296049508,347.4836455903245,339.68023637852724,1.635116972465466,0.0,0,0,0,0.0,46.0,1,1267,1267.0,0.0,1.0,1.0,0.0,1,1,0.0,0,,0.10374894482819763,0
session_31295dc7d9,user_0000158,human,,1,0,1,0,0,0,0,0,0.1850367690432714,5.404331285995092,5404.331285995092,0.0,0.0,-0.0,0.0,0.0,,1.584962500721156,1.0,12,0,2,14.0,0.0714285714285714,1,113,113.0,0.0,1.0,0.0,0.0,0,1,0.0,0,,-0.08329955394030275,0
session_318a57abe0,user_0001921,multi_session_bot,,1,0,1,0,0,0,0,0,2.591518137922085,0.3858742045316394,385.87420453163946,0.0,0.0,-0.0,0.0,0.0,,1.584962500721156,1.0,0,0,0,0.0,1.0,7,3586,3586.0,0.0,1.0,0.0,0.0,1,7,0.0,1,,0.01229501875209471,0
session_31b1c197f2,user_0002885,adaptive_bot,,44,0,44,0,0,5,0,0,1.1578339606076185,38.00199467021099,826.1303189176302,695.1500401231206,0.8414532479983111,3.372086153649881,0.8632342471782163,419.6897612107725,677.1546193339695,1.438716428694917,0.0909090909090909,84,0,3,1.9772727272727275,0.5057471264367817,1,4851,4851.0,0.0,1.0,0.0,0.1315720409781384,1,1,0.0,0,,0.13798542393428248,0
session_31d2450445,user_0001992,multi_session_bot,,1,0,1,0,0,0,0,0,1.7766498629885423,0.5628571058553302,562.8571058553302,0.0,0.0,-0.0,0.0,0.0,,1.584962500721156,1.0,0,0,0,0.0,1.0,7,3930,3929.0,0.0,1.0,0.0,0.0,1,7,0.0,1,,0.0019565527411395944,0
session_31db3de875,user_0001504,multi_session_bot,,1,0,1,0,0,0,0,0,1.5560814222800667,0.6426398938268527,642.6398938268527,0.0,0.0,-0.0,0.0,0.0,,1.584962500721156,1.0,0,0,0,0.0,1.0,7,1475,1473.3333333333333,0.0,1.0,0.0,0.0,1,7,0.0,1,,-0.0013074096071813424,0
session_31edb23ad0,user_0001502,multi_session_bot,,1,0,1,1,0,0,0,0,1.4722957781473751,0.6792113479115751,679.2113479115751,0.0,0.0,-0.0,0.0,0.0,0.0,2.0,1.0,0,0,0,0.0,1.0,3,1465,1464.5,0.0,1.0,1.0,0.0,1,3,0.0,1,,0.007548929369864954,0
session_3282ff11f1,user_0000839,aggressive_bot,,63,0,63,47,8,0,0,0,3.841068813719527,16.401684805795888,260.3442032666014,49.18054516083912,0.1889058582590239,1.0831730548714775,0.1901881817511446,89.74122756701026,127.5291737847409,1.803382846847936,0.0158730158730158,0,0,0,0.0,63.0,1,794,794.0,0.0,1.0,0.746031746031746,0.0,1,1,0.0,0,,0.14757773262625584,0
session_32892ef192,user_0001792,multi_session_bot,,1,0,1,0,0,0,0,0,3.722634186272394,0.2686269856134683,268.6269856134684,0.0,0.0,-0.0,0.0,0.0,,1.584962500721156,1.0,0,0,0,0.0,1.0,4,2933,2932.6666666666665,0.0,1.0,0.0,0.0,1,4,0.0,1,,0.025496118099855747,0
session_328fa2f403,user_0000805,aggressive_bot,,36,0,36,26,4,0,0,0,4.219073492769783,8.532679049486367,237.01886248573243,51.29390006817973,0.2164127341184392,1.2714699399370857,0.2193869565924013,82.16657887754823,117.49681748226912,1.8083837041199669,0.0,0,0,0,0.0,36.0,1,760,760.0,0.0,1.0,0.7222222222222222,0.0,1,1,0.0,0,,0.14852269145841424,0
session_32cd6f3d33,user_0002829,adaptive_bot,,27,0,27,0,0,3,0,0,1.0409503082289846,25.93783755723778,926.3513413299208,880.6493666076489,0.9506645344123326,3.610577243331642,1.0124872967575635,405.0430780479956,749.3782528057975,1.4501208015823366,0.4074074074074074,58,58,0,4.296296296296297,0.2327586206896551,1,4795,4795.0,0.0,1.0,0.0,0.115661145358776,1,1,0.0,0,,0.12037976839059394,0
session_32ef29df9e,user_0001423,rapid_retry_bot,,26,0,26,26,0,0,0,0,1.3496654964908468,19.264032508499657,370.46216362499337,166.94582720195382,0.4506420455152002,2.5463943445543107,0.2431844777783643,329.70679010090095,331.9196262990561,1.6628402669745057,0.0769230769230769,0,0,0,0.0,26.0,1,1378,1378.0,0.0,1.0,1.0,0.0,1,1,0.0,0,,0.09624521450027912,0
session_33049385be,user_0000988,aggressive_bot,,43,0,43,31,4,0,0,0,3.739645826104709,11.498415090497934,267.4050021046031,55.09018654797408,0.206017786183461,1.0777689060383435,0.207286867124341,93.1702375598542,131.64878780675954,1.7812385299696605,0.0232558139534883,0,0,0,0.0,43.0,1,943,943.0,0.0,1.0,0.7209302325581395,0.0,1,1,0.0,0,,0.1460691374794707,0
session_3340f9e8ff,user_0001961,multi_session_bot,,1,0,1,0,0,0,0,0,1.3170221450218231,0.75928867542575,759.28867542575,0.0,0.0,-0.0,0.0,0.0,,1.584962500721156,1.0,0,0,0,0.0,1.0,5,3776,3775.3333333333335,0.0,1.0,0.0,0.0,1,5,0.0,1,,-0.0032042289060797424,0
session_334361798c,user_0001718,multi_session_bot,,1,0,1,0,0,0,0,0,1.7099937304414066,0.5847974657438461,584.797465743846,0.0,0.0,-0.0,0.0,0.0,,1.584962500721156,1.0,0,0,0,0.0,1.0,7,2550,2548.333333333333,0.0,1.0,0.0,0.0,1,7,0.0,1,,0.0007302668388039502,0
session_3389783edb,user_0002433,stealth_bot,,16,0,16,0,5,0,4,0,0.2851744486995702,56.10600835019379,1603.0288100055368,1081.1894180902552,0.6744666167830888,4.307714802597438,0.6873858716276116,2131.11805598872,2350.4435791255005,2.222960460000507,0.0,4081,1285,932,393.625,0.0025404890441409,1,4399,4399.0,0.0,1.0,0.0,0.0,1,1,0.0,0,,0.18505054487771533,1
session_33f397e2b9,user_0001008,rapid_retry_bot,,21,0,21,21,0,0,0,0,1.3146127596201176,15.97428584678301,380.3401392091193,140.79757014426048,0.3701885644703067,2.3579441690647425,0.1928415917160204,346.8282650710642,332.5999248022798,1.676312536952158,0.0476190476190476,0,0,0,0.0,21.0,1,963,963.0,0.0,1.0,1.0,0.0,1,1,0.0,0,,0.09396941021934391,0
session_3415bfa895,user_0001781,multi_session_bot,,1,0,1,0,0,0,0,0,2.4988027224935787,0.4001916561872842,400.1916561872842,0.0,0.0,-0.0,0.0,0.0,,1.584962500721156,1.0,0,0,0,0.0,1.0,4,2881,2880.6666666666665,0.0,1.0,0.0,0.0,1,4,0.0,1,,0.010749966641508513,0
session_347d847bf6,user_0002272,stealth_bot,,13,0,13,0,0,0,5,0,0.3953754220798771,32.880141946136526,1315.205677845461,891.2172150066363,0.6776257356694257,3.8332696895151086,0.5710929521869214,1384.7298914893825,1548.2604181313047,2.016875100900493,0.2307692307692307,1866,537,609,231.69230769230768,0.0043160690571049,1,4238,4238.0,0.0,1.0,0.0,0.0,1,1,0.0,0,,0.14293137095204,0
session_3483e093b1,user_0000392,human,,1,0,1,0,0,0,0,0,4.6225150213437,0.2163324500586077,216.3324500586077,0.0,0.0,-0.0,0.0,0.0,,1.584962500721156,1.0,6,0,4,10.0,0.1,1,347,347.0,0.0,1.0,0.0,0.0,0,1,0.0,0,,-0.08298989440377519,0
session_34ccb27e02,user_0000301,human,,1,0,1,0,0,0,1,0,0.4089105256095281,2.445522766892305,1222.7613834461526,9.191095302066856,0.0075166712217908,-0.0,0.0,0.0,,2.0,1.0,20,9,2,31.0,0.032258064516129,1,256,256.0,0.0,1.0,0.0,0.0,0,1,0.0,0,,-0.11644373104829953,0
session_34fda5859b,user_0001694,multi_session_bot,,1,0,1,1,0,0,0,0,1.607798429823674,0.621968513870031,621.9685138700311,0.0,0.0,-0.0,0.0,0.0,0.0,2.0,1.0,0,0,0,0.0,1.0,6,2421,2420.75,0.0,1.0,1.0,0.0,1,6,0.0,1,,0.010174231063401207,0
session_3570397dfb,user_0001754,multi_session_bot,,1,0,1,1,0,0,0,0,1.5316853964448474,0.6528755854962595,652.8755854962594,0.0,0.0,-0.0,0.0,0.0,0.0,2.0,1.0,0,0,0,0.0,1.0,7,2747,2745.75,0.0,1.0,1.0,0.0,1,7,0.0,1,,0.009576595297550283,0
session_35f68da20f,user_0002669,adaptive_bot,,40,0,40,0,0,5,0,0,1.0441675138427449,38.308029573523136,781.7965219086354,645.8878184945065,0.8261584701319356,3.4457724772818352,0.8080869992237166,483.2622743307385,725.4504787451216,1.6657165232950888,0.0,1212,364,320,47.4,0.0210970464135021,1,4635,4635.0,0.0,1.0,0.0,0.1305209392303431,1,1,0.0,0,,0.13967280188654507,0
session_35f6ff42f7,user_0001352,rapid_retry_bot,,34,0,34,34,0,0,0,0,1.3314093871565578,25.536848641733368,375.5418917901966,159.19041634949568,0.4238952293461586,2.6139775062265067,0.2212773342789939,335.0955798319846,333.0489517243672,1.6484305290518142,0.0,0,0,0,0.0,34.0,1,1307,1307.0,0.0,1.0,1.0,0.0,1,1,0.0,0,,0.09934783975088224,0
session_3662f4a0b7,user_0000518,aggressive_bot,,55,0,55,45,4,0,0,0,3.9413145776102336,13.954734877658144,253.72245232105715,47.76761331294384,0.1882671906879542,1.1588385157364056,0.189969507983508,86.58811331578572,123.80760609816708,1.7526596084964376,0.0181818181818181,0,0,0,0.0,55.0,1,473,473.0,0.0,1.0,0.8181818181818182,0.0,1,1,0.0,0,,0.15074119412405285,1
session_37072f32dd,user_0001893,multi_session_bot,,1,0,1,0,0,0,0,0,2.3260862261872988,0.4299066770362618,429.9066770362618,0.0,0.0,-0.0,0.0,0.0,,1.584962500721156,1.0,0,0,0,0.0,1.0,7,3445,3444.6666666666665,0.0,1.0,0.0,0.0,1,7,0.0,1,,0.009083898576707328,0
session_371df01785,user_0002333,stealth_bot,,19,0,19,0,0,0,3,0,0.4977603214971059,38.17098145319016,1468.1146712765444,731.783635580178,0.4984512789752879,4.0081320258334,0.5286231656736236,1058.0160646091003,1201.590855637136,1.7371242818609325,0.0526315789473684,3632,1186,549,282.4736842105263,0.0035401527855412,1,4299,4299.0,0.0,1.0,0.0,0.0,1,1,0.0,0,,0.15832634674062396,1
session_378fd868d4,user_0001559,multi_session_bot,,1,0,1,1,0,0,0,0,2.028150451209955,0.4930600683018459,493.0600683018459,0.0,0.0,-0.0,0.0,0.0,0.0,2.0,1.0,0,0,0,0.0,1.0,7,1747,1746.75,0.0,1.0,1.0,0.0,1,7,0.0,1,,0.014592818836441479,0
session_37f9a5eae4,user_0001078,rapid_retry_bot,,39,0,39,39,0,0,0,0,1.373527692340378,28.394039827145544,364.0261516300711,155.28821670873114,0.426585331887192,2.6028159998409253,0.2654775935216109,333.05364760135024,330.4960301213177,1.6420323747272394,0.0256410256410256,0,0,0,0.0,39.0,1,1033,1033.0,0.0,1.0,1.0,0.0,1,1,0.0,0,,0.10301609065885808,0
session_3881d013ee,user_0002922,adaptive_bot,,21,0,21,0,0,2,0,0,0.7815911699021844,26.86826669578181,959.5809534207788,938.812409551912,0.9783566526671568,3.4641534765420032,0.7765818492655078,556.8033053723524,798.2166929596541,1.73642402177357,0.0476190476190476,925,193,147,60.23809523809524,0.0166007905138339,1,4888,4888.0,0.0,1.0,0.0,0.0744372542763985,1,1,0.0,0,,0.13681463692472717,0
session_39757126f6,user_0000263,human,,1,0,1,0,0,0,0,0,1.2814217772999696,0.7803831788367592,780.3831788367593,0.0,0.0,-0.0,0.0,0.0,,1.584962500721156,1.0,8,0,0,8.0,0.125,1,218,218.0,0.0,1.0,0.0,0.0,0,1,0.0,0,,-0.14101078889795277,0
session_39b554de3a,user_0000110,human,,1,0,1,0,0,0,1,0,0.1000786779896654,9.992138386393002,2498.0345965982506,2442.9607050924424,0.9779531109854098,2.0,0.0,0.0,,2.2516291673878226,1.0,54,8,11,73.0,0.0136986301369863,1,65,65.0,0.0,1.0,0.0,0.0,0,1,0.0,0,,-0.022995865209666122,0
session_3a5d7317c6,user_0001665,multi_session_bot,,1,0,1,0,0,0,0,0,1.1506737160641984,0.8690560895233033,869.0560895233033,0.0,0.0,-0.0,0.0,0.0,,1.584962500721156,1.0,0,0,0,0.0,1.0,6,2274,2272.6666666666665,0.0,1.0,0.0,0.0,1,6,0.0,1,,-0.005058952195819588,0
session_3aa89597d0,user_0001559,multi_session_bot,,1,0,1,0,0,0,0,0,2.6037004541794952,0.3840687581379749,384.0687581379749,0.0,0.0,-0.0,0.0,0.0,,1.584962500721156,1.0,0,0,0,0.0,1.0,7,1747,1746.3333333333333,0.0,1.0,0.0,0.0,1,7,0.0,1,,0.01229501875209471,0
session_3b0228cfe6,user_0001675,multi_session_bot,,1,0,1,1,0,0,0,0,1.6193307346921346,0.6175390725169673,617.5390725169673,0.0,0.0,-0.0,0.0,0.0,0.0,2.0,1.0,0,0,0,0.0,1.0,6,2329,2328.75,0.0,1.0,1.0,0.0,1,6,0.0,1,,0.010174231063401207,0
session_3b2ef19871,user_0001731,multi_session_bot,,1,0,1,0,0,0,0,0,1.6410609308392152,0.6093618958368683,609.3618958368683,0.0,0.0,-0.0,0.0,0.0,,1.584962500721156,1.0,0,0,0,0.0,1.0,4,2616,2616.0,0.0,1.0,0.0,0.0,1,4,0.0,1,,-0.00021472385965665142,0
session_3c0d182df7,user_0000527,aggressive_bot,,59,0,59,42,5,0,0,0,3.978116273907075,14.831140152184044,251.37525681667876,58.83415678984091,0.2340491165872665,1.4016786745573009,0.236136087333796,88.8631235968549,125.59074624074026,1.7591427322153466,0.0169491525423728,0,0,0,0.0,59.0,1,482,482.0,0.0,1.0,0.711864406779661,0.0,1,1,0.0,0,,0.15001861120818993,1
session_3c21f599aa,user_0001122,rapid_retry_bot,,47,0,47,47,0,0,0,0,1.3271684056482695,35.41374237057907,376.7419401125433,153.22557469208425,0.4067122833372666,2.546113171067673,0.233310922862632,341.5608330708268,333.70078879191027,1.6342750907261827,0.0212765957446808,0,0,0,0.0,47.0,1,1077,1077.0,0.0,1.0,1.0,0.0,1,1,0.0,0,,0.10247855098787906,0
session_3c70f4a55f,user_0000759,aggressive_bot,,64,0,64,46,6,0,0,0,3.88908345519534,16.456319525492265,257.12999258581664,56.05842120023747,0.2180158784142152,1.373622394891326,0.2183876343225936,90.14755557566824,127.10116343813289,1.7672844230890092,0.03125,0,0,0,0.0,64.0,1,714,714.0,0.0,1.0,0.71875,0.0,1,1,0.0,0,,0.15061328637233407,1
session_3ca622052d,user_0001644,multi_session_bot,,1,0,1,1,0,0,0,0,1.6060323033720874,0.6226524820829329,622.6524820829329,0.0,0.0,-0.0,0.0,0.0,0.0,2.0,1.0,0,0,0,0.0,1.0,7,2167,2167.0,0.0,1.0,1.0,0.0,1,7,0.0,1,,0.010174231063401207,0
session_3d4c943928,user_0000951,aggressive_bot,,78,0,78,57,5,0,0,0,3.867087198837765,20.170220113847584,258.59256556214854,51.51120130390805,0.199198307159098,1.2816402564911846,0.2000116314479608,91.86254604543028,127.94515878842972,1.7263527334626445,0.0769230769230769,0,0,0,0.0,78.0,1,906,906.0,0.0,1.0,0.7307692307692307,0.0,1,1,0.0,0,,0.15165224042149827,1
session_3da7ea7f3d,user_0002013,stealth_bot,,25,0,25,0,3,0,5,0,0.4550810211185655,54.93527270935469,1445.6650712988078,836.5148897125254,0.5786367162907156,4.366091329119191,0.5884700258971631,1083.2999659437733,1299.9518881674228,1.9348909696910417,0.2,4035,1194,1006,249.4,0.004009623095429,1,3979,3979.0,0.0,1.0,0.0,0.0,1,1,0.0,0,,0.18569537115859958,1
session_3dc1046abc,user_0002126,stealth_bot,,25,0,25,0,2,0,1,0,0.5033460391511015,49.66762039523101,1379.6561220897504,1054.850203896926,0.7645747277221193,4.173416585305445,0.8153508122347444,1311.6116633571794,1799.750073801632,1.7897961573427423,0.2,4876,1342,1053,290.84,0.0034383166001925,1,4092,4092.0,0.0,1.0,0.0,0.0,1,1,0.0,0,,0.1785688758556384,1
session_3dd5d18315,user_0000809,aggressive_bot,,65,0,65,52,4,0,0,0,4.129891806590445,15.738911100836486,242.13709385902283,39.61278339668578,0.1635965095862146,1.072091715337109,0.164610385965034,83.83359782937181,117.95395765007402,1.7322918874970703,0.0461538461538461,0,0,0,0.0,65.0,1,764,764.0,0.0,1.0,0.8,0.0,1,1,0.0,0,,0.14872397146764016,0
session_3e774d3b9a,user_0002772,adaptive_bot,,43,0,43,0,0,2,0,0,1.139869913256028,37.72360293041764,725.4539025080317,530.396390785484,0.7311234924118584,3.365822594751521,0.7329812909354081,437.2978260433183,603.4556369776577,1.541361946999277,0.2093023255813953,2445,607,519,83.04651162790698,0.0120414449733968,1,4738,4738.0,0.0,1.0,0.0,0.0530172052677222,1,1,0.0,0,,0.14173230823363103,0
session_3f041a735a,user_0001924,multi_session_bot,,1,0,1,1,0,0,0,0,3.061051320576922,0.326685146791831,326.685146791831,0.0,0.0,-0.0,0.0,0.0,0.0,2.0,1.0,0,0,0,0.0,1.0,3,3600,3600.0,0.0,1.0,1.0,0.0,1,3,0.0,1,,0.03132904568530259,0
session_3f45a563ce,user_0001657,multi_session_bot,,1,0,1,0,0,0,0,0,2.4066947238119374,0.4155076213472188,415.5076213472189,0.0,0.0,-0.0,0.0,0.0,,1.584962500721156,1.0,0,0,0,0.0,1.0,3,2233,2233.0,0.0,1.0,0.0,0.0,1,3,0.0,1,,0.010634790817110162,0
session_3f889c75fb,user_0001649,multi_session_bot,,1,0,1,0,0,0,0,0,1.990202669430532,0.5024613901689399,502.4613901689399,0.0,0.0,-0.0,0.0,0.0,,1.584962500721156,1.0,0,0,0,0.0,1.0,5,2190,2189.6666666666665,0.0,1.0,0.0,0.0,1,5,0.0,1,,0.0035784194200821906,0
session_3ffa1b9931,user_0002604,adaptive_bot,,42,0,42,0,0,3,0,0,1.0682464022282856,39.31677177886207,802.3830975277974,546.3767327988767,0.6809424755859195,3.657764631626826,0.7260251575399537,489.6443102322221,658.7318974042738,1.545002603383763,0.3333333333333333,1593,439,415,58.26190476190476,0.0171638741315897,1,4570,4570.0,0.0,1.0,0.0,0.0763033144448775,1,1,0.0,0,,0.13473068693403878,0
session_40546e579c,user_0001214,rapid_retry_bot,,24,0,24,24,0,0,0,0,1.4302543843493305,16.78023172844066,349.5881610091804,158.47785237432217,0.4533272863612805,2.505180209905977,0.2588245335697229,310.260815105223,315.1626776445358,1.667669763648192,0.0,0,0,0,0.0,24.0,1,1169,1169.0,0.0,1.0,1.0,0.0,1,1,0.0,0,,0.09718725105781179,0
session_40a3a281ba,user_0002890,adaptive_bot,,36,0,36,0,0,2,0,0,0.987258572702266,36.46461119244872,810.3246931655272,642.4823605758388,0.7928702728606066,3.602529762804034,0.7891006238617974,526.2515284235077,728.2079836907357,1.5975087904355785,0.1666666666666666,805,311,103,33.861111111111114,0.0295324036095159,1,4856,4856.0,0.0,1.0,0.0,0.0548476984834592,1,1,0.0,0,,0.13402582086940495,0
session_410a9ffb0d,user_0001728,multi_session_bot,,1,0,1,0,0,0,0,0,1.3582653811880498,0.7362331499057411,736.233149905741,0.0,0.0,-0.0,0.0,0.0,,1.584962500721156,1.0,0,0,0,0.0,1.0,4,2599,2598.0,0.0,1.0,0.0,0.0,1,4,0.0,1,,-0.0027452774890152076,0
session_41208479c0,user_0001644,multi_session_bot,,1,0,1,1,0,0,0,0,1.3554826433938714,0.7377445995886673,737.7445995886674,0.0,0.0,-0.0,0.0,0.0,0.0,2.0,1.0,0,0,0,0.0,1.0,7,2167,2166.75,0.0,1.0,1.0,0.0,1,7,0.0,1,,0.00837706933966742,0
session_4123036f72,user_0000348,human,,1,0,1,0,0,0,0,0,0.6932470913351934,1.4424871196704203,1442.4871196704205,0.0,0.0,-0.0,0.0,0.0,,1.584962500721156,1.0,6,0,0,6.0,0.1666666666666666,1,303,303.0,0.0,1.0,0.0,0.0,0,1,0.0,0,,-0.13032440950945656,0
session_413376ce53,user_0001044,rapid_retry_bot,,34,0,34,34,0,0,0,0,1.3372939225283291,25.424478065165022,373.8893833112504,160.05752350476212,0.4280879068757071,2.554206748338004,0.2225412761537052,337.2693599998233,333.3302192474559,1.6484305290518142,0.0588235294117647,0,0,0,0.0,34.0,1,999,999.0,0.0,1.0,1.0,0.0,1,1,0.0,0,,0.09921268481000456,0
session_41886d90c1,user_0001959,multi_session_bot,,1,0,1,1,0,0,0,0,2.3639554570462447,0.423019814954338,423.019814954338,0.0,0.0,-0.0,0.0,0.0,0.0,2.0,1.0,0,0,0,0.0,1.0,7,3768,3768.0,0.0,1.0,1.0,0.0,1,7,0.0,1,,0.019290535470430914,0
session_41a75b3d35,user_0001576,multi_session_bot,,1,0,1,0,0,0,0,0,1.9257827428058625,0.5192693743547632,519.2693743547632,0.0,0.0,-0.0,0.0,0.0,,1.584962500721156,1.0,0,0,0,0.0,1.0,6,1829,1827.3333333333333,0.0,1.0,0.0,0.0,1,6,0.0,1,,0.003431552161534568,0
session_41d9f0ca93,user_0001694,multi_session_bot,,1,0,1,0,0,0,0,0,0.7032217031597721,1.4220266460871729,1422.0266460871726,0.0,0.0,-0.0,0.0,0.0,,1.584962500721156,1.0,0,0,0,0.0,1.0,6,2421,2419.333333333333,0.0,1.0,0.0,0.0,1,6,0.0,1,,-0.012420452031775164,0
session_42202e2cd3,user_0002170,stealth_bot,,20,0,20,0,0,0,9,0,0.4394106090221597,45.51551462197716,1468.2424071605535,1357.719602249958,0.9247244158242668,3.8890495359141695,0.8230473460684599,1197.3700006326717,1611.6287397960102,1.7887772410550284,0.3,3168,784,1008,248.0,0.0040322580645161,1,4136,4136.0,0.0,1.0,0.0,0.0,1,1,0.0,0,,0.1814313624273729,1
session_423a870147,user_0001754,multi_session_bot,,1,0,1,0,0,0,0,0,2.608669611684586,0.3833371598767678,383.3371598767679,0.0,0.0,-0.0,0.0,0.0,,1.584962500721156,1.0,0,0,0,0.0,1.0,7,2747,2745.0,0.0,1.0,0.0,0.0,1,7,0.0,1,,0.01229501875209471,0
session_424c2c84d4,user_0001630,multi_session_bot,,1,0,1,0,0,0,0,0,2.414709838445284,0.4141284323601597,414.1284323601597,0.0,0.0,-0.0,0.0,0.0,,1.584962500721156,1.0,0,0,0,0.0,1.0,6,2096,2094.6666666666665,0.0,1.0,0.0,0.0,1,6,0.0,1,,0.010634790817110162,0
session_426e476785,user_0000702,aggressive_bot,,76,0,76,53,7,0,0,0,4.012899885600104,18.93892251653686,249.1963489018008,47.67900450517967,0.1913310717243623,1.1363836745395337,0.1926486502838748,88.53916185242801,122.90301248514552,1.758576988349417,0.0,0,0,0,0.0,76.0,1,657,657.0,0.0,1.0,0.6973684210526315,0.0,1,1,0.0,0,,0.1497194085845006,0
session_42b56996b8,user_0002060,stealth_bot,,13,0,13,0,2,0,2,0,0.4021588968974168,32.325531277046586,1539.3110131926946,1449.6763026427047,0.941769590562418,3.5178160905596982,0.783415045608385,1168.8528511868446,1658.0312600845784,2.0375277977544406,0.0769230769230769,1511,455,338,177.23076923076923,0.0056423611111111,1,4026,4026.0,0.0,1.0,0.0,0.0,1,1,0.0,0,,0.14900112823291478,0
session_42ca080eb8,user_0001730,multi_session_bot,,1,0,1,0,0,0,0,0,1.2446445605578045,0.8034422289620069,803.4422289620069,0.0,0.0,-0.0,0.0,0.0,,1.584962500721156,1.0,0,0,0,0.0,1.0,6,2612,2611.0,0.0,1.0,0.0,0.0,1,6,0.0,1,,-0.0030721199487050432,0
session_42dc895506,user_0001999,multi_session_bot,,1,0,1,0,0,0,0,0,1.7934501184020957,0.557584506945176,557.584506945176,0.0,0.0,-0.0,0.0,0.0,,1.584962500721156,1.0,0,0,0,0.0,1.0,7,3965,3964.0,0.0,1.0,0.0,0.0,1,7,0.0,1,,0.0019565527411395944,0
session_4301f2ab7b,user_0001095,rapid_retry_bot,,34,0,34,34,0,0,0,0,1.4065117438230557,24.173278431066784,355.4893886921586,169.26495117029924,0.4761462832773238,2.4874987988206883,0.2760868135290941,317.1563139192031,326.9666898877209,1.6484305290518142,0.0,0,0,0,0.0,34.0,1,1050,1050.0,0.0,1.0,1.0,0.0,1,1,0.0,0,,0.10124825584263986,0
session_43425c6f8e,user_0001548,multi_session_bot,,1,0,1,0,0,0,0,0,1.9878706642978043,0.5030508362339761,503.050836233976,0.0,0.0,-0.0,0.0,0.0,,1.584962500721156,1.0,0,0,0,0.0,1.0,4,1692,1691.0,0.0,1.0,0.0,0.0,1,4,0.0,1,,0.003351327794864245,0
session_43e5bb6bd5,user_0002540,adaptive_bot,,23,0,23,0,0,5,0,0,0.5895467317919012,39.01302264892983,1219.1569577790572,855.5716537914841,0.7017731788613029,3.976409765557392,0.7096078641847268,760.0602857686524,1033.045841034965,1.8615108545130468,0.3043478260869565,1366,398,196,85.21739130434783,0.011734693877551,1,4506,4506.0,0.0,1.0,0.0,0.1281623329982394,1,1,0.0,0,,0.13063500130533945,0
session_4422177111,user_0002270,stealth_bot,,21,0,21,0,2,0,7,0,0.4564974725323793,46.002445278621934,1483.9498476974818,936.3870673229288,0.6310099150425068,4.018081793978686,0.7400808104959262,1293.2532112718804,1573.3070512464935,1.8386975071837437,0.3333333333333333,3705,1160,679,264.0,0.0037878787878787,1,4236,4236.0,0.0,1.0,0.0,0.0,1,1,0.0,0,,0.17413829634375166,1
session_4427cf7125,user_0001559,multi_session_bot,,1,0,1,0,0,0,0,0,1.7682179244519889,0.5655411508793086,565.5411508793086,0.0,0.0,-0.0,0.0,0.0,,1.584962500721156,1.0,0,0,0,0.0,1.0,7,1747,1745.0,0.0,1.0,0.0,0.0,1,7,0.0,1,,0.0018063490582003183,0
session_44644c94e6,user_0001675,multi_session_bot,,1,0,1,0,0,0,0,0,4.666360283745048,0.2142997838129714,214.29978381297147,0.0,0.0,-0.0,0.0,0.0,,1.584962500721156,1.0,0,0,0,0.0,1.0,6,2329,2328.333333333333,0.0,1.0,0.0,0.0,1,6,0.0,1,,0.03948006457780073,0
session_448f5b7451,user_0001590,multi_session_bot,,1,0,1,1,0,0,0,0,2.5865064796513133,0.3866218808525118,386.6218808525119,0.0,0.0,-0.0,0.0,0.0,0.0,2.0,1.0,0,0,0,0.0,1.0,6,1905,1905.0,0.0,1.0,1.0,0.0,1,6,0.0,1,,0.020855545868879388,0
session_44d731521a,user_0001293,rapid_retry_bot,,48,0,48,48,0,0,0,0,1.3593309546229146,35.31148896209418,367.8280100218144,144.2059078069762,0.392047108643042,2.539234363032017,0.2008083119894404,333.855730037864,323.8670841385712,1.6334635720573725,0.0416666666666666,0,0,0,0.0,48.0,1,1248,1248.0,0.0,1.0,1.0,0.0,1,1,0.0,0,,0.10010685655256435,0
session_450bbd3c7b,user_0001559,multi_session_bot,,1,0,1,0,0,0,0,0,2.1597560597765253,0.4630152537242896,463.01525372428966,0.0,0.0,-0.0,0.0,0.0,,1.584962500721156,1.0,0,0,0,0.0,1.0,7,1747,1745.3333333333333,0.0,1.0,0.0,0.0,1,7,0.0,1,,0.005408564026619267,0
session_4519b37fc0,user_0001750,multi_session_bot,,1,0,1,1,0,0,0,0,2.5343119054600844,0.3945844226377722,394.58442263777226,0.0,0.0,-0.0,0.0,0.0,0.0,2.0,1.0,0,0,0,0.0,1.0,5,2719,2718.0,0.0,1.0,1.0,0.0,1,5,0.0,1,,0.019983619280058207,0
session_457e25b3ab,user_0001576,multi_session_bot,,1,0,1,0,0,0,0,0,3.561936519018755,0.2807461600341717,280.74616003417174,0.0,0.0,-0.0,0.0,0.0,,1.584962500721156,1.0,0,0,0,0.0,1.0,6,1829,1828.0,0.0,1.0,0.0,0.0,1,6,0.0,1,,0.02499372256137722,0
session_4587e42309,user_0001773,multi_session_bot,,1,0,1,0,0,0,0,0,2.359581614954142,0.4238039462853818,423.8039462853818,0.0,0.0,-0.0,0.0,0.0,,1.584962500721156,1.0,0,0,0,0.0,1.0,7,2843,2842.333333333333,0.0,1.0,0.0,0.0,1,7,0.0,1,,0.009954168018573184,0
session_45d26d25b4,user_0001939,multi_session_bot,,1,0,1,0,0,0,0,0,1.1419547642787562,0.875691429538881,875.691429538881,0.0,0.0,-0.0,0.0,0.0,,1.584962500721156,1.0,0,0,0,0.0,1.0,7,3676,3676.0,0.0,1.0,0.0,0.0,1,7,0.0,1,,-0.005058952195819588,0
session_45d683d7db,user_0002179,stealth_bot,,30,0,30,0,2,0,4,0,0.4790465944676592,62.62438841327641,1491.0568669827717,1055.347288994136,0.7077847346826445,4.3383968869099405,0.6729898183328501,1168.882496512819,1447.7538412239826,1.8073148227041536,0.0,9401,2040,1513,431.8,0.0023158869847151,1,4145,4145.0,0.0,1.0,0.0,0.0,1,1,0.0,0,,0.20654369136833117,1
session_4623a1bb2c,user_0001422,rapid_retry_bot,,38,0,38,38,0,0,0,0,1.328634138461397,28.600800551463525,376.3263230455728,153.98187879238316,0.4091711617359705,2.5889785705156063,0.2246852698871745,341.4610862251478,334.5943292662244,1.6431966897916033,0.0,0,0,0,0.0,38.0,1,1377,1377.0,0.0,1.0,1.0,0.0,1,1,0.0,0,,0.1023426900611546,0
session_4687109491,user_0001612,multi_session_bot,,1,0,1,0,0,0,0,0,1.6724380452773753,0.5979294735752971,597.9294735752972,0.0,0.0,-0.0,0.0,0.0,,1.584962500721156,1.0,0,0,0,0.0,1.0,5,2006,2005.6666666666667,0.0,1.0,0.0,0.0,1,5,0.0,1,,0.000617350490196733,0
session_4731b68bcb,user_0001177,rapid_retry_bot,,32,0,32,32,0,0,0,0,1.3873327926622778,23.065842722993896,360.4037925467797,164.853660688678,0.4574137789276464,2.6305338835951195,0.2223959890130758,316.3407986896885,323.22613410952226,1.6514592339397052,0.0,0,0,0,0.0,32.0,1,1132,1132.0,0.0,1.0,1.0,0.0,1,1,0.0,0,,0.09934783975088224,0
session_47e0dbf6cc,user_0001986,multi_session_bot,,1,0,1,0,0,0,0,0,2.215785984659812,0.4513071239384743,451.3071239384743,0.0,0.0,-0.0,0.0,0.0,,1.584962500721156,1.0,0,0,0,0.0,1.0,4,3898,3898.0,0.0,1.0,0.0,0.0,1,4,0.0,1,,0.0065683897632895505,0
session_4825049c06,user_0001630,multi_session_bot,,1,0,1,0,0,0,0,0,1.5092747225324838,0.6625698986875315,662.5698986875315,0.0,0.0,-0.0,0.0,0.0,,1.584962500721156,1.0,0,0,0,0.0,1.0,6,2096,2094.333333333333,0.0,1.0,0.0,0.0,1,6,0.0,1,,-0.0013108701052942373,0
session_48b3d15f14,user_0000905,aggressive_bot,,30,0,30,22,2,0,0,0,4.114670412291671,7.290984937792735,243.03283125975784,43.505706179531344,0.1790116419827725,1.07462769858425,0.1753626020398843,85.59191600879437,120.25176639415751,1.7679682144138,0.0666666666666666,0,0,0,0.0,30.0,1,860,860.0,0.0,1.0,0.7333333333333333,0.0,1,1,0.0,0,,0.13328003865681726,0
session_48e2573c0b,user_0000073,human,,1,0,1,0,0,0,0,0,1.1676916868665062,0.8563904421410194,856.3904421410194,0.0,0.0,-0.0,0.0,0.0,,1.584962500721156,1.0,8,4,0,12.0,0.0833333333333333,1,28,28.0,0.0,1.0,0.0,0.0,0,1,0.0,0,,-0.1337778092168036,0
session_491ebb08d0,user_0001861,multi_session_bot,,1,0,1,0,0,0,0,0,1.9807869902072743,0.5048498424837481,504.8498424837481,0.0,0.0,-0.0,0.0,0.0,,1.584962500721156,1.0,0,0,0,0.0,1.0,3,3279,3279.0,0.0,1.0,0.0,0.0,1,3,0.0,1,,0.003351327794864245,0
session_492bdedbdd,user_0002836,adaptive_bot,,59,0,59,0,0,2,0,0,1.3200178222255228,44.69636622066755,657.299503245111,554.7539389171153,0.8439895910133438,3.355219684648791,0.9314005745785688,415.33609044588025,636.7268816897837,1.447897006584777,0.1186440677966101,3051,806,534,74.42372881355932,0.0134365748121156,1,4802,4802.0,0.0,1.0,0.0,0.0447463668551024,1,1,0.0,0,,0.15444325238935863,1
session_495049eeb5,user_0001893,multi_session_bot,,1,0,1,1,0,0,0,0,1.3797169434682692,0.7247863445716959,724.7863445716958,0.0,0.0,-0.0,0.0,0.0,0.0,2.0,1.0,0,0,0,0.0,1.0,7,3445,3443.75,0.0,1.0,1.0,0.0,1,7,0.0,1,,0.008113863854523506,0
session_495d301b30,user_0002213,stealth_bot,,12,0,12,0,2,0,2,0,0.5011988457708483,23.94259304716453,1330.1440581758072,768.6227084764504,0.5778492214824902,3.530493056757482,0.8619053688254856,1098.8727960887013,1488.2012436084117,1.985193084022109,0.1666666666666666,1170,258,470,158.16666666666666,0.006322444678609,1,4179,4179.0,0.0,1.0,0.0,0.0,1,1,0.0,0,,0.14057432303305029,0
session_495d798b97,user_0001706,multi_session_bot,,1,0,1,1,0,0,0,0,1.3660393729413411,0.7320433215968078,732.0433215968078,0.0,0.0,-0.0,0.0,0.0,0.0,2.0,1.0,0,0,0,0.0,1.0,5,2482,2481.75,0.0,1.0,1.0,0.0,1,5,0.0,1,,0.00837706933966742,0
session_49926a71a3,user_0001867,multi_session_bot,,1,0,1,1,0,0,0,0,1.1038784578989072,0.9058968338809448,905.8968338809448,0.0,0.0,-0.0,0.0,0.0,0.0,2.0,1.0,0,0,0,0.0,1.0,7,3308,3307.75,0.0,1.0,1.0,0.0,1,7,0.0,1,,0.005164853486382293,0
session_49f52598fe,user_0001858,multi_session_bot,,1,0,1,0,0,0,0,0,2.117976069177031,0.4721488663413293,472.1488663413294,0.0,0.0,-0.0,0.0,0.0,,1.584962500721156,1.0,0,0,0,0.0,1.0,7,3267,3265.6666666666665,0.0,1.0,0.0,0.0,1,7,0.0,1,,0.005408564026619267,0
session_4a1889ffb0,user_0001547,multi_session_bot,,1,0,1,1,0,0,0,0,1.9608570616652687,0.5099810789628614,509.9810789628614,0.0,0.0,-0.0,0.0,0.0,0.0,2.0,1.0,0,0,0,0.0,1.0,7,1688,1687.5,0.0,1.0,1.0,0.0,1,7,0.0,1,,0.013640692701421209,0
session_4a6d6e353a,user_0001992,multi_session_bot,,1,0,1,0,0,0,0,0,2.347054697722247,0.4260659118726431,426.0659118726432,0.0,0.0,-0.0,0.0,0.0,,1.584962500721156,1.0,0,0,0,0.0,1.0,7,3930,3929.6666666666665,0.0,1.0,0.0,0.0,1,7,0.0,1,,0.009954168018573184,0
session_4a832205e5,user_0001637,multi_session_bot,,1,0,1,0,0,0,0,0,1.7406735286683312,0.5744902668595361,574.4902668595361,0.0,0.0,-0.0,0.0,0.0,,1.584962500721156,1.0,0,0,0,0.0,1.0,7,2134,2133.0,0.0,1.0,0.0,0.0,1,7,0.0,1,,0.0018063490582003183,0
session_4aab3db0db,user_0001447,rapid_retry_bot,,52,0,52,52,0,0,0,0,1.3480089289450436,38.57541213817877,370.9174244055651,169.40683006516713,0.4567238391042419,2.677179358856038,0.272773921622822,332.0989253476756,337.1820965275573,1.6304895639871022,0.0384615384615384,0,0,0,0.0,52.0,1,1402,1402.0,0.0,1.0,1.0,0.0,1,1,0.0,0,,0.10328814696724253,0
session_4b2609996b,user_0001920,multi_session_bot,,1,0,1,0,0,0,0,0,1.22994262770323,0.8130460539182871,813.0460539182872,0.0,0.0,-0.0,0.0,0.0,,1.584962500721156,1.0,0,0,0,0.0,1.0,3,3579,3578.6666666666665,0.0,1.0,0.0,0.0,1,3,0.0,1,,-0.004075722815980565,0
session_4bab8babff,user_0002362,stealth_bot,,24,0,24,0,2,0,0,0,0.4233191761705056,56.6948093802706,1718.0245266748664,1265.6790819946375,0.7367060611435413,4.331976694984912,0.7833100696013354,1390.0384258864208,1891.9509175276603,1.690227814282422,0.1666666666666666,3111,686,1130,205.29166666666663,0.0048711183275827,1,4328,4328.0,0.0,1.0,0.0,0.0,1,1,0.0,0,,0.17196821779851257,1
session_4bd961a9d1,user_0001412,rapid_retry_bot,,56,0,56,56,0,0,0,0,1.3465554534304005,41.58759288920327,371.31779365360063,158.2095417303237,0.4260758424033837,2.6111010079830503,0.2622391337935226,343.12414682779166,339.11473653409524,1.627887561100661,0.0,0,0,0,0.0,56.0,1,1367,1367.0,0.0,1.0,1.0,0.0,1,1,0.0,0,,0.10383262786157588,0
session_4c93e972dd,user_0001718,multi_session_bot,,1,0,1,1,0,0,0,0,1.568748930295164,0.6374506338702953,637.4506338702953,0.0,0.0,-0.0,0.0,0.0,0.0,2.0,1.0,0,0,0,0.0,1.0,7,2550,2549.5,0.0,1.0,1.0,0.0,1,7,0.0,1,,0.009201052814126642,0
session_4d0cb22484,user_0002948,adaptive_bot,,27,0,27,0,0,2,0,0,1.098333961327865,24.582687006561745,744.9299092897498,556.1432838973107,0.7465712907507809,3.1118354069094427,0.7967555133499533,484.9707175888132,729.1440874304153,1.6237291279260395,0.1111111111111111,715,135,150,37.03703703703704,0.027,1,4914,4914.0,0.0,1.0,0.0,0.0813580712094714,1,1,0.0,0,,0.13270071062557676,0
session_4d2eac8838,user_0001675,multi_session_bot,,1,0,1,0,0,0,0,0,3.99825524283838,0.250109094908632,250.10909490863204,0.0,0.0,-0.0,0.0,0.0,,1.584962500721156,1.0,0,0,0,0.0,1.0,6,2329,2327.333333333333,0.0,1.0,0.0,0.0,1,6,0.0,1,,0.028194196951973227,0
session_4db79af88b,user_0002923,adaptive_bot,,33,0,33,0,0,4,0,0,1.10129604232436,29.964694988235188,788.5446049535577,507.78679258497846,0.6439544312333291,3.533157527687528,0.5523489314530019,427.6884125933561,554.5678362399163,1.6092478772318124,0.0303030303030303,897,264,111,38.54545454545455,0.025943396226415,1,4889,4889.0,0.0,1.0,0.0,0.1334904293726497,1,1,0.0,0,,0.13127325339209395,0
session_4dd0de7fbf,user_0002607,adaptive_bot,,28,0,28,0,0,2,0,0,1.026804241521931,27.26907317649794,852.1585367655607,374.5734701632361,0.4395584319145134,3.6556390622295662,0.5743849514976324,498.0950123145566,631.3094641609574,1.5453453896074427,0.3571428571428571,790,111,166,38.10714285714285,0.0262417994376757,1,4573,4573.0,0.0,1.0,0.0,0.0733431601087093,1,1,0.0,0,,0.12376182406682135,0
session_4dd54c8891,user_0002316,stealth_bot,,21,0,21,0,2,0,6,0,0.3993430677492159,52.58636419648037,1460.7323387911213,829.8928801631379,0.5681348034301369,4.228972140861,0.8396129360182846,1574.9180675009834,2138.868260050749,2.0366259741717427,0.3333333333333333,4719,1438,997,340.6666666666667,0.0029354207436399,1,4282,4282.0,0.0,1.0,0.0,0.0,1,1,0.0,0,,0.18798576285824653,1
session_4de2346a53,user_0001863,multi_session_bot,,1,0,1,1,0,0,0,0,2.795870564675451,0.3576703487759926,357.67034877599264,0.0,0.0,-0.0,0.0,0.0,0.0,2.0,1.0,0,0,0,0.0,1.0,5,3287,3286.5,0.0,1.0,1.0,0.0,1,5,0.0,1,,0.026060552180724672,0
session_4eb6445f5b,user_0002307,stealth_bot,,19,0,19,0,1,0,6,0,0.4340112511552534,43.77766693703377,1326.5959677889025,749.842754728826,0.5652382284702877,4.066677073707229,0.7278270323913255,1260.9535554805566,1610.0750232224134,2.018816587212512,0.0526315789473684,3737,1063,497,278.7894736842105,0.0035869360015102,1,4273,4273.0,0.0,1.0,0.0,0.0,1,1,0.0,0,,0.16157258350852943,1
session_4f17e97285,user_0001959,multi_session_bot,,1,0,1,0,0,0,0,0,1.3567468170378223,0.7370571925742891,737.0571925742892,0.0,0.0,-0.0,0.0,0.0,,1.584962500721156,1.0,0,0,0,0.0,1.0,7,3768,3766.3333333333335,0.0,1.0,0.0,0.0,1,7,0.0,1,,-0.0027452774890152076,0
session_4f4c727350,user_0000356,human,,1,0,1,0,0,0,1,1,0.2940411883946383,3.4008840919860552,1133.6280306620183,667.1693145425438,0.5885257743255775,1.584962500721156,0.0,0.0,,2.321928094887362,1.0,73,16,3,92.0,0.0108695652173913,1,311,311.0,0.0,1.0,0.0,0.0,0,1,0.0,0,,-0.08520832956965135,0
session_4fa17a407b,user_0001805,multi_session_bot,,1,0,1,0,0,0,0,0,2.205796073011482,0.4533510655111201,453.35106551112017,0.0,0.0,-0.0,0.0,0.0,,1.584962500721156,1.0,0,0,0,0.0,1.0,6,3001,3001.0,0.0,1.0,0.0,0.0,1,6,0.0,1,,0.005774288249907333,0
session_4fb5668a8c,user_0001465,rapid_retry_bot,,32,0,32,32,0,0,0,0,1.3685819838939617,23.38186559270049,365.3416498859451,155.6237296036825,0.4259676652039705,2.5876396107298443,0.2344608247971206,326.1785427751348,324.80349899270993,1.6514592339397052,0.0,0,0,0,0.0,32.0,1,1420,1420.0,0.0,1.0,1.0,0.0,1,1,0.0,0,,0.09921268481000456,0
session_4fe5c3ab97,user_0001637,multi_session_bot,,1,0,1,1,0,0,0,0,1.0353718238084086,0.9658365980268804,965.8365980268804,0.0,0.0,-0.0,0.0,0.0,0.0,2.0,1.0,0,0,0,0.0,1.0,7,2134,2133.5,0.0,1.0,1.0,0.0,1,7,0.0,1,,0.004443697220241849,0
session_501446ab17,user_0001537,multi_session_bot,,1,0,1,0,0,0,0,0,1.289456955460871,0.7755202651511428,775.5202651511428,0.0,0.0,-0.0,0.0,0.0,,1.584962500721156,1.0,0,0,0,0.0,1.0,4,1634,1634.0,0.0,1.0,0.0,0.0,1,4,0.0,1,,-0.002177307264531081,0
session_501fc44441,user_0001986,multi_session_bot,,1,0,1,0,0,0,0,0,0.972916108774092,1.0278378484862736,1027.8378484862735,0.0,0.0,-0.0,0.0,0.0,,1.584962500721156,1.0,0,0,0,0.0,1.0,4,3898,3897.0,0.0,1.0,0.0,0.0,1,4,0.0,1,,-0.009168049530695,0
session_5060141e21,user_0001805,multi_session_bot,,1,0,1,0,0,0,0,0,2.4091285210404947,0.4150878590603806,415.0878590603806,0.0,0.0,-0.0,0.0,0.0,,1.584962500721156,1.0,0,0,0,0.0,1.0,6,3001,2999.6666666666665,0.0,1.0,0.0,0.0,1,6,0.0,1,,0.010634790817110162,0
session_5064e37fdf,user_0001516,multi_session_bot,,1,0,1,1,0,0,0,0,1.929473678822536,0.5182760516382122,518.2760516382123,0.0,0.0,-0.0,0.0,0.0,0.0,2.0,1.0,0,0,0,0.0,1.0,4,1526,1525.75,0.0,1.0,1.0,0.0,1,4,0.0,1,,0.013524865008635478,0
session_50683e0c10,user_0002733,adaptive_bot,,37,0,37,0,0,6,0,0,1.015946436718019,36.41924284859668,846.9591360138763,695.6550071787157,0.8213560461166314,3.680714754098339,0.770768400142192,461.1827245383944,687.7386076591888,1.6553676445246344,0.1891891891891892,1377,318,71,47.729729729729726,0.0209513023782559,1,4699,4699.0,0.0,1.0,0.0,0.1647480708191382,1,1,0.0,0,,0.13352276494791604,0
session_508ef3bc5d,user_0002340,stealth_bot,,17,0,17,0,1,0,11,0,0.2918603242215685,58.24704007076443,1713.1482373754243,1402.6180387755726,0.8187371111121183,4.278351811711311,0.917101428786662,2250.43374065949,2870.085618139575,2.072802701180349,0.1764705882352941,2197,580,841,212.8235294117647,0.0046987285793255,1,4306,4306.0,0.0,1.0,0.0,0.0,1,1,0.0,0,,0.17743968262876775,1
session_50e69129fe,user_0000645,aggressive_bot,,50,0,50,35,4,0,0,0,3.883438515438153,12.875187749524263,257.50375499048533,49.74336861337844,0.1931753135608311,1.1974776241409462,0.1952092708173847,91.37310454781183,127.192167208764,1.758493555726779,0.04,0,0,0,0.0,50.0,1,600,600.0,0.0,1.0,0.7,0.0,1,1,0.0,0,,0.14910319002200356,0
session_521506835b,user_0002793,adaptive_bot,,22,0,22,0,0,3,0,0,0.8272047960175747,26.59559048244758,1063.8236192979032,809.4426452725532,0.7608804980347823,3.7034651896016464,0.8422347129259777,585.6608501483436,884.3893800575113,1.638606396395652,0.1818181818181818,338,231,113,31.0,0.032258064516129,1,4759,4759.0,0.0,1.0,0.0,0.1128006540023965,1,1,0.0,0,,0.12962043979102,0
session_527dcbadca,user_0001102,rapid_retry_bot,,53,0,53,53,0,0,0,0,1.3150962819109502,40.30123172653667,380.2002993069497,173.18264636859035,0.4555037086616642,2.662824913884236,0.2310523445025102,342.79243953621733,343.0576673003529,1.629807143165183,0.0566037735849056,0,0,0,0.0,53.0,1,1057,1057.0,0.0,1.0,1.0,0.0,1,1,0.0,0,,0.10433610118022163,0
session_52a6af90f7,user_0000362,human,,1,0,1,0,0,0,0,0,0.8319233753267534,1.2020337805837362,601.0168902918682,354.1618138689108,0.5892709832113392,1.0,0.0,0.0,,2.0,1.0,22,5,5,32.0,0.03125,1,317,317.0,0.0,1.0,0.0,0.0,0,1,0.0,0,,-0.12551282026275784,0
session_530964fa74,user_0001945,multi_session_bot,,1,0,1,0,0,0,0,0,2.6283367008208915,0.3804687579364076,380.4687579364076,0.0,0.0,-0.0,0.0,0.0,,1.584962500721156,1.0,0,0,0,0.0,1.0,6,3705,3704.0,0.0,1.0,0.0,0.0,1,6,0.0,1,,0.015144864875522246,0
session_534cb10399,user_0000099,human,,1,0,1,0,0,0,0,0,0.2741305938884903,3.647896376012578,1215.9654586708596,722.1329289180047,0.593876186012183,1.584962500721156,0.0,0.0,,1.9219280948873625,1.0,27,6,8,41.0,0.024390243902439,1,54,54.0,0.0,1.0,0.0,0.0,0,1,0.0,0,,-0.10639634593963848,0
session_538ac8ac93,user_0000713,aggressive_bot,,56,0,56,40,2,0,0,0,3.779471587647352,14.816886091438755,264.5872516328349,55.545695433948005,0.2099333777087197,1.3445428168705804,0.2101269587212391,95.38717911918236,132.0750908673967,1.6935381145261978,0.0357142857142857,0,0,0,0.0,56.0,1,668,668.0,0.0,1.0,0.7142857142857143,0.0,1,1,0.0,0,,0.13907808871150307,0
session_53d72f5039,user_0000439,human,,1,0,1,0,0,0,0,1,0.2218536329485684,4.507476333424869,2253.7381667124346,1002.3488995644324,0.4447494897007381,1.0,0.0,0.0,,2.0,1.0,29,15,2,46.0,0.0217391304347826,1,394,394.0,0.0,1.0,0.0,0.0,0,1,0.0,0,,-0.09204364210179034,0
session_547a966b83,user_0001637,multi_session_bot,,1,0,1,0,0,0,0,0,3.201476693376506,0.3123558581790981,312.35585817909816,0.0,0.0,-0.0,0.0,0.0,,1.584962500721156,1.0,0,0,0,0.0,1.0,7,2134,2133.6666666666665,0.0,1.0,0.0,0.0,1,7,0.0,1,,0.02375472998431194,0
session_55bd024309,user_0000661,aggressive_bot,,33,0,33,25,4,0,0,0,3.8979833882122255,8.465916016931807,256.5429096039942,57.93459758932101,0.2258280990059333,1.3291408183242783,0.2244076128350009,87.93081322095227,127.66188030755148,1.8242706609083847,0.0303030303030303,0,0,0,0.0,33.0,1,616,616.0,0.0,1.0,0.7575757575757576,0.0,1,1,0.0,0,,0.14533929138225066,0
session_55d4469bb9,user_0000936,aggressive_bot,,74,0,74,57,4,0,0,0,3.824553226172882,19.34866522280032,261.468448956761,54.84301401914969,0.2097500261999836,1.248763681109561,0.2111994443259921,91.66310399961336,129.17530766246637,1.7167510942352904,0.027027027027027,0,0,0,0.0,74.0,1,891,891.0,0.0,1.0,0.7702702702702703,0.0,1,1,0.0,0,,0.14914420211382529,0
session_55d6bf2a63,user_0001644,multi_session_bot,,1,0,1,0,0,0,0,0,2.080403522308509,0.4806759790958031,480.6759790958032,0.0,0.0,-0.0,0.0,0.0,,1.584962500721156,1.0,0,0,0,0.0,1.0,7,2167,2165.6666666666665,0.0,1.0,0.0,0.0,1,7,0.0,1,,0.00485368394474206,0
session_55d8c0a906,user_0002105,stealth_bot,,9,0,9,0,1,0,4,0,0.3398998650532756,26.47838650535901,1471.0214725199448,726.8824894597542,0.4941345201539189,3.461320140211008,0.7769549865865131,1966.46090439425,2242.6351221201494,2.1981174211304038,0.1111111111111111,811,302,182,143.88888888888889,0.0069498069498069,1,4071,4071.0,0.0,1.0,0.0,0.0,1,1,0.0,0,,0.13233573702326773,0
session_55f5514e9d,user_0001373,rapid_retry_bot,,52,0,52,52,0,0,0,0,1.3857321161000131,37.52529034713299,360.82009949166337,157.3036877956041,0.4359615443186766,2.6230419467700323,0.2139852890347182,324.3555798891851,318.34981257447043,1.6304895639871022,0.0769230769230769,0,0,0,0.0,52.0,1,1328,1328.0,0.0,1.0,1.0,0.0,1,1,0.0,0,,0.10115868763724023,0
session_566c3b4715,user_0001630,multi_session_bot,,1,0,1,0,0,0,0,0,1.9734645413677605,0.5067230644574563,506.7230644574563,0.0,0.0,-0.0,0.0,0.0,,1.584962500721156,1.0,0,0,0,0.0,1.0,6,2096,2095.0,0.0,1.0,0.0,0.0,1,6,0.0,1,,0.003351327794864245,0
session_56761a4302,user_0000003,human,,20,19,1,0,0,0,3,5,0.3525975578538338,56.72189030954894,1620.625437415684,1504.4165113037106,0.9282937787911776,4.457575159678481,0.7604940411294795,1868.406809790921,1589.824807565131,2.2685883109335334,0.1,2964,1086,1114,258.2,0.0038729666924864,1,1,1.0,0.95,0.05,0.0,0.0,0,1,0.0,0,,0.14748983860958287,0
session_56955e471e,user_0000683,aggressive_bot,,78,0,78,56,2,0,0,0,3.872235467566441,20.14340312032217,258.2487579528483,55.33398432814406,0.214266216677205,1.397795986360843,0.2148496551013461,93.50645615066158,128.98664901424482,1.6657062366697557,0.0256410256410256,0,0,0,0.0,78.0,1,638,638.0,0.0,1.0,0.717948717948718,0.0,1,1,0.0,0,,0.14153536598580085,0
session_572a586bab,user_0000711,aggressive_bot,,57,0,57,41,6,0,0,0,3.8281479743741142,14.889706558252689,261.22292207460856,57.622755525352666,0.2205884348422336,1.294252425358057,0.2190443216250775,90.86873520460266,128.72518020305327,1.783560689252224,0.0526315789473684,0,0,0,0.0,57.0,1,666,666.0,0.0,1.0,0.7192982456140351,0.0,1,1,0.0,0,,0.1495869725997383,0
session_5730f93367,user_0001731,multi_session_bot,,1,0,1,0,0,0,0,0,2.723206929865705,0.3672141066596489,367.2141066596489,0.0,0.0,-0.0,0.0,0.0,,1.584962500721156,1.0,0,0,0,0.0,1.0,4,2616,2615.0,0.0,1.0,0.0,0.0,1,4,0.0,1,,0.016170272754750026,0
session_5752487527,user_0000172,human,,1,0,1,0,0,0,1,1,0.2530614392338197,3.951609549948208,1317.2031833160693,238.82322206678376,0.1813108448960353,1.584962500721156,0.0,0.0,,2.321928094887362,1.0,26,12,7,45.0,0.0222222222222222,1,127,127.0,0.0,1.0,0.0,0.0,0,1,0.0,0,,-0.10676787236591073,0
session_58cc302667,user_0001079,rapid_retry_bot,,40,0,40,40,0,0,0,0,1.3225696243674312,30.244154457374226,378.05193071717787,161.72041722084455,0.4277730229126332,2.635031727380474,0.23167375773427,345.3156478150747,339.30200692705154,1.6409180192044832,0.05,0,0,0,0.0,40.0,1,1034,1034.0,0.0,1.0,1.0,0.0,1,1,0.0,0,,0.1028801085151414,0
session_58d4af80bf,user_0002660,adaptive_bot,,22,0,22,0,0,3,0,0,1.184218861775091,18.577647012835943,619.2549004278648,554.7224547017087,0.8957901735108299,3.0256051990169435,0.7802421954924579,409.2973315568465,585.8507699410006,1.7900356591610944,0.1818181818181818,824,494,165,67.4090909090909,0.0148347943358057,1,4626,4626.0,0.0,1.0,0.0,0.1614843902420578,1,1,0.0,0,,0.1396195294711704,0
session_598042ee2c,user_0001863,multi_session_bot,,1,0,1,0,0,0,0,0,3.2591772184417045,0.3068259051215771,306.8259051215771,0.0,0.0,-0.0,0.0,0.0,,1.584962500721156,1.0,0,0,0,0.0,1.0,5,3287,3285.6666666666665,0.0,1.0,0.0,0.0,1,5,0.0,1,,0.02395936017070277,0
session_59a8f488f0,user_0001383,rapid_retry_bot,,31,0,31,31,0,0,0,0,1.3970789892469508,22.189153396909592,357.88957091789666,148.68669954435387,0.4154541278277819,2.5064930725632286,0.23651948160345,320.5335940126684,316.4088771568036,1.6530967573587076,0.032258064516129,0,0,0,0.0,31.0,1,1338,1338.0,0.0,1.0,1.0,0.0,1,1,0.0,0,,0.09921885618328707,0
session_59c54bcc63,user_0002546,adaptive_bot,,33,0,33,0,0,2,0,0,1.2923441897215435,25.534993125252782,729.5712321500796,617.4015044253199,0.8462525346645174,3.545685246510092,0.850433493605044,373.9260897266137,584.1874422400084,1.4042539944672463,0.0303030303030303,568,51,156,23.484848484848484,0.0425806451612903,1,4512,4512.0,0.0,1.0,0.0,0.0783238902861541,1,1,0.0,0,,0.13680562719755995,0
session_59d6793ffb,user_0002625,adaptive_bot,,47,0,47,0,0,3,0,0,1.220559891569099,38.506918279592846,755.0376133253499,509.3963011191321,0.6746634765328312,3.536937784705131,0.6985046214978066,406.13167147742536,571.397750336462,1.4284426011885407,0.2340425531914893,1037,529,283,39.340425531914896,0.0254191454840454,1,4591,4591.0,0.0,1.0,0.0,0.0779080781852616,1,1,0.0,0,,0.1388280122798845,0
session_5a382db253,user_0001773,multi_session_bot,,1,0,1,0,0,0,0,0,1.3363965726352591,0.748280877455474,748.280877455474,0.0,0.0,-0.0,0.0,0.0,,1.584962500721156,1.0,0,0,0,0.0,1.0,7,2843,2841.0,0.0,1.0,0.0,0.0,1,7,0.0,1,,-0.0030006889244736934,0
session_5a576e1817,user_0002802,adaptive_bot,,32,0,32,0,0,3,0,0,1.1370403556224788,28.1432403359874,740.611587789142,569.4749709854261,0.7689252779387515,3.5666034236559345,0.8638973565738867,444.1053724094672,650.0104832356245,1.6112822506763769,0.375,2074,395,183,82.875,0.0120663650075414,1,4768,4768.0,0.0,1.0,0.0,0.1065975333396073,1,1,0.0,0,,0.14042423022755224,0
session_5b7615b45c,user_0001576,multi_session_bot,,1,0,1,0,0,0,0,0,2.311874871324741,0.4325493617338312,432.5493617338312,0.0,0.0,-0.0,0.0,0.0,,1.584962500721156,1.0,0,0,0,0.0,1.0,6,1829,1827.6666666666667,0.0,1.0,0.0,0.0,1,6,0.0,1,,0.009083898576707328,0
session_5bb366fdd0,user_0001886,multi_session_bot,,1,0,1,1,0,0,0,0,2.124803162010368,0.470631829752106,470.631829752106,0.0,0.0,-0.0,0.0,0.0,0.0,2.0,1.0,0,0,0,0.0,1.0,7,3412,3410.5,0.0,1.0,1.0,0.0,1,7,0.0,1,,0.015541514038238446,0
session_5be7fdd94c,user_0001959,multi_session_bot,,1,0,1,0,0,0,0,0,1.968976246828218,0.5078781430760675,507.8781430760675,0.0,0.0,-0.0,0.0,0.0,,1.584962500721156,1.0,0,0,0,0.0,1.0,7,3768,3767.0,0.0,1.0,0.0,0.0,1,7,0.0,1,,0.003351327794864245,0
session_5c70710d66,user_0001867,multi_session_bot,,1,0,1,1,0,0,0,0,1.332432578253098,0.7505070172564094,750.5070172564094,0.0,0.0,-0.0,0.0,0.0,0.0,2.0,1.0,0,0,0,0.0,1.0,7,3308,3306.5,0.0,1.0,1.0,0.0,1,7,0.0,1,,0.008283489362025165,0
session_5c73b536e5,user_0002306,stealth_bot,,14,0,14,0,0,0,2,0,0.3180250265024317,44.02169273899251,2751.3557961870324,3708.1019453783138,1.3477362508030362,3.75,1.209609163470018,1502.9180979689074,3149.202195496383,1.4507789614316198,0.1428571428571428,1116,190,237,110.21428571428572,0.0090732339598185,1,4272,4272.0,0.0,1.0,0.0,0.0,1,1,0.0,0,,0.16715948608314024,1
session_5c96f290f8,user_0002252,stealth_bot,,17,0,17,0,2,0,4,0,0.5036108728261085,33.75622115662686,1164.0076260905812,849.1108798001567,0.7294719216333384,3.823498236506882,0.9756206166210932,1455.1544510542394,1860.244665921592,2.0549396685534145,0.1764705882352941,2759,904,659,254.23529411764707,0.0039333641832484,1,4218,4218.0,0.0,1.0,0.0,0.0,1,1,0.0,0,,0.16817483786650533,1
session_5ca6e18122,user_0000157,human,,1,0,1,0,1,0,0,0,0.3428212487232316,2.9169720480404804,1458.4860240202402,413.0598296888129,0.2832113732226485,1.0,0.0,0.0,,2.0,1.0,38,16,6,60.0,0.0166666666666666,1,112,112.0,0.0,1.0,0.0,0.0,0,1,0.0,0,,-0.08548591414532786,0
session_5cb1b9c3ce,user_0001863,multi_session_bot,,1,0,1,0,0,0,0,0,1.35560471131041,0.7376781680209265,737.6781680209265,0.0,0.0,-0.0,0.0,0.0,,1.584962500721156,1.0,0,0,0,0.0,1.0,5,3287,3287.0,0.0,1.0,0.0,0.0,1,5,0.0,1,,-0.0027452774890152076,0
session_5cd27e63b0,user_0002902,adaptive_bot,,36,0,36,0,0,5,0,0,1.2573402279010295,28.63186844828582,753.470222323311,672.0196759169269,0.8918994487197743,3.458712227074096,0.8741525757237127,343.05373296961903,569.3373869511115,1.498875087658821,0.3888888888888889,185,18,18,6.138888888888889,0.1628959276018099,1,4868,4868.0,0.0,1.0,0.0,0.1746305872084763,1,1,0.0,0,,0.12029640198528824,0
session_5d1b7b3fbf,user_0002138,stealth_bot,,25,0,25,0,7,0,6,0,0.3863720384122614,64.70447525844207,1578.1579331327337,1090.7296933539378,0.6911410261638244,4.454636150748477,1.038886852586387,1681.018307371094,2389.0963907211158,2.0047614822543416,0.04,6883,2101,1161,405.8,0.0024642681123706,1,4104,4104.0,0.0,1.0,0.0,0.0,1,1,0.0,0,,0.21673578754397438,1
session_5d235763af,user_0002766,adaptive_bot,,39,0,39,0,0,4,0,0,0.9841404967263088,39.62848813734566,825.5935028613679,678.6445346811386,0.8220080854913114,3.6123156904282254,0.9759660536924684,561.9271597137372,900.4053086506993,1.645402194271837,0.4871794871794871,2838,208,723,96.64102564102564,0.0103475723003449,1,4732,4732.0,0.0,1.0,0.0,0.1009374868437239,1,1,0.0,0,,0.14665895727483058,0
session_5d68299928,user_0000826,aggressive_bot,,42,0,42,35,1,0,0,0,4.153014524507074,10.113135832334956,240.7889483889275,61.95706574181708,0.2573085939216059,1.1280180176532146,0.260382567608822,82.67983624197653,120.29878495604696,1.691759360361457,0.0952380952380952,0,0,0,0.0,42.0,1,781,781.0,0.0,1.0,0.8333333333333334,0.0,1,1,0.0,0,,0.12732799558139585,0
session_5df8b05ae2,user_0000142,human,,1,0,1,0,0,0,1,1,0.5131423290164993,1.9487770613596107,649.5923537865369,600.5742648127878,0.9245402309802172,1.584962500721156,0.0,0.0,,2.321928094887362,1.0,23,2,6,31.0,0.032258064516129,1,97,97.0,0.0,1.0,0.0,0.0,0,1,0.0,0,,-0.07491404134998808,0
session_5e9b13a843,user_0001754,multi_session_bot,,1,0,1,1,0,0,0,0,1.205615508930818,0.8294518381625955,829.4518381625954,0.0,0.0,-0.0,0.0,0.0,0.0,2.0,1.0,0,0,0,0.0,1.0,7,2747,2747.0,0.0,1.0,1.0,0.0,1,7,0.0,1,,0.00686445857871032,0
session_5eb9176a8f,user_0001074,rapid_retry_bot,,34,0,34,34,0,0,0,0,1.3560077530827312,25.07360295153536,368.7294551696376,147.0800430016821,0.3988833572680448,2.4967713398210813,0.1878909820528387,336.65416579853417,322.28525487969927,1.6484305290518142,0.0588235294117647,0,0,0,0.0,34.0,1,1029,1029.0,0.0,1.0,1.0,0.0,1,1,0.0,0,,0.0964563030175396,0
session_5ee8d200a6,user_0001706,multi_session_bot,,1,0,1,0,0,0,0,0,4.316258109147693,0.2316821595725804,231.6821595725804,0.0,0.0,-0.0,0.0,0.0,,1.584962500721156,1.0,0,0,0,0.0,1.0,5,2482,2481.0,0.0,1.0,0.0,0.0,1,5,0.0,1,,0.030603321263470096,0
session_5fa9872cfe,user_0000569,aggressive_bot,,34,0,34,21,3,0,0,0,3.8508522139015953,8.829214446937183,259.6827778510936,60.9589131446736,0.2347437656402013,1.336147408537819,0.2358726585601696,94.582651734622,131.47428447563075,1.7763520736291012,0.0588235294117647,0,0,0,0.0,34.0,1,524,524.0,0.0,1.0,0.6176470588235294,0.0,1,1,0.0,0,,0.14798385401252967,0
session_5ff7780e92,user_0002645,adaptive_bot,,62,0,62,0,0,4,0,0,1.365470174759777,45.40560544349309,677.6956036342252,618.2273655618162,0.9122493376768224,3.26518651526949,0.937075434575304,388.5956773855684,691.4947803155452,1.409895287753225,0.032258064516129,3158,761,430,70.14516129032258,0.0142561508392733,1,4611,4611.0,0.0,1.0,0.0,0.0880948499845017,1,1,0.0,0,,0.1590209310604802,1
session_60b4039459,user_0001650,multi_session_bot,,1,0,1,0,0,0,0,0,2.646766672912367,0.3778194769619231,377.8194769619232,0.0,0.0,-0.0,0.0,0.0,,1.584962500721156,1.0,0,0,0,0.0,1.0,5,2195,2194.333333333333,0.0,1.0,0.0,0.0,1,5,0.0,1,,0.015261057966090341,0
session_60b99b9a41,user_0002680,adaptive_bot,,39,0,39,0,0,5,0,0,0.8762858119019117,44.506026995180335,989.0228221151184,906.2454609876968,0.9163038918046456,3.8666213650015138,0.9327045445683348,526.3243876399966,854.3102853914687,1.6098443346627955,0.1794871794871795,1725,365,200,58.71794871794872,0.0170305676855895,1,4646,4646.0,0.0,1.0,0.0,0.1123443348592194,1,1,0.0,0,,0.14851890721780892,0
session_60dd5669bc,user_0000658,aggressive_bot,,38,0,38,25,5,0,0,0,3.919142573669373,9.6959983684446,255.1578518011736,58.87154989555999,0.2307259975735898,1.3146246119280174,0.2323216993280977,90.19137879897418,127.87311290524468,1.820452629013133,0.0526315789473684,0,0,0,0.0,38.0,1,613,613.0,0.0,1.0,0.6578947368421053,0.0,1,1,0.0,0,,0.14831511171628053,0
session_610ea63a89,user_0001798,multi_session_bot,,1,0,1,1,0,0,0,0,1.9161475563421504,0.5218804766314346,521.8804766314346,0.0,0.0,-0.0,0.0,0.0,0.0,2.0,1.0,0,0,0,0.0,1.0,5,2960,2959.0,0.0,1.0,1.0,0.0,1,5,0.0,1,,0.013524865008635478,0
session_6150b74e3e,user_0002403,stealth_bot,,19,0,19,0,0,0,4,0,0.5298023733693069,35.86242900190965,1328.238111181839,707.0855492531192,0.5323484872934183,3.736006946447657,0.7261590627613221,1024.8277516678145,1327.4700648766748,1.7796687344253763,0.1578947368421052,2080,843,658,188.47368421052636,0.0053057805082379,1,4369,4369.0,0.0,1.0,0.0,0.0,1,1,0.0,0,,0.15118272288035595,1
session_618a902f76,user_0001689,multi_session_bot,,1,0,1,0,0,0,0,0,1.720254044973382,0.5813094890966952,581.3094890966952,0.0,0.0,-0.0,0.0,0.0,,1.584962500721156,1.0,0,0,0,0.0,1.0,5,2394,2394.0,0.0,1.0,0.0,0.0,1,5,0.0,1,,0.0007302668388039502,0
session_62037e07a0,user_0000855,aggressive_bot,,59,0,59,50,6,0,0,0,3.801332166244968,15.52087463545218,263.0656717873251,56.22803805762475,0.2137414497132951,1.3668748480002433,0.215350672924121,87.99349425468691,128.5252951929026,1.7834713157308404,0.0508474576271186,0,0,0,0.0,59.0,1,810,810.0,0.0,1.0,0.847457627118644,0.0,1,1,0.0,0,,0.14973348967306177,0
session_62131a4144,user_0000119,human,,1,0,1,0,0,0,0,1,0.244226117359369,4.094566178311469,2047.2830891557344,963.557811350842,0.470651966235015,1.0,0.0,0.0,,2.0,1.0,9,2,3,14.0,0.0714285714285714,1,74,74.0,0.0,1.0,0.0,0.0,0,1,0.0,0,,-0.08286334269290346,0
session_6274844cb1,user_0001650,multi_session_bot,,1,0,1,0,0,0,0,0,3.216259927507596,0.3109201440615338,310.92014406153385,0.0,0.0,-0.0,0.0,0.0,,1.584962500721156,1.0,0,0,0,0.0,1.0,5,2195,2195.0,0.0,1.0,0.0,0.0,1,5,0.0,1,,0.023698582144248248,0
session_62817fba94,user_0000068,human,,1,0,1,0,0,0,1,0,0.1832353060380581,5.457463529393724,2728.7317646968622,1787.134376232675,0.6549322287202567,1.0,0.0,0.0,,2.0,1.0,15,5,3,23.0,0.0434782608695652,1,23,23.0,0.0,1.0,0.0,0.0,0,1,0.0,0,,-0.06421856804309561,0
session_62c8556e3e,user_0001650,multi_session_bot,,1,0,1,0,0,0,0,0,1.7977655041907208,0.556246071953727,556.246071953727,0.0,0.0,-0.0,0.0,0.0,,1.584962500721156,1.0,0,0,0,0.0,1.0,5,2195,2193.6666666666665,0.0,1.0,0.0,0.0,1,5,0.0,1,,0.0019565527411395944,0
session_636a945c3b,user_0001333,rapid_retry_bot,,29,0,29,29,0,0,0,0,1.277620472168666,22.69844655101264,391.3525267415973,179.88235515922676,0.4596427590666859,2.7874093872790184,0.2342374126142063,350.6026591364157,351.53659890379,1.6566549529998111,0.0344827586206896,0,0,0,0.0,29.0,1,1288,1288.0,0.0,1.0,1.0,0.0,1,1,0.0,0,,0.10211730144896014,0
session_64e0c8852c,user_0001893,multi_session_bot,,1,0,1,1,0,0,0,0,1.5425705939705403,0.6482685485570054,648.2685485570055,0.0,0.0,-0.0,0.0,0.0,0.0,2.0,1.0,0,0,0,0.0,1.0,7,3445,3444.0,0.0,1.0,1.0,0.0,1,7,0.0,1,,0.009729124817148826,0
session_6533644501,user_0001861,multi_session_bot,,1,0,1,0,0,0,0,0,1.2966082172672495,0.7712429912773611,771.242991277361,0.0,0.0,-0.0,0.0,0.0,,1.584962500721156,1.0,0,0,0,0.0,1.0,3,3279,3278.333333333333,0.0,1.0,0.0,0.0,1,3,0.0,1,,-0.002177307264531081,0
session_659f9f0f50,user_0002654,adaptive_bot,,56,0,56,0,0,8,0,0,1.0892426122139878,51.41187038778693,829.2237159320472,671.0918960592417,0.8093013781026929,3.697381707917338,0.8378846235360929,453.7999858667805,698.0218144901805,1.556137235789657,0.0,1481,551,18,36.60714285714285,0.0273170731707317,1,4620,4620.0,0.0,1.0,0.0,0.1556060874591411,1,1,0.0,0,,0.13503949909478707,0
session_660ddd2e72,user_0001924,multi_session_bot,,1,0,1,1,0,0,0,0,1.1752760044706403,0.8508639640357613,850.8639640357612,0.0,0.0,-0.0,0.0,0.0,0.0,2.0,1.0,0,0,0,0.0,1.0,3,3600,3599.75,0.0,1.0,1.0,0.0,1,3,0.0,1,,0.007011253857613364,0
session_66ce1c54ae,user_0001954,multi_session_bot,,1,0,1,1,0,0,0,0,3.2461147802846315,0.3080605793958759,308.0605793958759,0.0,0.0,-0.0,0.0,0.0,0.0,2.0,1.0,0,0,0,0.0,1.0,3,3745,3744.75,0.0,1.0,1.0,0.0,1,3,0.0,1,,0.03207339833607714,0
session_673843390a,user_0001921,multi_session_bot,,1,0,1,0,0,0,0,0,2.2239006904856224,0.4496603667053293,449.66036670532935,0.0,0.0,-0.0,0.0,0.0,,1.584962500721156,1.0,0,0,0,0.0,1.0,7,3586,3584.0,0.0,1.0,0.0,0.0,1,7,0.0,1,,0.0065683897632895505,0
session_6750c08a3f,user_0001576,multi_session_bot,,1,0,1,1,0,0,0,0,1.8185902617272032,0.5498764735769847,549.8764735769846,0.0,0.0,-0.0,0.0,0.0,0.0,2.0,1.0,0,0,0,0.0,1.0,6,1829,1829.0,0.0,1.0,1.0,0.0,1,6,0.0,1,,0.012439393654331887,0
session_68532019fb,user_0001714,multi_session_bot,,1,0,1,1,0,0,0,0,1.643543331237139,0.6084415183914094,608.4415183914093,0.0,0.0,-0.0,0.0,0.0,0.0,2.0,1.0,0,0,0,0.0,1.0,4,2526,2525.75,0.0,1.0,1.0,0.0,1,4,0.0,1,,0.010174231063401207,0
session_687fc72c1c,user_0000974,aggressive_bot,,75,0,75,60,5,0,0,0,4.069738951635001,18.42870043786692,245.71600583822564,48.74451234207163,0.1983774405569819,1.2836777033253322,0.1981775401094365,85.16925923846595,120.89488730021957,1.7347676883424965,0.0133333333333333,0,0,0,0.0,75.0,1,929,929.0,0.0,1.0,0.8,0.0,1,1,0.0,0,,0.15129952634439614,1
session_6945590632,user_0001679,multi_session_bot,,1,0,1,0,0,0,0,0,3.370989403626327,0.2966488114510993,296.64881145109933,0.0,0.0,-0.0,0.0,0.0,,1.584962500721156,1.0,0,0,0,0.0,1.0,3,2347,2346.6666666666665,0.0,1.0,0.0,0.0,1,3,0.0,1,,0.02395936017070277,0
session_69c1f30398,user_0001694,multi_session_bot,,1,0,1,0,0,0,0,0,1.8718961630853517,0.5342176664071744,534.2176664071744,0.0,0.0,-0.0,0.0,0.0,,1.584962500721156,1.0,0,0,0,0.0,1.0,6,2421,2421.0,0.0,1.0,0.0,0.0,1,6,0.0,1,,0.00276882059527217,0
session_69eb931b17,user_0001886,multi_session_bot,,1,0,1,0,0,0,0,0,2.891728940592988,0.3458138783211599,345.8138783211599,0.0,0.0,-0.0,0.0,0.0,,1.584962500721156,1.0,0,0,0,0.0,1.0,7,3412,3412.0,0.0,1.0,0.0,0.0,1,7,0.0,1,,0.021159913556505483,0
session_6ae6bbb6ad,user_0001577,multi_session_bot,,1,0,1,0,0,0,0,0,1.770717924633994,0.5647426877472307,564.7426877472307,0.0,0.0,-0.0,0.0,0.0,,1.584962500721156,1.0,0,0,0,0.0,1.0,5,1834,1833.6666666666667,0.0,1.0,0.0,0.0,1,5,0.0,1,,0.0018063490582003183,0
session_6b12db4b1e,user_0001992,multi_session_bot,,1,0,1,0,0,0,0,0,1.801762608860364,0.5550120726683921,555.0120726683922,0.0,0.0,-0.0,0.0,0.0,,1.584962500721156,1.0,0,0,0,0.0,1.0,7,3930,3928.0,0.0,1.0,0.0,0.0,1,7,0.0,1,,0.002267838009749057,0
session_6ba6d065e7,user_0001992,multi_session_bot,,1,0,1,0,0,0,0,0,1.836647994325735,0.5444701451173376,544.4701451173376,0.0,0.0,-0.0,0.0,0.0,,1.584962500721156,1.0,0,0,0,0.0,1.0,7,3930,3928.6666666666665,0.0,1.0,0.0,0.0,1,7,0.0,1,,0.0022171181881671664,0
session_6c337e1ca8,user_0000925,aggressive_bot,,53,0,53,33,5,0,0,0,3.966279149740548,13.362649979759231,252.125471316212,48.96632041079712,0.1942140956848596,0.999743186071085,0.1939336385441072,91.2476005699802,124.66173974296092,1.7645007134841424,0.0566037735849056,0,0,0,0.0,53.0,1,880,880.0,0.0,1.0,0.6226415094339622,0.0,1,1,0.0,0,,0.1485730429994777,0
session_6cae96cac1,user_0001559,multi_session_bot,,1,0,1,0,0,0,0,0,4.186152977720765,0.238882813246942,238.88281324694208,0.0,0.0,-0.0,0.0,0.0,,1.584962500721156,1.0,0,0,0,0.0,1.0,7,1747,1746.0,0.0,1.0,0.0,0.0,1,7,0.0,1,,0.03048366844125472,0
session_6cf879ca7a,user_0001031,rapid_retry_bot,,31,0,31,31,0,0,0,0,1.3458307904171116,23.034099249870938,371.517729836628,160.17631613442083,0.4311404362985774,2.51968607498371,0.2592322643721838,334.84488779053254,336.3177530052211,1.6530967573587076,0.032258064516129,0,0,0,0.0,31.0,1,986,986.0,0.0,1.0,1.0,0.0,1,1,0.0,0,,0.09988876443081307,0
session_6d0a17de93,user_0002412,stealth_bot,,11,0,11,0,1,0,1,0,0.4346923054252108,25.305255838931703,1581.5784899332314,1095.2425094468024,0.6924996238998165,3.327819531114783,0.6568616324790982,1206.2365714266105,1563.6472531727952,1.9194126680510324,0.0909090909090909,485,137,155,70.63636363636364,0.0141570141570141,1,4378,4378.0,0.0,1.0,0.0,0.0,1,1,0.0,0,,0.11599261386073134,0
session_6d1c65f05d,user_0001114,rapid_retry_bot,,33,0,33,33,0,0,0,0,1.372808677129453,24.03830959824868,364.216812094677,127.1820472646552,0.3491932361200137,2.2799075361020864,0.1920947791809653,341.13745261851943,321.82471342121704,1.6499060116098556,0.0303030303030303,0,0,0,0.0,33.0,1,1069,1069.0,0.0,1.0,1.0,0.0,1,1,0.0,0,,0.0962455637615025,0
session_6d4b048dbb,user_0001893,multi_session_bot,,1,0,1,1,0,0,0,0,1.4657765396598863,0.682232231818935,682.232231818935,0.0,0.0,-0.0,0.0,0.0,0.0,2.0,1.0,0,0,0,0.0,1.0,7,3445,3444.5,0.0,1.0,1.0,0.0,1,7,0.0,1,,0.007548929369864954,0
session_6d53f74ae4,user_0001900,multi_session_bot,,1,0,1,0,0,0,0,0,1.646454272856113,0.6073657899197497,607.3657899197497,0.0,0.0,-0.0,0.0,0.0,,1.584962500721156,1.0,0,0,0,0.0,1.0,6,3480,3479.6666666666665,0.0,1.0,0.0,0.0,1,6,0.0,1,,-0.00021472385965665142,0
session_6d8fc83d41,user_0000137,human,,1,0,1,0,0,0,0,0,1.155313171209779,0.8655661728091061,865.5661728091061,0.0,0.0,-0.0,0.0,0.0,,1.584962500721156,1.0,0,2,4,6.0,0.1666666666666666,1,92,92.0,0.0,1.0,0.0,0.0,0,1,0.0,0,,-0.12213318410260882,0
session_6db4bf7785,user_0001334,rapid_retry_bot,,57,0,57,57,0,0,0,0,1.359135269112343,41.9384304825133,367.8809691448535,152.92755285237993,0.4156984614014229,2.5569984828738423,0.2347147110756178,333.7613852188365,329.24461331996173,1.6272868917825,0.0526315789473684,0,0,0,0.0,57.0,1,1289,1289.0,0.0,1.0,1.0,0.0,1,1,0.0,0,,0.10302230120393685,0
session_6dffee4011,user_0001807,multi_session_bot,,1,0,1,1,0,0,0,0,1.1724449509948884,0.8529185094374293,852.9185094374293,0.0,0.0,-0.0,0.0,0.0,0.0,2.0,1.0,0,0,0,0.0,1.0,3,3009,3008.75,0.0,1.0,1.0,0.0,1,3,0.0,1,,0.007011253857613364,0
session_6e0ad598f2,user_0001921,multi_session_bot,,1,0,1,1,0,0,0,0,1.5788748300031157,0.6333624306355093,633.3624306355093,0.0,0.0,-0.0,0.0,0.0,0.0,2.0,1.0,0,0,0,0.0,1.0,7,3586,3585.0,0.0,1.0,1.0,0.0,1,7,0.0,1,,0.009201052814126642,0
session_6ea09b63f4,user_0001501,multi_session_bot,,1,0,1,0,0,0,0,0,2.098497995578169,0.4765313105407491,476.5313105407491,0.0,0.0,-0.0,0.0,0.0,,1.584962500721156,1.0,0,0,0,0.0,1.0,5,1462,1460.6666666666667,0.0,1.0,0.0,0.0,1,5,0.0,1,,0.00485368394474206,0
session_6eb1bfc2b0,user_0001607,multi_session_bot,,1,0,1,1,0,0,0,0,1.9914532966357232,0.502145845794806,502.145845794806,0.0,0.0,-0.0,0.0,0.0,0.0,2.0,1.0,0,0,0,0.0,1.0,3,1980,1979.75,0.0,1.0,1.0,0.0,1,3,0.0,1,,0.013674676812834186,0
session_6ed196439f,user_0002900,adaptive_bot,,50,0,50,0,0,11,0,0,0.7750431216579184,64.51253949979386,977.4627196938465,765.2982206629708,0.7829436409632807,3.859243975651003,0.7016836357484236,624.733618535566,853.8763255644183,1.7934424470118535,0.0,4787,2442,1175,168.08,0.0059495478343645,1,4866,4866.0,0.0,1.0,0.0,0.170509486764742,1,1,0.0,0,,0.18342975164952613,1
session_6ede0506a5,user_0000519,aggressive_bot,,30,0,30,23,4,0,0,0,3.962166755399317,7.571614687624757,252.38715625415855,47.82694975981415,0.1894983503504889,1.0,0.1838291794299857,85.91609625204838,124.20847527080032,1.8406207012984064,0.0666666666666666,0,0,0,0.0,30.0,1,474,474.0,0.0,1.0,0.7666666666666667,0.0,1,1,0.0,0,,0.14273032968022836,0
session_6eee85c88b,user_0001807,multi_session_bot,,1,0,1,0,0,0,0,0,5.220179216067198,0.1915643043292648,191.56430432926484,0.0,0.0,-0.0,0.0,0.0,,1.584962500721156,1.0,0,0,0,0.0,1.0,3,3009,3008.333333333333,0.0,1.0,0.0,0.0,1,3,0.0,1,,0.04953761319173555,0
session_6ef083b993,user_0002221,stealth_bot,,13,0,13,0,0,0,2,0,0.5321026741861703,24.43137505347625,1437.1397090280147,1154.2929238149354,0.8031876904964389,3.4548223999466066,1.1200449326813575,1145.8729728420044,2051.505793470215,1.7215694500104752,0.3846153846153846,1398,320,281,153.76923076923077,0.0065032516258129,1,4187,4187.0,0.0,1.0,0.0,0.0,1,1,0.0,0,,0.13972490238839785,0
session_6f04a6f4dd,user_0001038,rapid_retry_bot,,29,0,29,29,0,0,0,0,1.2899275416044926,22.481882946640543,387.6186714938024,172.85864996932435,0.4459502668000041,2.5793695444233573,0.2849635009016882,349.80453603503975,349.13571151584017,1.6566549529998111,0.0344827586206896,0,0,0,0.0,29.0,1,993,993.0,0.0,1.0,1.0,0.0,1,1,0.0,0,,0.10298831702318412,0
session_6f14bfd026,user_0002264,stealth_bot,,22,0,22,0,3,0,0,0,0.5694689030894202,38.63248700789106,1379.7316788532517,821.0529713514004,0.5950816263302798,3.994680368408909,0.5410172777244524,916.8984184024616,1095.4244758266154,1.638606396395652,0.1818181818181818,3929,905,638,248.72727272727272,0.0040204678362573,1,4230,4230.0,0.0,1.0,0.0,0.0,1,1,0.0,0,,0.17114337568413163,1
session_6f549bdd36,user_0000180,human,,1,0,1,0,0,0,0,0,0.2504434554977256,3.992917275528813,3992.9172755288128,0.0,0.0,-0.0,0.0,0.0,,1.584962500721156,1.0,10,0,2,12.0,0.0833333333333333,1,135,135.0,0.0,1.0,0.0,0.0,0,1,0.0,0,,-0.10870912691722717,0
session_6fb502dbb9,user_0001939,multi_session_bot,,1,0,1,0,0,0,0,0,1.115575452765232,0.8963983543392342,896.3983543392342,0.0,0.0,-0.0,0.0,0.0,,1.584962500721156,1.0,0,0,0,0.0,1.0,7,3676,3675.0,0.0,1.0,0.0,0.0,1,7,0.0,1,,-0.005880339830292569,0
session_6fceb556ca,user_0001637,multi_session_bot,,1,0,1,0,0,0,0,0,3.2841186234473376,0.3044957002650229,304.4957002650229,0.0,0.0,-0.0,0.0,0.0,,1.584962500721156,1.0,0,0,0,0.0,1.0,7,2134,2132.0,0.0,1.0,0.0,0.0,1,7,0.0,1,,0.02395936017070277,0
session_700cf7520f,user_0000539,aggressive_bot,,43,0,43,30,4,0,0,0,3.720485975103548,11.557629913872535,268.78209102029155,52.488533874472544,0.1952828541337226,1.2801326432432485,0.1970030961993451,95.0155151565761,133.01372033489815,1.7794790490709915,0.0232558139534883,0,0,0,0.0,43.0,1,494,494.0,0.0,1.0,0.6976744186046512,0.0,1,1,0.0,0,,0.1487684750677002,0
session_70495f53b5,user_0002632,adaptive_bot,,44,0,44,0,0,5,0,0,1.1027784283918027,39.89922079285303,848.9195913372985,723.2254233153376,0.85193630903964,3.521634063983282,0.8739204458549517,419.1582679063429,670.475457936934,1.4783199512934944,0.2727272727272727,896,78,264,28.13636363636364,0.0355411954765751,1,4598,4598.0,0.0,1.0,0.0,0.1253157304990685,1,1,0.0,0,,0.14087659816072684,0
session_70604d7b6a,user_0001631,multi_session_bot,,1,0,1,1,0,0,0,0,2.283294284273462,0.4379636943374547,437.96369433745474,0.0,0.0,-0.0,0.0,0.0,0.0,2.0,1.0,0,0,0,0.0,1.0,4,2100,2100.0,0.0,1.0,1.0,0.0,1,4,0.0,1,,0.016841142557492694,0
session_7080474efb,user_0001633,multi_session_bot,,1,0,1,0,0,0,0,0,0.8756231447538193,1.1420438187265471,1142.0438187265472,0.0,0.0,-0.0,0.0,0.0,,1.584962500721156,1.0,0,0,0,0.0,1.0,7,2111,2111.0,0.0,1.0,0.0,0.0,1,7,0.0,1,,-0.010154720142212137,0
session_708527cf42,user_0001644,multi_session_bot,,1,0,1,0,0,0,0,0,1.4410633509689252,0.6939320185525721,693.9320185525721,0.0,0.0,-0.0,0.0,0.0,,1.584962500721156,1.0,0,0,0,0.0,1.0,7,2167,2166.333333333333,0.0,1.0,0.0,0.0,1,7,0.0,1,,-0.0030943628187369843,0
session_70aa257a35,user_0001805,multi_session_bot,,1,0,1,0,0,0,0,0,1.886849789232988,0.5299838946938665,529.9838946938665,0.0,0.0,-0.0,0.0,0.0,,1.584962500721156,1.0,0,0,0,0.0,1.0,6,3001,3000.0,0.0,1.0,0.0,0.0,1,6,0.0,1,,0.00276882059527217,0
session_70c90fecd2,user_0002160,stealth_bot,,25,0,25,0,5,0,6,0,0.3993317318103945,62.604591642795306,1605.2459395588542,2107.9140617909998,1.313140877571873,4.1604200911461655,1.027816308059016,1330.4356407423982,2047.9797642299025,1.959796851956709,0.12,4703,1204,1485,295.68,0.0033820346320346,1,4126,4126.0,0.0,1.0,0.0,0.0,1,1,0.0,0,,0.21563421712830444,1
session_70dbfb5702,user_0000323,human,,1,0,1,0,0,0,0,0,1.5078029833847388,0.6632166211497904,663.2166211497904,0.0,0.0,-0.0,0.0,0.0,,1.584962500721156,1.0,8,0,0,8.0,0.125,1,278,278.0,0.0,1.0,0.0,0.0,0,1,0.0,0,,-0.13601563307291165,0
session_7123b58c73,user_0001728,multi_session_bot,,1,0,1,0,0,0,0,0,1.333074125724958,0.7501458326304067,750.1458326304066,0.0,0.0,-0.0,0.0,0.0,,1.584962500721156,1.0,0,0,0,0.0,1.0,4,2599,2598.333333333333,0.0,1.0,0.0,0.0,1,4,0.0,1,,-0.0032042289060797424,0
session_718ee458b0,user_0000247,human,,1,0,1,0,0,0,2,0,0.162018597514068,6.172130948813885,2057.376982937962,1237.3222722341295,0.6014076576608808,1.584962500721156,0.0,0.0,,1.9219280948873625,1.0,91,32,16,139.0,0.0071942446043165,1,202,202.0,0.0,1.0,0.0,0.0,0,1,0.0,0,,-0.04539785737494417,0
session_71a349a7f4,user_0002542,adaptive_bot,,40,0,40,0,0,5,0,0,1.0057039026659886,39.77313789273887,864.6334324508452,819.1729663655639,0.9474222666171704,3.500547825057847,0.8771836577198293,459.6806577487209,744.3728034859575,1.60102214008144,0.05,393,182,122,17.425,0.0573888091822094,1,4508,4508.0,0.0,1.0,0.0,0.1257129878332485,1,1,0.0,0,,0.14747439824661845,0
session_71df2efeaa,user_0000643,aggressive_bot,,34,0,34,28,2,0,0,0,3.746391995687696,9.075398420436484,266.92348295401416,43.31365831885629,0.162269942829715,0.8739810481273578,0.162972746717077,90.35997876509504,129.01176908201333,1.7550797410630845,0.0,0,0,0,0.0,34.0,1,598,598.0,0.0,1.0,0.8235294117647058,0.0,1,1,0.0,0,,0.1342335068106868,0
session_7236272766,user_0001181,rapid_retry_bot,,47,0,47,47,0,0,0,0,1.333670387690953,35.24109137743797,374.9052274195528,159.61151834032756,0.4257383110897727,2.630878030907997,0.2391756234000034,340.4789637252602,339.0464652419241,1.6342750907261827,0.0212765957446808,0,0,0,0.0,47.0,1,1136,1136.0,0.0,1.0,1.0,0.0,1,1,0.0,0,,0.1028801085151414,0
session_7276c5b51d,user_0002375,stealth_bot,,13,0,13,0,1,0,1,0,0.4343977535122719,29.9264899389788,1870.4056211861748,1603.593697985336,0.8573507691707899,3.875,0.9975285622893826,1320.5526809931769,2149.8083281595755,1.6998428398862389,0.3846153846153846,864,377,346,122.07692307692308,0.0081915563957151,1,4341,4341.0,0.0,1.0,0.0,0.0,1,1,0.0,0,,0.14253170373686652,0
session_72b13f9038,user_0001703,multi_session_bot,,1,0,1,0,0,0,0,0,2.8573921819268238,0.3499694603789637,349.96946037896373,0.0,0.0,-0.0,0.0,0.0,,1.584962500721156,1.0,0,0,0,0.0,1.0,6,2466,2465.0,0.0,1.0,0.0,0.0,1,6,0.0,1,,0.020655191499307723,0
session_72b2ba3fe4,user_0001999,multi_session_bot,,1,0,1,0,0,0,0,0,1.0820498316722744,0.9241718548715367,924.1718548715368,0.0,0.0,-0.0,0.0,0.0,,1.584962500721156,1.0,0,0,0,0.0,1.0,7,3965,3964.3333333333335,0.0,1.0,0.0,0.0,1,7,0.0,1,,-0.006251778047650147,0
session_72bacb2878,user_0001644,multi_session_bot,,1,0,1,0,0,0,0,0,1.7381088175035215,0.5753379707470323,575.3379707470323,0.0,0.0,-0.0,0.0,0.0,,1.584962500721156,1.0,0,0,0,0.0,1.0,7,2167,2166.0,0.0,1.0,0.0,0.0,1,7,0.0,1,,0.0018063490582003183,0
session_72f7ae45d8,user_0002605,adaptive_bot,,36,0,36,0,0,4,0,0,0.9833272017126312,36.6103977773623,747.1509750482103,512.8692924289045,0.686433277284837,3.547358314601988,0.7945261795404855,535.3292241586464,742.1011138106911,1.732516246999889,0.0555555555555555,2349,461,504,92.05555555555556,0.0108630054315027,1,4571,4571.0,0.0,1.0,0.0,0.1092585779680701,1,1,0.0,0,,0.13997455542652693,0
session_72fc95e0d7,user_0000903,aggressive_bot,,59,0,59,49,5,0,0,0,4.09820916957327,14.396532133605918,244.00901921365968,53.80952629776758,0.220522694083905,1.207923989120608,0.2219951380734923,82.8568487671017,120.23917589142708,1.764788327863434,0.0169491525423728,0,0,0,0.0,59.0,1,858,858.0,0.0,1.0,0.8305084745762712,0.0,1,1,0.0,0,,0.1506068498148726,1
session_730ef4ad38,user_0001945,multi_session_bot,,1,0,1,0,0,0,0,0,2.083879681726251,0.4798741543329492,479.8741543329492,0.0,0.0,-0.0,0.0,0.0,,1.584962500721156,1.0,0,0,0,0.0,1.0,6,3705,3703.3333333333335,0.0,1.0,0.0,0.0,1,6,0.0,1,,0.00485368394474206,0
session_732719113f,user_0000655,aggressive_bot,,70,0,70,45,4,0,0,0,3.91112542060988,17.897661790933967,255.68088272762807,49.42982301188079,0.1933262373180142,1.2110002584415764,0.1940980295394382,93.97166411687662,127.3673987447301,1.7107344940828917,0.0285714285714285,0,0,0,0.0,70.0,1,610,610.0,0.0,1.0,0.6428571428571429,0.0,1,1,0.0,0,,0.15060162913198083,1
session_7333548e1a,user_0001664,multi_session_bot,,1,0,1,0,0,0,0,0,2.828723063216289,0.3535164021546135,353.5164021546136,0.0,0.0,-0.0,0.0,0.0,,1.584962500721156,1.0,0,0,0,0.0,1.0,6,2268,2267.0,0.0,1.0,0.0,0.0,1,6,0.0,1,,0.018210608194656697,0
session_735161ec56,user_0002026,stealth_bot,,28,0,28,0,3,0,3,0,0.4991095894953858,56.09990388745848,1516.2136185799595,1427.5700438769754,0.9415362231174226,4.134468568039293,0.9191042241175328,1016.1542353964052,1551.1169550660063,1.749295056605177,0.2142857142857142,6359,1366,1193,318.5,0.0031397174254317,1,3992,3992.0,0.0,1.0,0.0,0.0,1,1,0.0,0,,0.2083737876838866,1
session_7376428300,user_0002563,adaptive_bot,,61,0,61,0,0,7,0,0,1.1056590223339693,55.17071607775898,823.4435235486415,716.2450294297155,0.8698168228259875,3.6726321914313833,0.862758796252608,448.32182670804406,732.6038300585235,1.508703910063558,0.180327868852459,2657,386,392,56.31147540983606,0.0177583697234352,1,4529,4529.0,0.0,1.0,0.0,0.1268789042022587,1,1,0.0,0,,0.15043839631406286,1
session_74709667d9,user_0001504,multi_session_bot,,1,0,1,0,0,0,0,0,2.958908975322319,0.3379624072048611,337.9624072048612,0.0,0.0,-0.0,0.0,0.0,,1.584962500721156,1.0,0,0,0,0.0,1.0,7,1475,1474.3333333333333,0.0,1.0,0.0,0.0,1,7,0.0,1,,0.02151264253432572,0
session_74da7cdad2,user_0001689,multi_session_bot,,1,0,1,0,0,0,0,0,2.294803352092149,0.435767186364056,435.767186364056,0.0,0.0,-0.0,0.0,0.0,,1.584962500721156,1.0,0,0,0,0.0,1.0,5,2394,2393.333333333333,0.0,1.0,0.0,0.0,1,5,0.0,1,,0.007821502425613303,0
session_75119e3744,user_0001680,multi_session_bot,,1,0,1,0,0,0,0,0,1.7804960493317343,0.5616412349666968,561.6412349666969,0.0,0.0,-0.0,0.0,0.0,,1.584962500721156,1.0,0,0,0,0.0,1.0,5,2352,2352.0,0.0,1.0,0.0,0.0,1,5,0.0,1,,0.0019565527411395944,0
session_75b5662c9d,user_0000946,aggressive_bot,,31,0,31,26,3,0,0,0,3.9437191589647336,7.8606002989669825,253.5677515795801,66.06544792710866,0.2605435727357253,1.1400457981819083,0.2622843465742963,84.92369804686122,126.85138977901046,1.804795744993772,0.032258064516129,0,0,0,0.0,31.0,1,901,901.0,0.0,1.0,0.8387096774193549,0.0,1,1,0.0,0,,0.14734070961483015,0
session_75c1deea06,user_0001664,multi_session_bot,,1,0,1,0,0,0,0,0,1.2097472030820329,0.8266189807691502,826.6189807691502,0.0,0.0,-0.0,0.0,0.0,,1.584962500721156,1.0,0,0,0,0.0,1.0,6,2268,2266.333333333333,0.0,1.0,0.0,0.0,1,6,0.0,1,,-0.0039055472597621654,0
session_75c97289ca,user_0002804,adaptive_bot,,59,0,59,0,0,7,0,0,1.052238014869681,56.07096414142299,862.6302175603536,801.5174848922655,0.9291553536799072,3.632727636417368,0.9335474439263606,455.1383432444973,750.0125364460374,1.519294579332488,0.1525423728813559,1889,494,390,47.0,0.0212765957446808,1,4770,4770.0,0.0,1.0,0.0,0.1248417983743689,1,1,0.0,0,,0.15620702763321925,1
session_7660b90f4e,user_0001995,multi_session_bot,,1,0,1,0,0,0,0,0,1.074500904029681,0.9306646427655094,930.6646427655094,0.0,0.0,-0.0,0.0,0.0,,1.584962500721156,1.0,0,0,0,0.0,1.0,5,3942,3941.0,0.0,1.0,0.0,0.0,1,5,0.0,1,,-0.006251778047650147,0
session_768d0221f8,user_0002263,stealth_bot,,9,0,9,0,2,0,5,0,0.3052923665866633,29.47993787275114,1637.7743262639522,1449.3634544300064,0.8849591980943164,3.3027227528624894,0.677129636146771,2191.5658910976754,2522.3831365666024,2.21205883275766,0.1111111111111111,930,446,239,179.44444444444446,0.0055727554179566,1,4229,4229.0,0.0,1.0,0.0,0.0,1,1,0.0,0,,0.14740624428081328,0
session_76fcdcfe8f,user_0000857,aggressive_bot,,78,0,78,58,7,0,0,0,3.883214304625784,20.08645258313053,257.5186228606478,53.67817821200388,0.2084438694791055,1.3245541277862216,0.2097818217551764,90.13612679400735,127.21447223309032,1.758663036105452,0.0256410256410256,0,0,0,0.0,78.0,1,812,812.0,0.0,1.0,0.7435897435897436,0.0,1,1,0.0,0,,0.15144706811135888,1
session_77936ece93,user_0002682,adaptive_bot,,20,0,20,0,0,2,0,0,0.7665514556706521,26.09087733386678,1003.4952820717992,767.8357361433084,0.7651612816335797,3.53257325750262,0.7327045532007591,510.61473706757806,734.7867029268738,1.7292629298331383,0.6,1249,310,350,95.45,0.0104766893661602,1,4648,4648.0,0.0,1.0,0.0,0.0766551455670652,1,1,0.0,0,,0.13010035668173392,0
session_77c63ab1a3,user_0001547,multi_session_bot,,1,0,1,0,0,0,0,0,1.830577059199892,0.5462758286925544,546.2758286925545,0.0,0.0,-0.0,0.0,0.0,,1.584962500721156,1.0,0,0,0,0.0,1.0,7,1688,1686.3333333333333,0.0,1.0,0.0,0.0,1,7,0.0,1,,0.0022171181881671664,0
session_782ad16e1c,user_0002408,stealth_bot,,13,0,13,0,1,0,0,0,0.5185549051654448,25.06966932624493,1474.686430955584,1154.6547169540415,0.7829832110178401,3.9698157824268097,1.1492296898307166,1358.447431809732,2158.011916772228,1.6972182402632665,0.0769230769230769,868,281,280,109.92307692307692,0.0090972708187543,1,4374,4374.0,0.0,1.0,0.0,0.0,1,1,0.0,0,,0.14272880991209802,0
session_785446c230,user_0000061,human,,1,0,1,0,0,0,0,0,0.3202164167297823,3.1228879837346364,3122.887983734636,0.0,0.0,-0.0,0.0,0.0,,1.584962500721156,1.0,6,0,0,6.0,0.1666666666666666,1,16,16.0,0.0,1.0,0.0,0.0,0,1,0.0,0,,-0.09662927049520859,0
session_78731a057c,user_0000305,human,,1,0,1,0,0,0,0,0,0.2045545709647744,4.888671004923212,4888.671004923212,0.0,0.0,-0.0,0.0,0.0,,1.584962500721156,1.0,14,10,2,26.0,0.0384615384615384,1,260,260.0,0.0,1.0,0.0,0.0,0,1,0.0,0,,-0.09191518755284367,0
session_78a44782a3,user_0000205,human,,1,0,1,0,0,0,0,0,0.4471988656081743,2.236141629384583,2236.141629384583,0.0,0.0,-0.0,0.0,0.0,,1.584962500721156,1.0,12,2,0,14.0,0.0714285714285714,1,160,160.0,0.0,1.0,0.0,0.0,0,1,0.0,0,,-0.1420756218537893,0
session_78f890fc26,user_0002315,stealth_bot,,13,0,13,0,1,0,3,0,0.5075790418073574,25.61177457940417,1422.8763655224536,844.3028086148313,0.5933774915888909,3.350209029099897,0.5759075974531437,1043.1850713573958,1256.983450173371,1.844802494567754,0.0769230769230769,945,513,273,133.15384615384616,0.0075101097631426,1,4281,4281.0,0.0,1.0,0.0,0.0,1,1,0.0,0,,0.13538163435071038,0
session_792fad94c1,user_0001612,multi_session_bot,,1,0,1,0,0,0,0,0,1.4259774653672002,0.7012733540936373,701.2733540936373,0.0,0.0,-0.0,0.0,0.0,,1.584962500721156,1.0,0,0,0,0.0,1.0,5,2006,2005.0,0.0,1.0,0.0,0.0,1,5,0.0,1,,-0.0024702224543610707,0
session_79ebc34e6d,user_0001939,multi_session_bot,,1,0,1,1,0,0,0,0,1.3799474511476608,0.7246652756004078,724.6652756004079,0.0,0.0,-0.0,0.0,0.0,0.0,2.0,1.0,0,0,0,0.0,1.0,7,3676,3675.5,0.0,1.0,1.0,0.0,1,7,0.0,1,,0.008113863854523506,0
session_7a1bf6abc2,user_0001703,multi_session_bot,,1,0,1,0,0,0,0,0,1.7124216158377876,0.5839683351058136,583.9683351058136,0.0,0.0,-0.0,0.0,0.0,,1.584962500721156,1.0,0,0,0,0.0,1.0,6,2466,2466.0,0.0,1.0,0.0,0.0,1,6,0.0,1,,0.0007302668388039502,0
session_7a31603d71,user_0002496,stealth_bot,,20,0,20,0,1,0,7,0,0.3889587904716663,51.419328962194776,1428.314693394299,974.0897218412332,0.6819853680328464,4.218128820706467,0.8018968923099449,1529.204147264261,1868.884159395135,2.0341425010086414,0.1,4355,1455,1254,353.2,0.0028312570781426,1,4462,4462.0,0.0,1.0,0.0,0.0,1,1,0.0,0,,0.1807197881014435,1
session_7a48748554,user_0001502,multi_session_bot,,1,0,1,0,0,0,0,0,1.3691896691301786,0.7303590017848162,730.3590017848162,0.0,0.0,-0.0,0.0,0.0,,1.584962500721156,1.0,0,0,0,0.0,1.0,3,1465,1465.0,0.0,1.0,0.0,0.0,1,3,0.0,1,,-0.0027452774890152076,0
session_7ada92ccbd,user_0001754,multi_session_bot,,1,0,1,0,0,0,0,0,2.2778897445411523,0.4390028105602782,439.0028105602782,0.0,0.0,-0.0,0.0,0.0,,1.584962500721156,1.0,0,0,0,0.0,1.0,7,2747,2746.0,0.0,1.0,0.0,0.0,1,7,0.0,1,,0.0065683897632895505,0
session_7b05d7c404,user_0001674,multi_session_bot,,1,0,1,0,0,0,0,0,3.0158179066458515,0.3315850064409841,331.58500644098416,0.0,0.0,-0.0,0.0,0.0,,1.584962500721156,1.0,0,0,0,0.0,1.0,6,2323,2322.6666666666665,0.0,1.0,0.0,0.0,1,6,0.0,1,,0.022731720297108682,0
session_7b25207dc5,user_0000385,human,,1,0,1,0,0,0,1,0,0.1273889030596564,7.8499773212718384,2616.659107090613,1820.288975028862,0.6956538473415395,1.584962500721156,0.0,0.0,,2.321928094887362,1.0,70,11,7,88.0,0.0113636363636363,1,340,340.0,0.0,1.0,0.0,0.0,0,1,0.0,0,,-0.05238684413048483,0
session_7b31ce85aa,user_0001921,multi_session_bot,,1,0,1,0,0,0,0,0,1.563134374051668,0.6397402658403479,639.7402658403479,0.0,0.0,-0.0,0.0,0.0,,1.584962500721156,1.0,0,0,0,0.0,1.0,7,3586,3585.0,0.0,1.0,0.0,0.0,1,7,0.0,1,,-0.0013074096071813424,0
session_7b3df272fb,user_0001595,multi_session_bot,,1,0,1,0,0,0,0,0,5.739582638718591,0.1742286962215876,174.22869622158763,0.0,0.0,-0.0,0.0,0.0,,1.584962500721156,1.0,0,0,0,0.0,1.0,3,1923,1922.3333333333333,0.0,1.0,0.0,0.0,1,3,0.0,1,,0.053745691176851906,0
session_7b78496926,user_0001893,multi_session_bot,,1,0,1,1,0,0,0,0,2.1358598123862835,0.4681955221034627,468.1955221034628,0.0,0.0,-0.0,0.0,0.0,0.0,2.0,1.0,0,0,0,0.0,1.0,7,3445,3445.0,0.0,1.0,1.0,0.0,1,7,0.0,1,,0.015541514038238446,0
session_7bca903113,user_0000500,aggressive_bot,,39,0,39,33,3,0,0,0,3.978035606286317,9.803833816462074,251.3803542682583,44.37725279601629,0.1765342917317218,0.98811083652183,0.1710958852180717,85.17892619950285,122.8212382812148,1.7717399073596116,0.0256410256410256,0,0,0,0.0,39.0,1,455,455.0,0.0,1.0,0.8461538461538461,0.0,1,1,0.0,0,,0.14813437576911614,0
session_7bf74f3b28,user_0000214,human,,1,0,1,0,0,0,0,0,0.9095135017918216,1.099488900417544,1099.488900417544,0.0,0.0,-0.0,0.0,0.0,,1.584962500721156,1.0,6,4,0,10.0,0.1,1,169,169.0,0.0,1.0,0.0,0.0,0,1,0.0,0,,-0.14519150644347822,0
session_7c1ea909f5,user_0001703,multi_session_bot,,1,0,1,0,0,0,0,0,1.861675736927356,0.5371504715694863,537.1504715694863,0.0,0.0,-0.0,0.0,0.0,,1.584962500721156,1.0,0,0,0,0.0,1.0,6,2466,2464.6666666666665,0.0,1.0,0.0,0.0,1,6,0.0,1,,0.002797324692837444,0
session_7c76d8d2c2,user_0001504,multi_session_bot,,1,0,1,1,0,0,0,0,2.6722843117554183,0.3742116793490068,374.2116793490068,0.0,0.0,-0.0,0.0,0.0,0.0,2.0,1.0,0,0,0,0.0,1.0,7,1475,1474.75,0.0,1.0,1.0,0.0,1,7,0.0,1,,0.023871148045994883,0
session_7c84cecc87,user_0000773,aggressive_bot,,40,0,40,34,2,0,0,0,3.8845228536805294,10.297274982460348,257.4318745615087,49.31016637103692,0.191546468187082,1.1320689971054545,0.1893721808839728,87.81034851670134,126.41293075346366,1.73593750425434,0.05,0,0,0,0.0,40.0,1,728,728.0,0.0,1.0,0.85,0.0,1,1,0.0,0,,0.13919481655992005,0
session_7ea8175e8a,user_0002297,stealth_bot,,27,0,27,0,2,0,1,0,0.4345287062490545,62.13628607663191,1445.0299087588814,739.6687969625233,0.5118709256321315,4.235118686123641,0.9055098621044734,1659.5685908228288,2366.529494754288,1.8276394934108584,0.037037037037037,5055,1440,1268,287.51851851851853,0.0034780368414272,1,4263,4263.0,0.0,1.0,0.0,0.0,1,1,0.0,0,,0.19586701279737428,1
session_7fff45ebf6,user_0002339,stealth_bot,,18,0,18,0,3,0,5,0,0.4097107946082253,43.93342874261344,1372.91964820667,1308.8173455045358,0.9533095015532296,3.952819531114783,0.7845136110442539,1073.51686379421,1355.240355282183,2.1039625374058004,0.3333333333333333,3478,1405,809,316.22222222222223,0.0031623330990864,1,4305,4305.0,0.0,1.0,0.0,0.0,1,1,0.0,0,,0.18490880837936363,1
session_7fffdc1445,user_0001607,multi_session_bot,,1,0,1,0,0,0,0,0,3.6912761108616174,0.270909021695096,270.90902169509604,0.0,0.0,-0.0,0.0,0.0,,1.584962500721156,1.0,0,0,0,0.0,1.0,3,1980,1980.0,0.0,1.0,0.0,0.0,1,3,0.0,1,,0.025496118099855747,0
session_801726f429,user_0001665,multi_session_bot,,1,0,1,0,0,0,0,0,2.058860920245676,0.4857054646899965,485.7054646899965,0.0,0.0,-0.0,0.0,0.0,,1.584962500721156,1.0,0,0,0,0.0,1.0,6,2274,2273.0,0.0,1.0,0.0,0.0,1,6,0.0,1,,0.004478515395067828,0
session_8036375beb,user_0001985,multi_session_bot,,1,0,1,0,0,0,0,0,1.015103653959999,0.9851210722165386,985.1210722165386,0.0,0.0,-0.0,0.0,0.0,,1.584962500721156,1.0,0,0,0,0.0,1.0,4,3894,3893.6666666666665,0.0,1.0,0.0,0.0,1,4,0.0,1,,-0.008056690928610666,0
session_80530119ea,user_0002989,adaptive_bot,,30,0,30,0,0,6,0,0,0.7617862813708544,39.38112398928242,1125.1749711223547,765.8476560901964,0.6806476110344584,4.028445159431229,0.7027421951006412,652.7014250665512,902.1486720386996,1.704190956785717,0.2666666666666666,355,175,140,22.33333333333333,0.044776119402985,1,4955,4955.0,0.0,1.0,0.0,0.1523572562741708,1,1,0.0,0,,0.12867529508651965,0
session_809b352794,user_0001905,multi_session_bot,,1,0,1,0,0,0,0,0,1.2477616440872838,0.8014351176273596,801.4351176273597,0.0,0.0,-0.0,0.0,0.0,,1.584962500721156,1.0,0,0,0,0.0,1.0,5,3503,3501.6666666666665,0.0,1.0,0.0,0.0,1,5,0.0,1,,-0.0030721199487050432,0
session_809e56bcf3,user_0001673,multi_session_bot,,1,0,1,0,0,0,0,0,3.382187078944788,0.2956666726761877,295.6666726761877,0.0,0.0,-0.0,0.0,0.0,,1.584962500721156,1.0,0,0,0,0.0,1.0,3,2317,2317.0,0.0,1.0,0.0,0.0,1,3,0.0,1,,0.02395936017070277,0
session_8107d8e6a4,user_0000462,human,,1,0,1,0,0,0,0,0,0.3327886909464833,3.0049098037433395,1502.4549018716698,266.3932965567053,0.1773053528760485,1.0,0.0,0.0,,2.0,1.0,20,6,8,34.0,0.0294117647058823,1,417,417.0,0.0,1.0,0.0,0.0,0,1,0.0,0,,-0.12323487428699142,0
session_81a0e5c6c6,user_0001859,multi_session_bot,,1,0,1,0,0,0,0,0,0.931748154636834,1.0732513877527006,1073.2513877527006,0.0,0.0,-0.0,0.0,0.0,,1.584962500721156,1.0,0,0,0,0.0,1.0,3,3270,3270.0,0.0,1.0,0.0,0.0,1,3,0.0,1,,-0.0092919730053041,0
session_81d8160ee2,user_0002961,adaptive_bot,,44,0,44,0,0,5,0,0,1.1805975889007911,37.26926127383226,703.1936089402316,492.5928798762363,0.700508186669405,3.4682106735658795,0.7516244523262631,459.0280641866072,715.1594624503435,1.6324330715764244,0.2727272727272727,1205,650,817,60.72727272727273,0.0164670658682634,1,4927,4927.0,0.0,1.0,0.0,0.1341588169205444,1,1,0.0,0,,0.14498931756810718,0
session_81dbfa4bed,user_0000741,aggressive_bot,,31,0,31,25,2,0,0,0,3.764332558717318,8.235191635290356,265.6513430738825,51.3085643744115,0.1931424994156406,1.361911622652153,0.1808211443532477,89.22033384886382,127.8240347949588,1.766780029792404,0.0967741935483871,0,0,0,0.0,31.0,1,696,696.0,0.0,1.0,0.8064516129032258,0.0,1,1,0.0,0,,0.13481969139697336,0
session_81f06266be,user_0001340,rapid_retry_bot,,40,0,40,40,0,0,0,0,1.4635105952947285,27.331541109850743,341.64426387313426,183.51501572138784,0.5371523398078595,2.651703394861434,0.2886850200577144,296.50904245489664,315.4492150014475,1.6409180192044832,0.1,0,0,0,0.0,40.0,1,1295,1295.0,0.0,1.0,1.0,0.0,1,1,0.0,0,,0.10137793925768168,0
session_8208e8d6de,user_0001494,rapid_retry_bot,,49,0,49,49,0,0,0,0,1.4052092810072494,34.87025076071015,355.8188853133688,155.02149474297195,0.4356752863368815,2.569632376762276,0.2134835841777926,318.64888078794206,313.0510928237446,1.6326807501901957,0.0612244897959183,0,0,0,0.0,49.0,1,1449,1449.0,0.0,1.0,1.0,0.0,1,1,0.0,0,,0.10142990596100532,0
session_826372c46a,user_0000218,human,,1,0,1,0,0,0,0,0,1.1772994104158871,0.8494015975483626,849.4015975483626,0.0,0.0,-0.0,0.0,0.0,,1.584962500721156,1.0,18,8,2,28.0,0.0357142857142857,1,173,173.0,0.0,1.0,0.0,0.0,0,1,0.0,0,,-0.13416983590337772,0
session_827460a286,user_0001595,multi_session_bot,,1,0,1,0,0,0,0,0,4.312180726833009,0.2319012266293461,231.90122662934613,0.0,0.0,-0.0,0.0,0.0,,1.584962500721156,1.0,0,0,0,0.0,1.0,3,1923,1922.6666666666667,0.0,1.0,0.0,0.0,1,3,0.0,1,,0.030603321263470096,0
session_82b80d889c,user_0002844,adaptive_bot,,50,0,50,0,0,5,0,0,1.206106541491733,41.45570750172631,782.1831604099306,604.9540292016236,0.7734173526371703,3.5674771816572006,0.8610359441569632,411.3808011451922,633.9127784416277,1.4402013251982777,0.2,811,510,291,32.24,0.0310173697270471,1,4810,4810.0,0.0,1.0,0.0,0.1206106541491732,1,1,0.0,0,,0.14203597886195019,0
session_82da8b5ab2,user_0001533,multi_session_bot,,1,0,1,0,0,0,0,0,1.4401107897583745,0.6943910198518702,694.3910198518703,0.0,0.0,-0.0,0.0,0.0,,1.584962500721156,1.0,0,0,0,0.0,1.0,7,1615,1614.6666666666667,0.0,1.0,0.0,0.0,1,7,0.0,1,,-0.0025824170819366277,0
session_82e05c9ad6,user_0001637,multi_session_bot,,1,0,1,0,0,0,0,0,2.338376095173291,0.4276472044270931,427.6472044270931,0.0,0.0,-0.0,0.0,0.0,,1.584962500721156,1.0,0,0,0,0.0,1.0,7,2134,2132.6666666666665,0.0,1.0,0.0,0.0,1,7,0.0,1,,0.009954168018573184,0
session_83112889d6,user_0001786,multi_session_bot,,1,0,1,0,0,0,0,0,1.8105547826198087,0.5523168973396293,552.3168973396293,0.0,0.0,-0.0,0.0,0.0,,1.584962500721156,1.0,0,0,0,0.0,1.0,3,2908,2907.6666666666665,0.0,1.0,0.0,0.0,1,3,0.0,1,,0.0022171181881671664,0
session_832dc12d84,user_0001686,multi_session_bot,,1,0,1,0,0,0,0,0,1.590864376009703,0.6285890960160018,628.5890960160018,0.0,0.0,-0.0,0.0,0.0,,1.584962500721156,1.0,0,0,0,0.0,1.0,3,2376,2375.6666666666665,0.0,1.0,0.0,0.0,1,3,0.0,1,,-0.0005007511520277452,0
session_83a6fc532a,user_0001867,multi_session_bot,,1,0,1,0,0,0,0,0,1.9878066439434543,0.5030670377558343,503.0670377558343,0.0,0.0,-0.0,0.0,0.0,,1.584962500721156,1.0,0,0,0,0.0,1.0,7,3308,3306.333333333333,0.0,1.0,0.0,0.0,1,7,0.0,1,,0.003351327794864245,0
session_83e9c04339,user_0001730,multi_session_bot,,1,0,1,0,0,0,0,0,1.2030438047983851,0.8312249279797317,831.2249279797317,0.0,0.0,-0.0,0.0,0.0,,1.584962500721156,1.0,0,0,0,0.0,1.0,6,2612,2612.0,0.0,1.0,0.0,0.0,1,6,0.0,1,,-0.004530733081763771,0
session_83f38a0973,user_0001504,multi_session_bot,,1,0,1,1,0,0,0,0,2.777873720031933,0.3599875663133112,359.9875663133112,0.0,0.0,-0.0,0.0,0.0,0.0,2.0,1.0,0,0,0,0.0,1.0,7,1475,1475.0,0.0,1.0,1.0,0.0,1,7,0.0,1,,0.026060552180724672,0
session_8421ffae99,user_0000833,aggressive_bot,,79,0,79,62,6,0,0,0,3.796071139260769,20.810990390286555,263.4302581048931,50.942778615333225,0.1933824116554171,1.3600365509825854,0.1938459025809907,91.09594221713496,128.89048059376623,1.744313665879922,0.0632911392405063,0,0,0,0.0,79.0,1,788,788.0,0.0,1.0,0.7848101265822784,0.0,1,1,0.0,0,,0.1521209856440452,1
session_854217467d,user_0002859,adaptive_bot,,27,0,27,0,0,1,0,0,1.1948915675647918,22.596192602669745,753.2064200889913,741.5291898920904,0.9844966401169,3.139572261986723,1.0106719398497686,469.7922828765996,767.1069811284432,1.4501208015823368,0.1851851851851851,1016,141,70,45.44444444444444,0.0220048899755501,1,4825,4825.0,0.0,1.0,0.0,0.0442552432431404,1,1,0.0,0,,0.1437554828370451,0
session_85bc67169e,user_0001162,rapid_retry_bot,,34,0,34,34,0,0,0,0,1.4469736152372947,23.49731857026585,345.54880250390954,148.12926601203813,0.4286782791277715,2.4172943356305456,0.2202898803613209,311.1175453371177,307.7866402404708,1.6484305290518142,0.0,0,0,0,0.0,34.0,1,1117,1117.0,0.0,1.0,1.0,0.0,1,1,0.0,0,,0.09870037208057647,0
session_862949996a,user_0001798,multi_session_bot,,1,0,1,0,0,0,0,0,2.790833437545389,0.3583159018187506,358.31590181875066,0.0,0.0,-0.0,0.0,0.0,,1.584962500721156,1.0,0,0,0,0.0,1.0,5,2960,2960.0,0.0,1.0,0.0,0.0,1,5,0.0,1,,0.018093749970654716,0
session_8697160b39,user_0000466,human,,1,0,1,0,0,0,0,0,0.6385573492785727,1.5660300537293586,1566.0300537293583,0.0,0.0,-0.0,0.0,0.0,,1.584962500721156,1.0,8,4,0,12.0,0.0833333333333333,1,421,421.0,0.0,1.0,0.0,0.0,0,1,0.0,0,,-0.1276546665270522,0
session_86fd4e410f,user_0001718,multi_session_bot,,1,0,1,0,0,0,0,0,2.2200397855291065,0.4504423778881368,450.4423778881368,0.0,0.0,-0.0,0.0,0.0,,1.584962500721156,1.0,0,0,0,0.0,1.0,7,2550,2549.6666666666665,0.0,1.0,0.0,0.0,1,7,0.0,1,,0.0065683897632895505,0
session_8771763f3a,user_0000811,aggressive_bot,,57,0,57,45,3,0,0,0,3.807100590210629,14.972023630414888,262.66708123534886,54.06943165600441,0.2058477651699277,1.395637841392621,0.2073961809760602,91.14580015323524,129.2585804156127,1.7239567526864188,0.0175438596491228,0,0,0,0.0,57.0,1,766,766.0,0.0,1.0,0.7894736842105263,0.0,1,1,0.0,0,,0.14938702692575223,0
session_8773dac787,user_0001537,multi_session_bot,,1,0,1,0,0,0,0,0,2.112039061162948,0.4734760916066448,473.4760916066448,0.0,0.0,-0.0,0.0,0.0,,1.584962500721156,1.0,0,0,0,0.0,1.0,4,1634,1633.3333333333333,0.0,1.0,0.0,0.0,1,4,0.0,1,,0.00485368394474206,0
session_879a778d02,user_0001680,multi_session_bot,,1,0,1,0,0,0,0,0,1.2807004324765436,0.7808227237545774,780.8227237545774,0.0,0.0,-0.0,0.0,0.0,,1.584962500721156,1.0,0,0,0,0.0,1.0,5,2352,2351.0,0.0,1.0,0.0,0.0,1,5,0.0,1,,-0.002177307264531081,0
session_87ef70a5a7,user_0001538,multi_session_bot,,1,0,1,0,0,0,0,0,1.6531712666891498,0.6048980043082449,604.8980043082449,0.0,0.0,-0.0,0.0,0.0,,1.584962500721156,1.0,0,0,0,0.0,1.0,3,1637,1636.6666666666667,0.0,1.0,0.0,0.0,1,3,0.0,1,,-0.00021472385965665142,0
session_87fa4c9aa4,user_0001741,multi_session_bot,,1,0,1,1,0,0,0,0,1.3896199709129808,0.7196212064676932,719.6212064676932,0.0,0.0,-0.0,0.0,0.0,0.0,2.0,1.0,0,0,0,0.0,1.0,7,2671,2670.75,0.0,1.0,1.0,0.0,1,7,0.0,1,,0.008113863854523506,0
session_881bef1c31,user_0000907,aggressive_bot,,43,0,43,28,1,0,0,0,3.7989158607019022,11.31901878765358,263.2329950617112,48.72624021772873,0.1851068867955005,1.1747579731719544,0.1772237655104428,96.0111186234704,129.36449257828087,1.674664557869009,0.0232558139534883,0,0,0,0.0,43.0,1,862,862.0,0.0,1.0,0.6511627906976745,0.0,1,1,0.0,0,,0.12271020232040175,0
session_88ba1f6560,user_0000797,aggressive_bot,,63,0,63,44,4,0,0,0,3.832932928963919,16.436499455530402,260.8968167544508,44.1138647259716,0.1690854847320364,0.9954515828457716,0.1665661515770832,93.8871595423578,128.6835445462623,1.729198188512154,0.0158730158730158,0,0,0,0.0,63.0,1,752,752.0,0.0,1.0,0.6984126984126984,0.0,1,1,0.0,0,,0.148411728317155,0
session_89906781a9,user_0002046,stealth_bot,,15,0,15,0,2,0,4,0,0.3424398096971184,43.80331835036124,1510.4592534607325,1030.381285067611,0.6821642376031152,4.21126073643228,0.6997100966182386,1677.54428184355,1823.7735707283755,2.1317038103684403,0.2,1904,535,562,200.06666666666663,0.0049983338887037,1,4012,4012.0,0.0,1.0,0.0,0.0,1,1,0.0,0,,0.15249927468850633,1
session_8a6f86ab55,user_0000998,aggressive_bot,,39,0,39,25,3,0,0,0,3.927987488975991,9.928748528210594,254.58329559514348,57.3744723257874,0.2253662094822921,1.283021505469479,0.2279095095524407,92.24680016371389,127.98781942757483,1.7591056282909885,0.0769230769230769,0,0,0,0.0,39.0,1,953,953.0,0.0,1.0,0.6410256410256411,0.0,1,1,0.0,0,,0.1475089127886826,0
session_8b32466f45,user_0002274,stealth_bot,,16,0,16,0,1,0,4,0,0.5415934145955567,29.542456700564298,1230.9356958568458,943.1555083353504,0.7662102183809256,3.636842188131012,1.2502635852663788,1870.884577433756,2884.129661460608,1.9245059679799503,0.25,2009,733,426,198.0,0.005050505050505,1,4240,4240.0,0.0,1.0,0.0,0.0,1,1,0.0,0,,0.16075800571273047,1
session_8b5feaa1a1,user_0001631,multi_session_bot,,1,0,1,0,0,0,0,0,1.6358613845582148,0.6112987380468442,611.2987380468442,0.0,0.0,-0.0,0.0,0.0,,1.584962500721156,1.0,0,0,0,0.0,1.0,4,2100,2099.333333333333,0.0,1.0,0.0,0.0,1,4,0.0,1,,-0.00021472385965665142,0
session_8b974ea677,user_0002927,adaptive_bot,,36,0,36,0,0,2,0,0,1.1836841314929043,30.413519149399697,800.3557670894658,544.3512888357844,0.6801366482499969,3.432303343451718,0.6679845963574942,404.1056427577417,567.8227427658026,1.3806229029826096,0.1666666666666666,185,25,0,5.833333333333333,0.1714285714285714,1,4893,4893.0,0.0,1.0,0.0,0.0657602295273835,1,1,0.0,0,,0.1108000154549671,0
session_8ba36dd92e,user_0001703,multi_session_bot,,1,0,1,1,0,0,0,0,3.1431731377258254,0.3181498301819696,318.1498301819696,0.0,0.0,-0.0,0.0,0.0,0.0,2.0,1.0,0,0,0,0.0,1.0,6,2466,2465.75,0.0,1.0,1.0,0.0,1,6,0.0,1,,0.03132904568530259,0
session_8bceb2244c,user_0001680,multi_session_bot,,1,0,1,0,0,0,0,0,1.6151632890518477,0.6191324473372793,619.1324473372794,0.0,0.0,-0.0,0.0,0.0,,1.584962500721156,1.0,0,0,0,0.0,1.0,5,2352,2350.6666666666665,0.0,1.0,0.0,0.0,1,5,0.0,1,,-0.00021472385965665142,0
session_8c028a0c90,user_0001504,multi_session_bot,,1,0,1,1,0,0,0,0,2.6413274620526326,0.3785975099137759,378.5975099137759,0.0,0.0,-0.0,0.0,0.0,0.0,2.0,1.0,0,0,0,0.0,1.0,7,1475,1474.25,0.0,1.0,1.0,0.0,1,7,0.0,1,,0.023871148045994883,0
session_8cc6520351,user_0000738,aggressive_bot,,30,0,30,23,1,0,0,0,3.875353160493472,7.741229962169415,258.0409987389805,52.81430012567196,0.2046740649112735,1.45279363084913,0.2025153490166457,90.83822802616773,128.5798705457672,1.7216808099515557,0.0,0,0,0,0.0,30.0,1,693,693.0,0.0,1.0,0.7666666666666667,0.0,1,1,0.0,0,,0.1247265950514912,0
session_8d36743e17,user_0002175,stealth_bot,,10,0,10,0,2,0,3,0,0.3606702741937941,27.72615520464776,1540.3419558137643,1079.1407890871149,0.7005852077287628,3.614369445886756,0.6960156245027169,1768.829388965528,2014.181504847366,2.1701073088491523,0.0,975,328,354,165.7,0.0060350030175015,1,4141,4141.0,0.0,1.0,0.0,0.0,1,1,0.0,0,,0.13947337731113163,0
session_8d73b5b599,user_0001886,multi_session_bot,,1,0,1,0,0,0,0,0,2.214265208023011,0.4516170856032381,451.6170856032381,0.0,0.0,-0.0,0.0,0.0,,1.584962500721156,1.0,0,0,0,0.0,1.0,7,3412,3410.333333333333,0.0,1.0,0.0,0.0,1,7,0.0,1,,0.006202091327025427,0
session_8dcd1c7de6,user_0001920,multi_session_bot,,1,0,1,0,0,0,0,0,1.964161628299956,0.5091230709285017,509.1230709285017,0.0,0.0,-0.0,0.0,0.0,,1.584962500721156,1.0,0,0,0,0.0,1.0,3,3579,3578.333333333333,0.0,1.0,0.0,0.0,1,3,0.0,1,,0.0035451032651631076,0
session_8de3c74134,user_0001900,multi_session_bot,,1,0,1,0,0,0,0,0,3.047895189524724,0.3280952715949317,328.09527159493166,0.0,0.0,-0.0,0.0,0.0,,1.584962500721156,1.0,0,0,0,0.0,1.0,6,3480,3478.333333333333,0.0,1.0,0.0,0.0,1,6,0.0,1,,0.022731720297108682,0
session_8debab1c79,user_0001502,multi_session_bot,,1,0,1,0,0,0,0,0,2.0397790998115046,0.4902491647710331,490.2491647710331,0.0,0.0,-0.0,0.0,0.0,,1.584962500721156,1.0,0,0,0,0.0,1.0,3,1465,1464.6666666666667,0.0,1.0,0.0,0.0,1,3,0.0,1,,0.004478515395067828,0
session_8e0926eac5,user_0001714,multi_session_bot,,1,0,1,0,0,0,0,0,1.0086000615157085,0.9914732688963112,991.4732688963112,0.0,0.0,-0.0,0.0,0.0,,1.584962500721156,1.0,0,0,0,0.0,1.0,4,2526,2526.0,0.0,1.0,0.0,0.0,1,4,0.0,1,,-0.008923261586318953,0
session_8e74d0a6c0,user_0000040,human,,1,1,0,0,0,0,0,0,2.80017234757215,0.357120875387201,357.12087538720107,0.0,0.0,-0.0,0.0,0.0,0.0,2.0,1.0,3,6,3,12.0,0.0833333333333333,1,1,1.0,1.0,0.0,0.0,0.0,0,1,0.0,0,,0.014918592152173504,0
session_8ea25b5c06,user_0001995,multi_session_bot,,1,0,1,0,0,0,0,0,1.7848040774932703,0.560285586866478,560.285586866478,0.0,0.0,-0.0,0.0,0.0,,1.584962500721156,1.0,0,0,0,0.0,1.0,5,3942,3941.6666666666665,0.0,1.0,0.0,0.0,1,5,0.0,1,,0.0019565527411395944,0
session_8ed1afbdf6,user_0001461,rapid_retry_bot,,59,0,59,59,0,0,0,0,1.4099121580504703,41.84657864187875,354.6320223888029,154.16710962295386,0.4347241644578047,2.5185085628708688,0.2420311168071928,319.59506201754834,318.0232166427857,1.6261389380616456,0.0169491525423728,0,0,0,0.0,59.0,1,1416,1416.0,0.0,1.0,1.0,0.0,1,1,0.0,0,,0.10342422114574801,0
session_8ef9053477,user_0000515,aggressive_bot,,77,0,77,57,4,0,0,0,3.9070843294590496,19.70779064568103,255.94533306079256,44.60879736945286,0.1742903331582033,1.1454864471482662,0.1681808547110283,91.38118091508858,126.10378697595264,1.7106288999671486,0.0129870129870129,0,0,0,0.0,77.0,1,470,470.0,0.0,1.0,0.7402597402597403,0.0,1,1,0.0,0,,0.1517292970594173,1
session_8f80498890,user_0001501,multi_session_bot,,1,0,1,1,0,0,0,0,1.26179409038549,0.7925223359498303,792.5223359498303,0.0,0.0,-0.0,0.0,0.0,0.0,2.0,1.0,0,0,0,0.0,1.0,5,1462,1461.5,0.0,1.0,1.0,0.0,1,5,0.0,1,,0.007830496726923819,0
session_8fd3223f86,user_0000522,aggressive_bot,,52,0,52,37,3,0,0,0,4.2164381098325965,12.332684281250966,237.1670054086724,40.27218927982605,0.1698051936458503,1.0846964966076234,0.1712201827821478,84.65325363143602,116.66818141190193,1.7292167264486713,0.0384615384615384,0,0,0,0.0,52.0,1,477,477.0,0.0,1.0,0.7115384615384616,0.0,1,1,0.0,0,,0.14883994502348552,0
session_8fe6185365,user_0001664,multi_session_bot,,1,0,1,0,0,0,0,0,1.8019419644992745,0.5549568297433382,554.9568297433382,0.0,0.0,-0.0,0.0,0.0,,1.584962500721156,1.0,0,0,0,0.0,1.0,6,2268,2266.6666666666665,0.0,1.0,0.0,0.0,1,6,0.0,1,,0.002267838009749057,0
session_90071d82fa,user_0001792,multi_session_bot,,1,0,1,0,0,0,0,0,2.703055371657922,0.3699517259191952,369.9517259191952,0.0,0.0,-0.0,0.0,0.0,,1.584962500721156,1.0,0,0,0,0.0,1.0,4,2933,2933.0,0.0,1.0,0.0,0.0,1,4,0.0,1,,0.016170272754750026,0
session_9046060604,user_0000584,aggressive_bot,,32,0,32,24,3,0,0,0,4.114674468411894,7.77704293393367,243.0325916854272,45.32534023734929,0.1864990202467034,1.1334321011224375,0.1890431937968096,83.40535135961923,118.82056655960936,1.7975403525844995,0.0625,0,0,0,0.0,32.0,1,539,539.0,0.0,1.0,0.75,0.0,1,1,0.0,0,,0.14676325421191994,0
session_904ab6f3fc,user_0000138,human,,1,0,1,0,0,0,1,1,0.1178370555363097,8.486294870902176,2121.573717725544,1373.5727789498546,0.6474310873451091,1.5,0.0,0.0,,2.584962500721156,1.0,38,24,5,67.0,0.0149253731343283,1,93,93.0,0.0,1.0,0.0,0.0,0,1,0.0,0,,-0.0564572352511446,0
session_90cd9109e3,user_0001731,multi_session_bot,,1,0,1,0,0,0,0,0,1.3381318511867195,0.7473105128714723,747.3105128714723,0.0,0.0,-0.0,0.0,0.0,,1.584962500721156,1.0,0,0,0,0.0,1.0,4,2616,2615.333333333333,0.0,1.0,0.0,0.0,1,4,0.0,1,,-0.0030006889244736934,0
session_91755c7668,user_0002910,adaptive_bot,,39,0,39,0,0,5,0,0,0.9410028754807088,41.44514434143143,881.8115817325837,674.6416615223687,0.7650632805217102,3.6367385221581134,0.9106954223971228,558.8640089911935,835.754571962945,1.6553987653429676,0.1282051282051282,1999,1091,297,86.84615384615384,0.0115146147032772,1,4876,4876.0,0.0,1.0,0.0,0.1206413942923985,1,1,0.0,0,,0.1432361425598645,0
session_91b734a791,user_0001767,multi_session_bot,,1,0,1,1,0,0,0,0,2.6635547655602307,0.3754381223656454,375.4381223656454,0.0,0.0,-0.0,0.0,0.0,0.0,2.0,1.0,0,0,0,0.0,1.0,7,2811,2810.0,0.0,1.0,1.0,0.0,1,7,0.0,1,,0.023871148045994883,0
session_9219edb494,user_0002324,stealth_bot,,12,0,12,0,1,0,5,0,0.455866691948894,26.32348493963952,1253.4992828399772,883.4387180837708,0.7047780004167352,3.4039894464852614,1.142304658977761,1276.8947848934488,1948.3957506826987,2.0755914296648093,0.5,1996,530,562,257.3333333333333,0.0038860103626943,1,4290,4290.0,0.0,1.0,0.0,0.0,1,1,0.0,0,,0.16124236210398613,1
session_9226ab229e,user_0001639,multi_session_bot,,1,0,1,0,0,0,0,0,1.6438675153221365,0.608321528760204,608.3215287602039,0.0,0.0,-0.0,0.0,0.0,,1.584962500721156,1.0,0,0,0,0.0,1.0,4,2143,2143.0,0.0,1.0,0.0,0.0,1,4,0.0,1,,-0.00021472385965665142,0
session_923b3b04ac,user_0001978,multi_session_bot,,1,0,1,0,0,0,0,0,2.5182390055923327,0.3971028952292727,397.1028952292728,0.0,0.0,-0.0,0.0,0.0,,1.584962500721156,1.0,0,0,0,0.0,1.0,4,3865,3864.3333333333335,0.0,1.0,0.0,0.0,1,4,0.0,1,,0.010749966641508513,0
session_92b7214a00,user_0001741,multi_session_bot,,1,0,1,0,0,0,0,0,2.3289581725830075,0.4293765391633964,429.3765391633965,0.0,0.0,-0.0,0.0,0.0,,1.584962500721156,1.0,0,0,0,0.0,1.0,7,2671,2669.6666666666665,0.0,1.0,0.0,0.0,1,7,0.0,1,,0.009083898576707328,0
session_9387c0b017,user_0001741,multi_session_bot,,1,0,1,0,0,0,0,0,3.1068229979578805,0.3218722150110584,321.8722150110584,0.0,0.0,-0.0,0.0,0.0,,1.584962500721156,1.0,0,0,0,0.0,1.0,7,2671,2669.0,0.0,1.0,0.0,0.0,1,7,0.0,1,,0.023282455995403573,0
session_93b10f9010,user_0001686,multi_session_bot,,1,0,1,1,0,0,0,0,2.945401065084581,0.339512337336404,339.512337336404,0.0,0.0,-0.0,0.0,0.0,0.0,2.0,1.0,0,0,0,0.0,1.0,3,2376,2376.0,0.0,1.0,1.0,0.0,1,3,0.0,1,,0.02953201754774204,0
session_93b81b0585,user_0001961,multi_session_bot,,1,0,1,0,0,0,0,0,0.6742773065630423,1.4830693399682195,1483.0693399682195,0.0,0.0,-0.0,0.0,0.0,,1.584962500721156,1.0,0,0,0,0.0,1.0,5,3776,3775.6666666666665,0.0,1.0,0.0,0.0,1,5,0.0,1,,-0.012238533535399776,0
session_9402495ebb,user_0001886,multi_session_bot,,1,0,1,0,0,0,0,0,2.1536747927030557,0.4643226560426563,464.3226560426563,0.0,0.0,-0.0,0.0,0.0,,1.584962500721156,1.0,0,0,0,0.0,1.0,7,3412,3411.333333333333,0.0,1.0,0.0,0.0,1,7,0.0,1,,0.005408564026619267,0
session_949b4006d0,user_0002711,adaptive_bot,,45,0,45,0,0,4,0,0,1.018914045520303,44.1646674691004,817.8642123907482,642.2922792536872,0.7853287495929965,3.8747803274351273,0.7561645209897565,456.4691379397756,638.4818017388242,1.596631028884827,0.1555555555555555,2857,742,422,89.35555555555555,0.0111912459587167,1,4677,4677.0,0.0,1.0,0.0,0.0905701373795824,1,1,0.0,0,,0.1410770202799022,0
session_94a5561ca1,user_0000663,aggressive_bot,,42,0,42,31,0,0,0,0,3.914305981588896,10.729871450404945,255.4731297715463,53.925506721662416,0.2110809335208154,1.2761954276479393,0.2136738055833245,91.69714120747818,127.20198508182426,1.6292331577533563,0.0476190476190476,0,0,0,0.0,42.0,1,618,618.0,0.0,1.0,0.7380952380952381,0.0,1,1,0.0,0,,0.1069624530591542,0
session_9541844635,user_0001985,multi_session_bot,,1,0,1,0,0,0,0,0,1.84129169146492,0.5430970033891841,543.0970033891841,0.0,0.0,-0.0,0.0,0.0,,1.584962500721156,1.0,0,0,0,0.0,1.0,4,3894,3893.0,0.0,1.0,0.0,0.0,1,4,0.0,1,,0.0022171181881671664,0
session_954df8f665,user_0000443,human,,1,0,1,0,0,0,0,0,0.2173231858669211,4.60144183884896,1533.8139462829863,1158.4755849431474,0.7552908146066696,1.584962500721156,0.0,0.0,,1.9219280948873625,1.0,56,10,6,72.0,0.0138888888888888,1,398,398.0,0.0,1.0,0.0,0.0,0,1,0.0,0,,-0.08394075356590897,0
session_9557899d2d,user_0002538,adaptive_bot,,50,0,50,0,0,4,0,0,1.1985301640995436,41.71776522417776,744.9600932888885,523.3275105237645,0.7024906639137555,3.5051314719096203,0.6867003285926008,406.5441030205586,561.3679708353632,1.4980609656131745,0.04,2591,726,407,74.48,0.0134264232008592,1,4504,4504.0,0.0,1.0,0.0,0.0958824131279635,1,1,0.0,0,,0.14108807059201145,0
session_95646b7e99,user_0002515,adaptive_bot,,43,0,43,0,0,5,0,0,0.9476307581490098,45.37632366850474,856.1570503491458,735.5794201304401,0.859164121618185,3.50177126216872,0.9765327152266776,527.2559431868322,867.4773194102107,1.6578401426804086,0.3953488372093023,2869,811,529,97.88372093023256,0.0102162033737229,1,4481,4481.0,0.0,1.0,0.0,0.1101896230405825,1,1,0.0,0,,0.14992673780273813,0
session_956806d61a,user_0002937,adaptive_bot,,55,0,55,0,0,7,0,0,0.9943605669950888,55.31192791183125,801.6221436497283,523.7169163828759,0.6533214189897877,3.571816942618767,0.7575981905357245,561.983756197329,786.4810629151392,1.673909105336315,0.0545454545454545,3297,1219,321,87.94545454545455,0.0113706843084556,1,4903,4903.0,0.0,1.0,0.0,0.1265549812539204,1,1,0.0,0,,0.15291841961312413,1
session_956dbd0a2e,user_0001995,multi_session_bot,,1,0,1,0,0,0,0,0,1.9435133073371655,0.5145321085401333,514.5321085401333,0.0,0.0,-0.0,0.0,0.0,,1.584962500721156,1.0,0,0,0,0.0,1.0,5,3942,3940.6666666666665,0.0,1.0,0.0,0.0,1,5,0.0,1,,0.003431552161534568,0
session_957e05424f,user_0002612,adaptive_bot,,50,0,50,0,0,4,0,0,1.0230351462399156,48.874176203790284,905.0773371072274,716.5131323799641,0.7916595665405292,3.9348750033209887,0.7985759842566605,492.6393097945236,740.506354923669,1.4435456185615827,0.28,698,124,275,21.94,0.0455788514129443,1,4578,4578.0,0.0,1.0,0.0,0.0818428116991932,1,1,0.0,0,,0.1396385191284233,0
session_9587cdde81,user_0000365,human,,1,0,1,0,0,0,0,0,0.6918142236941868,1.445474761504825,1445.4747615048248,0.0,0.0,-0.0,0.0,0.0,,1.584962500721156,1.0,6,0,2,8.0,0.125,1,320,320.0,0.0,1.0,0.0,0.0,0,1,0.0,0,,-0.14190221024940647,0
session_95a9cdc671,user_0001730,multi_session_bot,,1,0,1,0,0,0,0,0,2.324369589861284,0.4302241796493641,430.22417964936415,0.0,0.0,-0.0,0.0,0.0,,1.584962500721156,1.0,0,0,0,0.0,1.0,6,2612,2611.6666666666665,0.0,1.0,0.0,0.0,1,6,0.0,1,,0.009083898576707328,0
session_95b2e66c7a,user_0001954,multi_session_bot,,1,0,1,1,0,0,0,0,3.444290759748746,0.2903355348759661,290.3355348759661,0.0,0.0,-0.0,0.0,0.0,0.0,2.0,1.0,0,0,0,0.0,1.0,3,3745,3744.5,0.0,1.0,1.0,0.0,1,3,0.0,1,,0.032553606344859265,0
session_9646023bba,user_0001945,multi_session_bot,,1,0,1,0,0,0,0,0,2.9622806689729964,0.3375777354502649,337.5777354502649,0.0,0.0,-0.0,0.0,0.0,,1.584962500721156,1.0,0,0,0,0.0,1.0,6,3705,3704.6666666666665,0.0,1.0,0.0,0.0,1,6,0.0,1,,0.02151264253432572,0
session_96a460d30d,user_0002508,adaptive_bot,,48,0,48,0,0,5,0,0,1.0460128898022156,45.88853585645205,764.8089309408676,557.4799558679445,0.7289140245553002,3.737256170529762,0.681468827664156,479.9576656252747,654.1481340268157,1.650560272477709,0.125,2108,682,518,68.91666666666667,0.0145102781136638,1,4474,4474.0,0.0,1.0,0.0,0.1089596760210641,1,1,0.0,0,,0.13686308766519428,0
session_96c9d69ac1,user_0001454,rapid_retry_bot,,57,0,57,57,0,0,0,0,1.3558485637226887,42.0400932118096,368.772747472014,141.09451400839828,0.3826055883348752,2.4975129696024863,0.206669765995293,340.5132620560929,324.9382247311964,1.6272868917825,0.0175438596491228,0,0,0,0.0,57.0,1,1409,1409.0,0.0,1.0,1.0,0.0,1,1,0.0,0,,0.10167914812765,0
session_96dc81e8cc,user_0002652,adaptive_bot,,28,0,28,0,0,1,0,0,1.1989057681956514,23.354629481964952,778.4876493988316,550.5588108614447,0.7072158579350624,3.5362434129830604,0.7104747375831201,392.4524631841109,561.6060995586688,1.3866926683547545,0.3571428571428571,318,126,0,15.857142857142858,0.063063063063063,1,4618,4618.0,0.0,1.0,0.0,0.0428180631498446,1,1,0.0,0,,0.11160583435892402,0
session_97dbd2655a,user_0001633,multi_session_bot,,1,0,1,0,0,0,0,0,4.144126265250011,0.2413053888790405,241.30538887904052,0.0,0.0,-0.0,0.0,0.0,,1.584962500721156,1.0,0,0,0,0.0,1.0,7,2111,2110.6666666666665,0.0,1.0,0.0,0.0,1,7,0.0,1,,0.03000532691266755,0
session_984211827f,user_0001561,multi_session_bot,,1,0,1,0,0,0,0,0,2.3836124538617454,0.4195312867995285,419.5312867995286,0.0,0.0,-0.0,0.0,0.0,,1.584962500721156,1.0,0,0,0,0.0,1.0,7,1761,1759.6666666666667,0.0,1.0,0.0,0.0,1,7,0.0,1,,0.010299312776912095,0
session_98a5ee133e,user_0002993,adaptive_bot,,44,0,44,0,0,1,0,0,1.398750958935317,31.45663616451877,655.3465867608077,452.4369279773993,0.6903780947630577,3.213541973308081,0.6682486050354512,355.8238115446283,485.9441576580935,1.35852520869804,0.2272727272727272,866,368,257,33.88636363636363,0.0295103957075788,1,4959,4959.0,0.0,1.0,0.0,0.0317897945212572,1,1,0.0,0,,0.13624339201796964,0
session_98d9d66d5d,user_0001978,multi_session_bot,,1,0,1,0,0,0,0,0,1.356946755515645,0.73694859133953,736.9485913395299,0.0,0.0,-0.0,0.0,0.0,,1.584962500721156,1.0,0,0,0,0.0,1.0,4,3865,3865.0,0.0,1.0,0.0,0.0,1,4,0.0,1,,-0.0027452774890152076,0
session_990da54146,user_0001561,multi_session_bot,,1,0,1,0,0,0,0,0,2.225080108954081,0.4494220212458142,449.4220212458143,0.0,0.0,-0.0,0.0,0.0,,1.584962500721156,1.0,0,0,0,0.0,1.0,7,1761,1760.3333333333333,0.0,1.0,0.0,0.0,1,7,0.0,1,,0.0065683897632895505,0
session_991f124e18,user_0002005,stealth_bot,,28,0,28,0,1,0,6,0,0.5189329210608761,53.95687739902576,1498.8021499729375,1423.6162275890813,0.949835992438886,4.141604167868594,1.1733340961155656,1283.2896698425411,2186.637890084235,1.6420347262661046,0.2142857142857142,5670,1528,1273,302.5357142857143,0.0033053948766379,1,3971,3971.0,0.0,1.0,0.0,0.0,1,1,0.0,0,,0.20524782868243485,1
session_99957f80cc,user_0001867,multi_session_bot,,1,0,1,0,0,0,0,0,3.8256739706125114,0.2613918508690626,261.39185086906264,0.0,0.0,-0.0,0.0,0.0,,1.584962500721156,1.0,0,0,0,0.0,1.0,7,3308,3307.0,0.0,1.0,0.0,0.0,1,7,0.0,1,,0.02644508987653038,0
session_9998d52863,user_0002799,adaptive_bot,,24,0,24,0,0,2,0,0,1.0976163215580796,21.8655640669881,874.6225626795241,502.1765264638517,0.5741636997396524,3.593269689515108,0.6063978815930402,442.371526881554,601.3395612472316,1.4297051020907945,0.25,165,0,0,6.875,0.1454545454545454,1,4765,4765.0,0.0,1.0,0.0,0.0914680267965066,1,1,0.0,0,,0.09444401947946934,0
session_99d782ed58,user_0001577,multi_session_bot,,1,0,1,1,0,0,0,0,2.6692621820158404,0.3746353605642421,374.63536056424215,0.0,0.0,-0.0,0.0,0.0,0.0,2.0,1.0,0,0,0,0.0,1.0,5,1834,1834.0,0.0,1.0,1.0,0.0,1,5,0.0,1,,0.023871148045994883,0
session_9a47ed3a15,user_0001501,multi_session_bot,,1,0,1,0,0,0,0,0,0.8646708798697693,1.1565093994498958,1156.509399449896,0.0,0.0,-0.0,0.0,0.0,,1.584962500721156,1.0,0,0,0,0.0,1.0,5,1462,1462.0,0.0,1.0,0.0,0.0,1,5,0.0,1,,-0.010131808100705075,0
session_9a50daed7a,user_0001960,multi_session_bot,,1,0,1,1,0,0,0,0,2.5703794988767936,0.3890476096766959,389.0476096766959,0.0,0.0,-0.0,0.0,0.0,0.0,2.0,1.0,0,0,0,0.0,1.0,3,3771,3771.0,0.0,1.0,1.0,0.0,1,3,0.0,1,,0.020855545868879388,0
session_9a5d7e7248,user_0000598,aggressive_bot,,65,0,65,54,3,0,0,0,3.9973265056900686,16.26086833474187,250.1672051498749,38.8542414721814,0.155313089295233,0.9957274520849256,0.1551421446621501,85.8235417725098,120.97414851679277,1.7118940202271598,0.0461538461538461,0,0,0,0.0,65.0,1,553,553.0,0.0,1.0,0.8307692307692308,0.0,1,1,0.0,0,,0.15028740651912786,1
session_9a6c908314,user_0001644,multi_session_bot,,1,0,1,0,0,0,0,0,2.267560655397371,0.4410025361922494,441.0025361922495,0.0,0.0,-0.0,0.0,0.0,,1.584962500721156,1.0,0,0,0,0.0,1.0,7,2167,2165.333333333333,0.0,1.0,0.0,0.0,1,7,0.0,1,,0.0065683897632895505,0
session_9a726194ff,user_0001689,multi_session_bot,,1,0,1,0,0,0,0,0,2.4491650620652563,0.4083024110905578,408.3024110905579,0.0,0.0,-0.0,0.0,0.0,,1.584962500721156,1.0,0,0,0,0.0,1.0,5,2394,2393.0,0.0,1.0,0.0,0.0,1,5,0.0,1,,0.010749966641508513,0
session_9aaf4e6e88,user_0001612,multi_session_bot,,1,0,1,0,0,0,0,0,1.633619378267882,0.6121376945591174,612.1376945591173,0.0,0.0,-0.0,0.0,0.0,,1.584962500721156,1.0,0,0,0,0.0,1.0,5,2006,2005.3333333333333,0.0,1.0,0.0,0.0,1,5,0.0,1,,-0.00021472385965665142,0
session_9b69775ce0,user_0002762,adaptive_bot,,56,0,56,0,0,10,0,0,1.1049738762850785,50.67993117472784,817.4182447536748,548.7731686198213,0.6713493026879912,3.640919245829425,0.7587586075582488,436.710647090855,649.8038655333467,1.5914380521391285,0.2142857142857142,2726,1389,627,84.67857142857143,0.0118093631379164,1,4728,4728.0,0.0,1.0,0.0,0.1973167636223353,1,1,0.0,0,,0.15095721549962815,1
session_9bae3d8e83,user_0000484,human,,1,0,1,0,0,0,0,0,0.3166957962008901,3.157604275131169,1578.8021375655844,847.7866718952149,0.5369809501287157,1.0,0.0,0.0,,2.0,1.0,10,3,4,17.0,0.0588235294117647,1,439,439.0,0.0,1.0,0.0,0.0,0,1,0.0,0,,-0.0966571990872786,0
session_9bbe858076,user_0001754,multi_session_bot,,1,0,1,1,0,0,0,0,1.4271886971532812,0.7006781948277994,700.6781948277994,0.0,0.0,-0.0,0.0,0.0,0.0,2.0,1.0,0,0,0,0.0,1.0,7,2747,2746.75,0.0,1.0,1.0,0.0,1,7,0.0,1,,0.007777914782008732,0
session_9c45af8ab3,user_0001783,multi_session_bot,,1,0,1,1,0,0,0,0,3.706164717128,0.2698207112540117,269.8207112540117,0.0,0.0,-0.0,0.0,0.0,0.0,2.0,1.0,0,0,0,0.0,1.0,5,2893,2893.0,0.0,1.0,1.0,0.0,1,5,0.0,1,,0.03306323635438202,0
session_9d2188c3ad,user_0001649,multi_session_bot,,1,0,1,0,0,0,0,0,3.126765413652965,0.3198193237118198,319.8193237118199,0.0,0.0,-0.0,0.0,0.0,,1.584962500721156,1.0,0,0,0,0.0,1.0,5,2190,2190.0,0.0,1.0,0.0,0.0,1,5,0.0,1,,0.023282455995403573,0
session_9d33de32db,user_0001924,multi_session_bot,,1,0,1,0,0,0,0,0,2.128462225473046,0.4698227612556066,469.8227612556066,0.0,0.0,-0.0,0.0,0.0,,1.584962500721156,1.0,0,0,0,0.0,1.0,3,3600,3599.333333333333,0.0,1.0,0.0,0.0,1,3,0.0,1,,0.005408564026619267,0
session_9d40f16a5d,user_0001904,multi_session_bot,,1,0,1,0,0,0,0,0,1.681311618990545,0.5947737401591249,594.7737401591248,0.0,0.0,-0.0,0.0,0.0,,1.584962500721156,1.0,0,0,0,0.0,1.0,3,3498,3498.0,0.0,1.0,0.0,0.0,1,3,0.0,1,,0.000617350490196733,0
session_9d6443ecf5,user_0001877,multi_session_bot,,1,0,1,1,0,0,0,0,2.002759590144192,0.4993110530695316,499.3110530695316,0.0,0.0,-0.0,0.0,0.0,0.0,2.0,1.0,0,0,0,0.0,1.0,6,3360,3359.25,0.0,1.0,1.0,0.0,1,6,0.0,1,,0.013674676812834186,0
session_9d7f1d27d2,user_0001960,multi_session_bot,,1,0,1,0,0,0,0,0,1.849071143510247,0.5408120739484453,540.8120739484453,0.0,0.0,-0.0,0.0,0.0,,1.584962500721156,1.0,0,0,0,0.0,1.0,3,3771,3770.3333333333335,0.0,1.0,0.0,0.0,1,3,0.0,1,,0.002820842553775793,0
session_9d8ac6a26b,user_0002751,adaptive_bot,,36,0,36,0,0,2,0,0,1.3011080976654872,27.668723347885532,674.8469109240374,337.4781806328153,0.5000810927188237,3.183517177550589,0.4996870206872171,388.841440408207,462.1372655229986,1.498875087658821,0.1666666666666666,1304,251,20,43.75,0.0228571428571428,1,4717,4717.0,0.0,1.0,0.0,0.0722837832036381,1,1,0.0,0,,0.11333386688387492,0
session_9d8ece0f6a,user_0001867,multi_session_bot,,1,0,1,0,0,0,0,0,2.049001870088033,0.4880425023511747,488.0425023511747,0.0,0.0,-0.0,0.0,0.0,,1.584962500721156,1.0,0,0,0,0.0,1.0,7,3308,3308.0,0.0,1.0,0.0,0.0,1,7,0.0,1,,0.004478515395067828,0
session_9df5c3f69a,user_0000131,human,,1,0,1,0,0,0,0,0,2.2192798163070546,0.4505966271815281,450.5966271815281,0.0,0.0,-0.0,0.0,0.0,,1.584962500721156,1.0,12,2,0,14.0,0.0714285714285714,1,86,86.0,0.0,1.0,0.0,0.0,0,1,0.0,0,,-0.1337287782416493,0
session_9e068726e1,user_0001172,rapid_retry_bot,,55,0,55,55,0,0,0,0,1.3674841933772697,40.21984331984617,365.6349392713289,150.80707612886246,0.4124525857113238,2.5404880506369603,0.2302384264645147,336.05765025303623,327.26305395614304,1.6285071859760285,0.0909090909090909,0,0,0,0.0,55.0,1,1127,1127.0,0.0,1.0,1.0,0.0,1,1,0.0,0,,0.10207106011207612,0
session_9e26501312,user_0000629,aggressive_bot,,49,0,49,40,4,0,0,0,3.971158053358634,12.338969978431836,251.8157138455477,51.93983766918719,0.2062613046501328,1.3221573824270023,0.2083223590862662,85.54604281274075,123.36831197453834,1.7674329555281454,0.0204081632653061,0,0,0,0.0,49.0,1,584,584.0,0.0,1.0,0.8163265306122449,0.0,1,1,0.0,0,,0.1503931152879674,1
session_9e57b5a995,user_0001939,multi_session_bot,,1,0,1,0,0,0,0,0,1.7582874404354998,0.5687352232649264,568.7352232649264,0.0,0.0,-0.0,0.0,0.0,,1.584962500721156,1.0,0,0,0,0.0,1.0,7,3676,3674.0,0.0,1.0,0.0,0.0,1,7,0.0,1,,0.0018063490582003183,0
session_9ea2713902,user_0002065,stealth_bot,,27,0,27,0,1,0,3,0,0.5480967392393619,49.26137680999541,1448.8640238233943,1144.0073211025672,0.7895891555673089,3.844384532235916,0.7830660898985751,1019.946337024543,1434.5939709540382,1.659459211658581,0.1111111111111111,3773,1304,752,215.88888888888889,0.0046320123520329,1,4031,4031.0,0.0,1.0,0.0,0.0,1,1,0.0,0,,0.16562172164885236,1
session_9ecaee62c4,user_0001722,multi_session_bot,,1,0,1,1,0,0,0,0,3.8704998228631142,0.2583645642076977,258.3645642076977,0.0,0.0,-0.0,0.0,0.0,0.0,2.0,1.0,0,0,0,0.0,1.0,4,2571,2571.0,0.0,1.0,1.0,0.0,1,4,0.0,1,,0.03438731013354779,0
session_9f4dd68d03,user_0001516,multi_session_bot,,1,0,1,1,0,0,0,0,1.6350286894981123,0.6116100631279806,611.6100631279807,0.0,0.0,-0.0,0.0,0.0,0.0,2.0,1.0,0,0,0,0.0,1.0,4,1526,1525.25,0.0,1.0,1.0,0.0,1,4,0.0,1,,0.010174231063401207,0
session_9f7e4d6ef9,user_0000238,human,,1,0,1,0,0,0,2,0,0.1460604019234591,6.846482597823026,1711.6206494557564,1172.55187571253,0.6850535929707123,2.0,0.0,0.0,,2.2516291673878226,1.0,11,16,14,41.0,0.024390243902439,1,193,193.0,0.0,1.0,0.0,0.0,0,1,0.0,0,,-0.07504086248521646,0
session_9f9dde22ca,user_0000775,aggressive_bot,,62,0,62,43,5,0,0,0,3.935063980736044,15.755779398637136,254.1254741715667,45.37005995722608,0.178534088741515,1.173334443668954,0.179008155278289,90.82739281722137,125.33662375016702,1.7510480691708312,0.032258064516129,0,0,0,0.0,62.0,1,730,730.0,0.0,1.0,0.6935483870967742,0.0,1,1,0.0,0,,0.15044773858729643,1
session_9fe1f3df51,user_0000937,aggressive_bot,,79,0,79,56,5,0,0,0,3.8727799125118887,20.39878376376945,258.2124527059425,49.88851126639513,0.193207224297618,1.135386810775815,0.1922309550426694,92.03784852188524,127.09547794784712,1.7230921029717283,0.0126582278481012,0,0,0,0.0,79.0,1,892,892.0,0.0,1.0,0.7088607594936709,0.0,1,1,0.0,0,,0.15168123221210128,1
session_a03e3ddfcf,user_0001961,multi_session_bot,,1,0,1,1,0,0,0,0,1.7000685167843097,0.5882115868432799,588.2115868432799,0.0,0.0,-0.0,0.0,0.0,0.0,2.0,1.0,0,0,0,0.0,1.0,5,3776,3775.0,0.0,1.0,1.0,0.0,1,5,0.0,1,,0.011023601606892086,0
session_a0b226b908,user_0002720,adaptive_bot,,32,0,32,0,0,0,0,0,1.304186646086546,24.536365324719387,663.1450087761996,399.0727954924818,0.601788131119241,3.069959866744351,0.5454281810909393,376.589432541752,458.18499044640646,1.3920024387387262,0.3125,973,226,264,45.71875,0.0218728639781271,1,4686,4686.0,0.0,1.0,0.0,0.0,1,1,0.0,0,,0.12607026924839826,0
session_a0defe8c71,user_0001953,multi_session_bot,,1,0,1,0,0,0,0,0,2.4516224405862888,0.4078931500402064,407.8931500402064,0.0,0.0,-0.0,0.0,0.0,,1.584962500721156,1.0,0,0,0,0.0,1.0,4,3742,3741.3333333333335,0.0,1.0,0.0,0.0,1,4,0.0,1,,0.010749966641508513,0
session_a11dc111c3,user_0001689,multi_session_bot,,1,0,1,0,0,0,0,0,4.363295035453201,0.2291845937243923,229.1845937243924,0.0,0.0,-0.0,0.0,0.0,,1.584962500721156,1.0,0,0,0,0.0,1.0,5,2394,2393.6666666666665,0.0,1.0,0.0,0.0,1,5,0.0,1,,0.03221791154637843,0
session_a13804f84c,user_0000112,human,,1,0,1,0,0,0,2,0,0.2355017525599785,4.246252901006824,1061.563225251706,866.7541329616488,0.8164884694042918,2.0,0.0,0.0,,2.2516291673878226,1.0,123,23,21,167.0,0.0059880239520958,1,67,67.0,0.0,1.0,0.0,0.0,0,1,0.0,0,,-0.03187165679493337,0
session_a1567955a5,user_0000196,human,,1,0,1,0,0,0,0,0,0.6411875998857872,1.5596059564753388,1559.6059564753389,0.0,0.0,-0.0,0.0,0.0,,1.584962500721156,1.0,14,0,0,14.0,0.0714285714285714,1,151,151.0,0.0,1.0,0.0,0.0,0,1,0.0,0,,-0.14316906055401096,0
session_a15f1a6312,user_0001547,multi_session_bot,,1,0,1,0,0,0,0,0,1.6621173195804142,0.6016422476437707,601.6422476437707,0.0,0.0,-0.0,0.0,0.0,,1.584962500721156,1.0,0,0,0,0.0,1.0,7,1688,1686.6666666666667,0.0,1.0,0.0,0.0,1,7,0.0,1,,0.000617350490196733,0
session_a2165ff50b,user_0000268,human,,1,0,1,0,0,0,0,0,0.4378392791166383,2.283943098978118,761.3143663260394,271.9280296593037,0.3571823174329121,1.584962500721156,0.0,0.0,,1.9219280948873625,1.0,50,5,12,67.0,0.0149253731343283,1,223,223.0,0.0,1.0,0.0,0.0,0,1,0.0,0,,-0.11075013219963331,0
session_a262cbd23c,user_0001767,multi_session_bot,,1,0,1,0,0,0,0,0,1.248452883141907,0.8009913818159957,800.9913818159957,0.0,0.0,-0.0,0.0,0.0,,1.584962500721156,1.0,0,0,0,0.0,1.0,7,2811,2810.0,0.0,1.0,0.0,0.0,1,7,0.0,1,,-0.0030721199487050432,0
session_a265347bae,user_0002054,stealth_bot,,16,0,16,0,1,0,3,0,0.5075047308714289,31.52679970593897,1433.0363502699531,863.6946059567647,0.6027025105078899,3.8796640049025934,0.6221779086768797,1040.5902888819164,1228.8607538105434,1.830148693165749,0.0,1779,505,444,170.5,0.0058651026392961,1,4020,4020.0,0.0,1.0,0.0,0.0,1,1,0.0,0,,0.1421869946018922,0
session_a3334e2eb3,user_0001703,multi_session_bot,,1,0,1,0,0,0,0,0,0.9112365362320648,1.0974099042768517,1097.4099042768516,0.0,0.0,-0.0,0.0,0.0,,1.584962500721156,1.0,0,0,0,0.0,1.0,6,2466,2465.333333333333,0.0,1.0,0.0,0.0,1,6,0.0,1,,-0.009746430253641025,0
session_a340aeac50,user_0000345,human,,1,0,1,0,1,0,3,0,0.1532065586079498,6.527135711983224,815.891963997903,367.0468726169886,0.4498719056116748,2.4056390622295662,0.0,0.0,,2.3709505944546687,1.0,154,53,41,248.0,0.0040322580645161,1,300,300.0,0.0,1.0,0.0,0.0,0,1,0.0,0,,0.03486983195153248,0
session_a3d50fed34,user_0001413,rapid_retry_bot,,22,0,22,22,0,0,0,0,1.4410998879088954,15.266117348689166,346.9572124702083,147.1726676135888,0.4241810296023919,2.4155812679727866,0.2253671708199444,309.8571804101427,308.37458067346057,1.673216252695659,0.0909090909090909,0,0,0,0.0,22.0,1,1368,1368.0,0.0,1.0,1.0,0.0,1,1,0.0,0,,0.09456193577738037,0
session_a415f5dda6,user_0002886,adaptive_bot,,31,0,31,0,0,3,0,0,0.8142323796759592,38.07266914678228,1001.9123459679544,771.3525663195381,0.7698802888533419,3.483833765031549,0.9057158945190898,609.1656397495499,929.979399902922,1.647817117776552,0.3548387096774194,1541,517,213,73.25806451612904,0.0136503742844561,1,4852,4852.0,0.0,1.0,0.0,0.078796681904125,1,1,0.0,0,,0.13942069047401884,0
session_a449b6bb37,user_0001718,multi_session_bot,,1,0,1,0,0,0,0,0,2.2284983073807725,0.4487326719917203,448.7326719917203,0.0,0.0,-0.0,0.0,0.0,,1.584962500721156,1.0,0,0,0,0.0,1.0,7,2550,2549.0,0.0,1.0,0.0,0.0,1,7,0.0,1,,0.0065683897632895505,0
session_a5755a96f3,user_0001350,rapid_retry_bot,,24,0,24,24,0,0,0,0,1.330623523674917,18.036656930366583,375.7636860493039,133.8848741782389,0.3563007260916423,2.2583083192534352,0.1769495232508203,339.67790201425606,326.7485919374602,1.667669763648192,0.0,0,0,0,0.0,24.0,1,1305,1305.0,0.0,1.0,1.0,0.0,1,1,0.0,0,,0.09343871983694896,0
session_a65f9d0c49,user_0000732,aggressive_bot,,51,0,51,37,4,0,0,0,3.858907173741801,13.216176939168946,259.14072429743027,48.85266949896701,0.1885179167860011,1.1922398876884723,0.190243602356236,91.29826523610092,127.70554151637182,1.757861394432842,0.0196078431372549,0,0,0,0.0,51.0,1,687,687.0,0.0,1.0,0.7254901960784313,0.0,1,1,0.0,0,,0.14866416422273665,0
session_a6974631e2,user_0001548,multi_session_bot,,1,0,1,0,0,0,0,0,1.415324389835651,0.7065518033757061,706.5518033757061,0.0,0.0,-0.0,0.0,0.0,,1.584962500721156,1.0,0,0,0,0.0,1.0,4,1692,1691.6666666666667,0.0,1.0,0.0,0.0,1,4,0.0,1,,-0.002472877782499827,0
session_a6f562f8c6,user_0002427,stealth_bot,,17,0,17,0,3,0,1,0,0.5374877076319382,31.62863030840008,1506.1252527809563,1535.7912805519636,1.0196969194402865,3.7849418274376414,0.9537683467203716,938.3682513681651,1481.154285938015,1.6000528828449403,0.2941176470588235,1147,338,379,109.6470588235294,0.0091201716738197,1,4393,4393.0,0.0,1.0,0.0,0.0,1,1,0.0,0,,0.17107675966963587,1
session_a72c987e42,user_0001798,multi_session_bot,,1,0,1,0,0,0,0,0,3.0506384643904623,0.3278002331881718,327.8002331881719,0.0,0.0,-0.0,0.0,0.0,,1.584962500721156,1.0,0,0,0,0.0,1.0,5,2960,2959.0,0.0,1.0,0.0,0.0,1,5,0.0,1,,0.022731720297108682,0
session_a7db2c6a39,user_0000779,aggressive_bot,,58,0,58,46,7,0,0,0,4.036346179033182,14.36943151736619,247.7488192649343,42.737672270459285,0.1725040401696407,1.0712154571431864,0.1734830297904659,84.16968246353777,120.46165301544222,1.8019725251505008,0.0344827586206896,0,0,0,0.0,58.0,1,734,734.0,0.0,1.0,0.7931034482758621,0.0,1,1,0.0,0,,0.14786989333317468,0
session_a802248e12,user_0002935,adaptive_bot,,19,0,19,0,0,3,0,0,0.6501964216999668,29.221938734026978,1007.6530597940338,854.6119751970903,0.8481212525388199,3.7193758224153695,0.7492405768092101,765.9987157910666,1130.8712490569917,1.8659125265662204,0.0526315789473684,887,228,182,68.26315789473684,0.0146491904394757,1,4901,4901.0,0.0,1.0,0.0,0.1026625928999947,1,1,0.0,0,,0.132160941761038,0
session_a841bdb42a,user_0001858,multi_session_bot,,1,0,1,0,0,0,0,0,2.8506566787587224,0.3507963647293491,350.79636472934914,0.0,0.0,-0.0,0.0,0.0,,1.584962500721156,1.0,0,0,0,0.0,1.0,7,3267,3266.6666666666665,0.0,1.0,0.0,0.0,1,7,0.0,1,,0.020303042464910548,0
session_a85365e771,user_0001959,multi_session_bot,,1,0,1,0,0,0,0,0,1.3184128890772295,0.758487730425565,758.487730425565,0.0,0.0,-0.0,0.0,0.0,,1.584962500721156,1.0,0,0,0,0.0,1.0,7,3768,3767.3333333333335,0.0,1.0,0.0,0.0,1,7,0.0,1,,-0.0032042289060797424,0
session_a869434233,user_0001809,multi_session_bot,,1,0,1,0,0,0,0,0,2.000478079864245,0.4998805085971555,499.8805085971555,0.0,0.0,-0.0,0.0,0.0,,1.584962500721156,1.0,0,0,0,0.0,1.0,3,3019,3018.333333333333,0.0,1.0,0.0,0.0,1,3,0.0,1,,0.0035784194200821906,0
session_a872feeeef,user_0000888,aggressive_bot,,39,0,39,28,4,0,0,0,3.974936153137989,9.811478347699168,251.57636788972223,54.995993702655184,0.2186055636464332,1.1385936501543064,0.2149961886486178,88.35458858212216,125.56107163073368,1.795611263747689,0.0769230769230769,0,0,0,0.0,39.0,1,843,843.0,0.0,1.0,0.717948717948718,0.0,1,1,0.0,0,,0.1473343257455758,0
session_a899ba8bf9,user_0001650,multi_session_bot,,1,0,1,1,0,0,0,0,2.017758747189555,0.4955993878816557,495.5993878816557,0.0,0.0,-0.0,0.0,0.0,0.0,2.0,1.0,0,0,0,0.0,1.0,5,2195,2194.25,0.0,1.0,1.0,0.0,1,5,0.0,1,,0.014592818836441479,0
session_a89ab2457e,user_0001537,multi_session_bot,,1,0,1,0,0,0,0,0,0.8502978226051903,1.176058521396825,1176.0585213968252,0.0,0.0,-0.0,0.0,0.0,,1.584962500721156,1.0,0,0,0,0.0,1.0,4,1634,1633.0,0.0,1.0,0.0,0.0,1,4,0.0,1,,-0.010683893622326135,0
session_a8bf233414,user_0000742,aggressive_bot,,43,0,43,29,4,0,0,0,3.844334651322733,11.185290537910078,260.12303576535066,60.65004516017226,0.2331590702135388,1.3526334608420476,0.2351423053614688,92.76210268174232,130.58260171920833,1.7773887809161852,0.0232558139534883,0,0,0,0.0,43.0,1,697,697.0,0.0,1.0,0.6744186046511628,0.0,1,1,0.0,0,,0.14897087964455902,0
session_a8d851e152,user_0000633,aggressive_bot,,40,0,40,31,1,0,0,0,4.289411193518447,9.32528922861076,233.132230715269,45.40712774757247,0.1947698420259594,1.0368902807106744,0.197225166689548,81.7420487302107,114.86583184803143,1.6933264561056114,0.05,0,0,0,0.0,40.0,1,588,588.0,0.0,1.0,0.775,0.0,1,1,0.0,0,,0.12461668240402635,0
session_a96c21c9de,user_0001650,multi_session_bot,,1,0,1,0,0,0,0,0,1.600634842491771,0.6247521130073995,624.7521130073995,0.0,0.0,-0.0,0.0,0.0,,1.584962500721156,1.0,0,0,0,0.0,1.0,5,2195,2194.6666666666665,0.0,1.0,0.0,0.0,1,5,0.0,1,,-0.0005007511520277452,0
session_a98592099e,user_0001627,multi_session_bot,,1,0,1,0,0,0,0,0,0.9825316364295212,1.017778932425991,1017.7789324259908,0.0,0.0,-0.0,0.0,0.0,,1.584962500721156,1.0,0,0,0,0.0,1.0,3,2083,2082.333333333333,0.0,1.0,0.0,0.0,1,3,0.0,1,,-0.009144715505574497,0
session_a9b37559c7,user_0002970,adaptive_bot,,38,0,38,0,0,6,0,0,0.9206409790884372,41.27559044528443,938.0816010291912,784.2488486397717,0.8360134638387043,3.714638438338048,0.966754834296395,575.4336397227863,930.9382051012158,1.6458228575914944,0.2631578947368421,771,491,375,43.078947368421055,0.0232131948686621,1,4936,4936.0,0.0,1.0,0.0,0.1453643651192269,1,1,0.0,0,,0.1444306631128448,0
session_aa22e56148,user_0001504,multi_session_bot,,1,0,1,0,0,0,0,0,1.988085627010048,0.5029964436209597,502.9964436209597,0.0,0.0,-0.0,0.0,0.0,,1.584962500721156,1.0,0,0,0,0.0,1.0,7,1475,1473.6666666666667,0.0,1.0,0.0,0.0,1,7,0.0,1,,0.003351327794864245,0
session_ab5e6499f3,user_0000027,human,,20,16,4,0,2,0,7,4,0.3052987126426269,65.50961131438301,1559.7526503424524,1282.5512607379474,0.8222786224830944,4.490548304185255,0.8753605225945398,5801.654143773806,4773.503119887435,2.615322322419824,0.0,10306,2845,2031,759.1,0.0013173494928204,1,1,1.0,0.8,0.2,0.0,0.0,0,1,0.0,0,,0.2124123292161142,1
session_ab989d1ec9,user_0001863,multi_session_bot,,1,0,1,1,0,0,0,0,2.0721645070050223,0.4825871674857214,482.5871674857214,0.0,0.0,-0.0,0.0,0.0,0.0,2.0,1.0,0,0,0,0.0,1.0,5,3287,3286.75,0.0,1.0,1.0,0.0,1,5,0.0,1,,0.014975509150546129,0
session_aba507912c,user_0001633,multi_session_bot,,1,0,1,0,0,0,0,0,1.3081763760506593,0.7644229159824507,764.4229159824507,0.0,0.0,-0.0,0.0,0.0,,1.584962500721156,1.0,0,0,0,0.0,1.0,7,2111,2110.0,0.0,1.0,0.0,0.0,1,7,0.0,1,,-0.002177307264531081,0
session_abc7a09322,user_0001322,rapid_retry_bot,,47,0,47,47,0,0,0,0,1.3284105048258117,35.38062957892891,376.3896763715842,169.6957252293409,0.4508511680373819,2.6853899782081285,0.1996608070060956,331.3037197422672,331.89521156834115,1.6342750907261827,0.0638297872340425,0,0,0,0.0,47.0,1,1277,1277.0,0.0,1.0,1.0,0.0,1,1,0.0,0,,0.10112140243005929,0
session_ac076a3a0a,user_0001673,multi_session_bot,,1,0,1,1,0,0,0,0,2.7350405826338715,0.3656252877377746,365.6252877377746,0.0,0.0,-0.0,0.0,0.0,0.0,2.0,1.0,0,0,0,0.0,1.0,3,2317,2316.5,0.0,1.0,1.0,0.0,1,3,0.0,1,,0.025335333920602943,0
session_adbd6f6b5e,user_0001590,multi_session_bot,,1,0,1,0,0,0,0,0,1.5437121537985108,0.6477891603945501,647.7891603945501,0.0,0.0,-0.0,0.0,0.0,,1.584962500721156,1.0,0,0,0,0.0,1.0,6,1905,1904.0,0.0,1.0,0.0,0.0,1,6,0.0,1,,-0.000936543910900034,0
session_adebff8d9a,user_0001595,multi_session_bot,,1,0,1,1,0,0,0,0,1.4117977595454514,0.7083167495052297,708.3167495052297,0.0,0.0,-0.0,0.0,0.0,0.0,2.0,1.0,0,0,0,0.0,1.0,3,1923,1923.0,0.0,1.0,1.0,0.0,1,3,0.0,1,,0.008090098429187731,0
session_ae202f9b6c,user_0001657,multi_session_bot,,1,0,1,0,0,0,0,0,1.3321871921640027,0.7506452590762426,750.6452590762426,0.0,0.0,-0.0,0.0,0.0,,1.584962500721156,1.0,0,0,0,0.0,1.0,3,2233,2232.6666666666665,0.0,1.0,0.0,0.0,1,3,0.0,1,,-0.0032042289060797424,0
session_ae59469c23,user_0000591,aggressive_bot,,39,0,39,32,2,0,0,0,3.965709109493676,9.83430678428639,252.1617124175997,42.289305387085136,0.1677070836077235,1.1287997673232602,0.1687823410406456,86.53868248615244,123.07025812452656,1.738219908687264,0.0256410256410256,0,0,0,0.0,39.0,1,546,546.0,0.0,1.0,0.8205128205128205,0.0,1,1,0.0,0,,0.1389065679294672,0
session_aef0450c24,user_0000596,aggressive_bot,,32,0,32,27,3,0,0,0,3.780877196544236,8.46364437047793,264.4888865774353,75.9671271632796,0.28722237877862,1.4677244225937902,0.2851745703243659,88.92876361584743,133.9364202233302,1.7999940287459255,0.125,0,0,0,0.0,32.0,1,551,551.0,0.0,1.0,0.84375,0.0,1,1,0.0,0,,0.1464092104878002,0
session_af000da800,user_0001858,multi_session_bot,,1,0,1,0,0,0,0,0,2.316744182629769,0.4316402335215474,431.6402335215474,0.0,0.0,-0.0,0.0,0.0,,1.584962500721156,1.0,0,0,0,0.0,1.0,7,3267,3266.333333333333,0.0,1.0,0.0,0.0,1,7,0.0,1,,0.009083898576707328,0
session_af360a1861,user_0000369,human,,1,0,1,0,0,0,0,0,0.4583095863888655,2.1819312309813266,2181.9312309813267,0.0,0.0,-0.0,0.0,0.0,,1.584962500721156,1.0,4,4,0,8.0,0.125,1,324,324.0,0.0,1.0,0.0,0.0,0,1,0.0,0,,-0.13781024821583004,0
session_af6e911c77,user_0002867,adaptive_bot,,46,0,46,0,0,4,0,0,1.041319039481966,44.17474208757771,849.5142709149561,716.2614791094137,0.8431423739803399,3.7253777103672903,0.9488265578848554,446.6790595532203,759.0359707152165,1.5245832945465958,0.0869565217391304,1610,764,677,66.32608695652173,0.0150770239265814,1,4833,4833.0,0.0,1.0,0.0,0.090549481694084,1,1,0.0,0,,0.14847316756356643,0
session_aff97c1382,user_0000989,aggressive_bot,,48,0,48,36,3,0,0,0,4.055055937425072,11.8370746891545,246.60572269071875,48.401606144649904,0.1962712203777724,1.122381243338059,0.1981220912031269,86.56304861588131,121.73528771645272,1.7416644028435917,0.0,0,0,0,0.0,48.0,1,944,944.0,0.0,1.0,0.75,0.0,1,1,0.0,0,,0.15041731594334617,1
session_b007d69778,user_0001830,multi_session_bot,,1,0,1,1,0,0,0,0,2.6812781728963864,0.3729564541674443,372.9564541674444,0.0,0.0,-0.0,0.0,0.0,0.0,2.0,1.0,0,0,0,0.0,1.0,3,3127,3126.5,0.0,1.0,1.0,0.0,1,3,0.0,1,,0.023871148045994883,0
session_b00c12937d,user_0001516,multi_session_bot,,1,0,1,0,0,0,0,0,2.382868550614063,0.4196622594822953,419.6622594822953,0.0,0.0,-0.0,0.0,0.0,,1.584962500721156,1.0,0,0,0,0.0,1.0,4,1526,1526.0,0.0,1.0,0.0,0.0,1,4,0.0,1,,0.010299312776912095,0
session_b054d000f7,user_0000049,human,,1,0,1,0,0,0,0,0,0.5031561605993177,1.98745454852204,1987.45454852204,0.0,0.0,-0.0,0.0,0.0,,1.584962500721156,1.0,0,4,4,8.0,0.125,1,4,4.0,0.0,1.0,0.0,0.0,0,1,0.0,0,,-0.1070266409393355,0
session_b0aaec9fe3,user_0001590,multi_session_bot,,1,0,1,0,0,0,0,0,2.6535548131898143,0.3768529653238665,376.8529653238665,0.0,0.0,-0.0,0.0,0.0,,1.584962500721156,1.0,0,0,0,0.0,1.0,6,1905,1904.6666666666667,0.0,1.0,0.0,0.0,1,6,0.0,1,,0.015261057966090341,0
session_b0b2bb9611,user_0001637,multi_session_bot,,1,0,1,0,0,0,0,0,2.454088989054767,0.4074831860050709,407.4831860050709,0.0,0.0,-0.0,0.0,0.0,,1.584962500721156,1.0,0,0,0,0.0,1.0,7,2134,2132.333333333333,0.0,1.0,0.0,0.0,1,7,0.0,1,,0.010749966641508513,0
session_b107c6fd25,user_0002233,stealth_bot,,13,0,13,0,1,0,3,0,0.4966747489598074,26.174070711720447,1377.5826690379183,884.4440566690129,0.6420261204989567,3.7216117239699,0.8720110854163211,1064.996142165718,1561.2792255828151,1.924202598939306,0.2307692307692307,1620,403,212,171.92307692307693,0.0058165548098434,1,4199,4199.0,0.0,1.0,0.0,0.0,1,1,0.0,0,,0.1387628852427939,0
session_b111cbaed3,user_0001077,rapid_retry_bot,,59,0,59,59,0,0,0,0,1.3276497793059832,44.43943042783596,376.6053426087793,146.0993699899917,0.3879375926479112,2.485160811593293,0.2254102951136679,345.35756453208654,332.653411699836,1.6261389380616456,0.0169491525423728,0,0,0,0.0,59.0,1,1032,1032.0,0.0,1.0,1.0,0.0,1,1,0.0,0,,0.10387639336462495,0
session_b120c1d69c,user_0002288,stealth_bot,,32,0,32,0,2,0,4,0,0.4697233660032738,68.12520371783457,1548.30008449624,1174.0947627743476,0.7583121479686251,4.334796540106296,0.757198079364169,1099.3007115608282,1441.271891850001,1.7796466055737723,0.25,6094,2246,1466,306.4375,0.0032633081786661,1,4254,4254.0,0.0,1.0,0.0,0.0,1,1,0.0,0,,0.2033439908139898,1
session_b16cc9c0ff,user_0001548,multi_session_bot,,1,0,1,0,0,0,0,0,2.1468227186926123,0.465804647627815,465.804647627815,0.0,0.0,-0.0,0.0,0.0,,1.584962500721156,1.0,0,0,0,0.0,1.0,4,1692,1692.0,0.0,1.0,0.0,0.0,1,4,0.0,1,,0.005408564026619267,0
session_b188de40fb,user_0001587,multi_session_bot,,1,0,1,0,0,0,0,0,2.699292080888327,0.3704675040838499,370.4675040838499,0.0,0.0,-0.0,0.0,0.0,,1.584962500721156,1.0,0,0,0,0.0,1.0,3,1888,1888.0,0.0,1.0,0.0,0.0,1,3,0.0,1,,0.016170272754750026,0
session_b18c6d9d03,user_0001999,multi_session_bot,,1,0,1,0,0,0,0,0,1.7071818267691945,0.5857606871861324,585.7606871861324,0.0,0.0,-0.0,0.0,0.0,,1.584962500721156,1.0,0,0,0,0.0,1.0,7,3965,3963.6666666666665,0.0,1.0,0.0,0.0,1,7,0.0,1,,0.0007302668388039502,0
session_b1c1fd847d,user_0001587,multi_session_bot,,1,0,1,0,0,0,0,0,1.8067968574515447,0.5534656515898982,553.4656515898982,0.0,0.0,-0.0,0.0,0.0,,1.584962500721156,1.0,0,0,0,0.0,1.0,3,1888,1887.6666666666667,0.0,1.0,0.0,0.0,1,3,0.0,1,,0.002267838009749057,0
session_b21958dc36,user_0002906,adaptive_bot,,28,0,28,0,0,2,0,0,1.0444008723294536,26.80962908193308,837.8009088104088,617.3816894234232,0.7369073999932056,3.4147170014624826,0.841730022877976,474.9631714662581,713.2053457652219,1.5453453896074427,0.2142857142857142,548,134,137,29.25,0.0341880341880341,1,4872,4872.0,0.0,1.0,0.0,0.0746000623092466,1,1,0.0,0,,0.13204834360569828,0
session_b259b492f5,user_0000915,aggressive_bot,,64,0,64,46,8,0,0,0,3.906476265616335,16.383051028188586,255.98517231544665,54.96672384595396,0.2147262021029065,1.2244322443615143,0.2155879858307056,89.25635576658956,126.7847469530528,1.7993946471440283,0.0625,0,0,0,0.0,64.0,1,870,870.0,0.0,1.0,0.71875,0.0,1,1,0.0,0,,0.1497048134267207,0
session_b282f9ca65,user_0002081,stealth_bot,,25,0,25,0,4,0,6,0,0.4187289040605347,59.70450035229908,1456.2073256658311,945.7245775523407,0.6494436340786303,4.104281809855787,0.5946763417474339,1214.4688811233818,1406.1478457508565,2.0181435263176217,0.04,7465,2444,1702,464.44,0.0021531306519679,1,4047,4047.0,0.0,1.0,0.0,0.0,1,1,0.0,0,,0.21040261121443482,1
session_b28e542a1d,user_0000282,human,,1,0,1,0,0,0,1,0,0.5345117879053689,1.8708661298542624,935.4330649271312,154.14875986726247,0.1647886584800917,1.0,0.0,0.0,,2.0,1.0,15,9,12,36.0,0.0277777777777777,1,237,237.0,0.0,1.0,0.0,0.0,0,1,0.0,0,,-0.11978942798960751,0
session_b2e1674189,user_0001792,multi_session_bot,,1,0,1,0,0,0,0,0,2.889157119604504,0.3461217090667917,346.1217090667917,0.0,0.0,-0.0,0.0,0.0,,1.584962500721156,1.0,0,0,0,0.0,1.0,4,2933,2932.0,0.0,1.0,0.0,0.0,1,4,0.0,1,,0.021159913556505483,0
session_b2e8ce62ea,user_0000498,human,,1,0,1,0,0,0,0,0,6.666666666666667,0.15,150.0,0.0,0.0,-0.0,0.0,0.0,,1.584962500721156,1.0,4,2,2,8.0,0.125,1,453,453.0,0.0,1.0,0.0,0.0,0,1,0.0,0,,-0.01623661020783218,0
session_b3641b88e1,user_0001959,multi_session_bot,,1,0,1,0,0,0,0,0,1.3709373022013995,0.7294279602679405,729.4279602679405,0.0,0.0,-0.0,0.0,0.0,,1.584962500721156,1.0,0,0,0,0.0,1.0,7,3768,3766.0,0.0,1.0,0.0,0.0,1,7,0.0,1,,-0.0027452774890152076,0
session_b3c3f0ccb8,user_0001208,rapid_retry_bot,,49,0,49,49,0,0,0,0,1.3398051801219522,36.57248137788205,373.18858548859225,164.18600292257958,0.4399545144383803,2.6416384683228293,0.2372812717583415,335.4153749466321,334.1166729710981,1.6326807501901957,0.0204081632653061,0,0,0,0.0,49.0,1,1163,1163.0,0.0,1.0,1.0,0.0,1,1,0.0,0,,0.1028801085151414,0
session_b3de983580,user_0002796,adaptive_bot,,19,0,19,0,0,2,0,0,0.6075611605171896,31.272571775039324,1116.8775633942616,836.5000322266519,0.7489630552560079,3.6689869584530608,0.9406254522425928,957.7419061106212,1385.4979496699889,1.8048447792979836,0.2631578947368421,1311,687,218,116.63157894736842,0.0085740072202166,1,4762,4762.0,0.0,1.0,0.0,0.0639538063702304,1,1,0.0,0,,0.13757147289507254,0
session_b4f199e994,user_0001877,multi_session_bot,,1,0,1,0,0,0,0,0,2.6816075210643486,0.3729106486109097,372.9106486109097,0.0,0.0,-0.0,0.0,0.0,,1.584962500721156,1.0,0,0,0,0.0,1.0,6,3360,3358.6666666666665,0.0,1.0,0.0,0.0,1,6,0.0,1,,0.015261057966090341,0
session_b4f7e78547,user_0000258,human,,1,0,1,0,0,0,0,0,0.603053230322203,1.6582284112228596,1658.2284112228597,0.0,0.0,-0.0,0.0,0.0,,1.584962500721156,1.0,4,6,0,10.0,0.1,1,213,213.0,0.0,1.0,0.0,0.0,0,1,0.0,0,,-0.1450438517931521,0
session_b52e964cc1,user_0001718,multi_session_bot,,1,0,1,0,0,0,0,0,1.751377445942249,0.5709791469091321,570.979146909132,0.0,0.0,-0.0,0.0,0.0,,1.584962500721156,1.0,0,0,0,0.0,1.0,7,2550,2548.0,0.0,1.0,0.0,0.0,1,7,0.0,1,,0.0018063490582003183,0
session_b53a10dff7,user_0001992,multi_session_bot,,1,0,1,0,0,0,0,0,2.495441078236952,0.4007307600732883,400.7307600732884,0.0,0.0,-0.0,0.0,0.0,,1.584962500721156,1.0,0,0,0,0.0,1.0,7,3930,3930.0,0.0,1.0,0.0,0.0,1,7,0.0,1,,0.010749966641508513,0
session_b58f5d4b30,user_0001288,rapid_retry_bot,,30,0,30,30,0,0,0,0,1.3408512981525238,22.373845661584657,372.8974276930777,142.75657388408715,0.3828306748245699,2.478949067798212,0.2383070476979801,339.3965688747696,329.7494020503778,1.654825919267194,0.0,0,0,0,0.0,30.0,1,1243,1243.0,0.0,1.0,1.0,0.0,1,1,0.0,0,,0.0987854105888647,0
session_b62407bba5,user_0002692,adaptive_bot,,23,0,23,0,0,1,0,0,0.7102827418515758,32.38147099005003,1245.4411919250012,776.566213341521,0.6235270026208389,3.796217602590056,0.7374310145710887,734.6764646916591,1085.3789148625094,1.499116763916867,0.0434782608695652,194,0,5,8.652173913043478,0.1155778894472361,1,4658,4658.0,0.0,1.0,0.0,0.0308818583413728,1,1,0.0,0,,0.10489034432786049,0
session_b63324a622,user_0001357,rapid_retry_bot,,20,0,20,20,0,0,0,0,1.304663141391078,15.329627522607325,383.2406880651831,145.04205283966755,0.3784620405832228,2.506198332810095,0.1940267026833024,343.3260349969182,332.06024212390946,1.679660522919579,0.0,0,0,0,0.0,20.0,1,1312,1312.0,0.0,1.0,1.0,0.0,1,1,0.0,0,,0.09486012429273083,0
session_b6aba4d166,user_0001773,multi_session_bot,,1,0,1,0,0,0,0,0,1.402678118089742,0.7129219363326669,712.9219363326669,0.0,0.0,-0.0,0.0,0.0,,1.584962500721156,1.0,0,0,0,0.0,1.0,7,2843,2842.6666666666665,0.0,1.0,0.0,0.0,1,7,0.0,1,,-0.002472877782499827,0
session_b6d88af36f,user_0000422,human,,1,0,1,0,0,0,0,0,0.6662416653619515,1.5009568629376044,750.4784314688022,292.4892169120755,0.3897370059518285,1.0,0.0,0.0,,2.0,1.0,15,0,2,17.0,0.0588235294117647,1,377,377.0,0.0,1.0,0.0,0.0,0,1,0.0,0,,-0.11705862206366457,0
session_b785d1a42c,user_0000183,human,,1,0,1,0,0,0,0,0,1.6075073841183405,0.6220811237818753,622.0811237818752,0.0,0.0,-0.0,0.0,0.0,,1.584962500721156,1.0,4,2,0,6.0,0.1666666666666666,1,138,138.0,0.0,1.0,0.0,0.0,0,1,0.0,0,,-0.13007927968556887,0
session_b78a21df2b,user_0000607,aggressive_bot,,33,0,33,27,4,0,0,0,3.901601678105645,8.458064846850942,256.3049953591194,37.99748276632956,0.1482510425249017,1.1628720819225884,0.1504981954122369,85.45920914845158,123.5385808211183,1.8258121457879477,0.0303030303030303,0,0,0,0.0,33.0,1,562,562.0,0.0,1.0,0.8181818181818182,0.0,1,1,0.0,0,,0.14494499854618703,0
session_b7c080be5c,user_0001982,multi_session_bot,,1,0,1,1,0,0,0,0,3.446800325416759,0.290124145755118,290.12414575511804,0.0,0.0,-0.0,0.0,0.0,0.0,2.0,1.0,0,0,0,0.0,1.0,5,3881,3880.25,0.0,1.0,1.0,0.0,1,5,0.0,1,,0.032553606344859265,0
session_b7cdefdb78,user_0001649,multi_session_bot,,1,0,1,0,0,0,0,0,1.5134289817943605,0.6607511895367395,660.7511895367395,0.0,0.0,-0.0,0.0,0.0,,1.584962500721156,1.0,0,0,0,0.0,1.0,5,2190,2189.0,0.0,1.0,0.0,0.0,1,5,0.0,1,,-0.0013108701052942373,0
session_b7d6ea883f,user_0002588,adaptive_bot,,32,0,32,0,0,2,0,0,1.2366059326161416,25.87728164323243,761.0965189186007,559.8159760954647,0.7355387420387572,3.476554019686605,0.8813689090266431,363.49296461312167,588.2228481276612,1.4128722828651257,0.5,464,198,393,32.96875,0.0303317535545023,1,4554,4554.0,0.0,1.0,0.0,0.0772878707885088,1,1,0.0,0,,0.13279178876638054,0
session_b869b3709d,user_0001786,multi_session_bot,,1,0,1,1,0,0,0,0,1.0949258140754483,0.9133038851991964,913.3038851991962,0.0,0.0,-0.0,0.0,0.0,0.0,2.0,1.0,0,0,0,0.0,1.0,3,2908,2907.5,0.0,1.0,1.0,0.0,1,3,0.0,1,,0.005164853486382293,0
session_b8885e1a0b,user_0001953,multi_session_bot,,1,0,1,0,0,0,0,0,1.7174877632582666,0.5822457786266192,582.2457786266192,0.0,0.0,-0.0,0.0,0.0,,1.584962500721156,1.0,0,0,0,0.0,1.0,4,3742,3741.0,0.0,1.0,0.0,0.0,1,4,0.0,1,,0.0007302668388039502,0
session_b8a3a447b3,user_0001877,multi_session_bot,,1,0,1,1,0,0,0,0,3.489035268492342,0.2866121787390567,286.6121787390568,0.0,0.0,-0.0,0.0,0.0,0.0,2.0,1.0,0,0,0,0.0,1.0,6,3360,3360.0,0.0,1.0,1.0,0.0,1,6,0.0,1,,0.032433513726840224,0
session_b8db3cbd3b,user_0001576,multi_session_bot,,1,0,1,0,0,0,0,0,3.069215762393236,0.3258161294011618,325.8161294011618,0.0,0.0,-0.0,0.0,0.0,,1.584962500721156,1.0,0,0,0,0.0,1.0,6,1829,1828.6666666666667,0.0,1.0,0.0,0.0,1,6,0.0,1,,0.023282455995403573,0
session_b9226b27b7,user_0001904,multi_session_bot,,1,0,1,0,0,0,0,0,2.9935310055344617,0.3340536637673679,334.05366376736794,0.0,0.0,-0.0,0.0,0.0,,1.584962500721156,1.0,0,0,0,0.0,1.0,3,3498,3497.333333333333,0.0,1.0,0.0,0.0,1,3,0.0,1,,0.0222818936821787,0
session_b95e9732a0,user_0001900,multi_session_bot,,1,0,1,0,0,0,0,0,1.5449479375764938,0.6472710022634584,647.2710022634584,0.0,0.0,-0.0,0.0,0.0,,1.584962500721156,1.0,0,0,0,0.0,1.0,6,3480,3479.333333333333,0.0,1.0,0.0,0.0,1,6,0.0,1,,-0.000936543910900034,0
session_b9ad62a41b,user_0002647,adaptive_bot,,34,0,34,0,0,4,0,0,1.0596330753363237,32.08657863875052,802.1644659687629,769.2900603181628,0.9590178734595304,3.401609497059027,0.8480600401259434,439.1792352956001,695.4054439632985,1.627106720210647,0.2941176470588235,513,474,167,33.94117647058823,0.0294627383015597,1,4613,4613.0,0.0,1.0,0.0,0.1246627147454498,1,1,0.0,0,,0.1460950175580803,0
session_ba9c77facc,user_0002818,adaptive_bot,,23,0,23,0,0,2,0,0,0.9200097468956644,24.9997351415108,999.989405660432,817.6873588270928,0.8176960217764108,3.3990795706241737,0.758022906295537,519.7879129240482,791.7380712261396,1.5139184796455625,0.1304347826086956,229,117,52,17.304347826086957,0.057788944723618,1,4784,4784.0,0.0,1.0,0.0,0.0800008475561447,1,1,0.0,0,,0.1236735287930949,0
session_bb667f2874,user_0001921,multi_session_bot,,1,0,1,0,0,0,0,0,3.0637196318862574,0.3264006241277125,326.4006241277125,0.0,0.0,-0.0,0.0,0.0,,1.584962500721156,1.0,0,0,0,0.0,1.0,7,3586,3585.6666666666665,0.0,1.0,0.0,0.0,1,7,0.0,1,,0.023282455995403573,0
session_bbe010d108,user_0001489,rapid_retry_bot,,26,0,26,26,0,0,0,0,1.265589066582342,20.543793152552794,395.0729452413999,154.67015507043558,0.3914977143674773,2.559461157278519,0.183180878901516,353.26344344943533,342.335898015068,1.6628402669745057,0.0,0,0,0,0.0,26.0,1,1444,1444.0,0.0,1.0,1.0,0.0,1,1,0.0,0,,0.09733682775332597,0
session_bc059ac764,user_0000023,human,,10,10,0,0,2,0,4,3,0.3455557807868467,28.938887890196863,1523.0993626419402,780.7860188260709,0.5126297324895034,3.6421498816369033,1.135586622468256,0.0,0.0,2.335052781357497,0.0,1413,492,528,243.3,0.0041101520756267,1,1,1.0,1.0,0.0,0.0,0.0,0,1,0.0,0,,0.09270255665452543,0
session_bc1c36c300,user_0001633,multi_session_bot,,1,0,1,0,0,0,0,0,3.760867968681888,0.2658960666333843,265.89606663338435,0.0,0.0,-0.0,0.0,0.0,,1.584962500721156,1.0,0,0,0,0.0,1.0,7,2111,2109.6666666666665,0.0,1.0,0.0,0.0,1,7,0.0,1,,0.025614645959117888,0
session_bc20e6b0e1,user_0002998,adaptive_bot,,24,0,24,0,0,1,0,0,1.1589491727919414,20.70841462545188,796.4774855943032,725.9329091685547,0.9114292899652894,3.11892373818864,0.8824830281583009,391.8775021917898,642.8948153921593,1.4297051020907945,0.4166666666666667,381,180,60,25.875,0.038647342995169,1,4964,4964.0,0.0,1.0,0.0,0.0482895488663309,1,1,0.0,0,,0.1342461941677897,0
session_bc9a80703e,user_0000595,aggressive_bot,,39,0,39,28,2,0,0,0,3.69191920092908,10.563611465328265,270.8618324443145,49.96543039370162,0.1844683318531924,1.3060830034799222,0.1856938399050298,96.44355566880628,134.01595264713083,1.7327044083652907,0.0256410256410256,0,0,0,0.0,39.0,1,550,550.0,0.0,1.0,0.717948717948718,0.0,1,1,0.0,0,,0.13752979819205002,0
session_bcc1b88529,user_0001399,rapid_retry_bot,,42,0,42,42,0,0,0,0,1.28263508419642,32.74508901049849,389.8224882202201,173.95383268833515,0.4462385776729854,2.6761361722878725,0.2464174528726292,349.73829008735925,354.1926743564239,1.6388264562987502,0.0952380952380952,0,0,0,0.0,42.0,1,1354,1354.0,0.0,1.0,1.0,0.0,1,1,0.0,0,,0.1029263111660621,0
session_bcfb174cc2,user_0000895,aggressive_bot,,73,0,73,48,4,0,0,0,4.019453945010154,18.161670962948573,248.79001319107635,42.87383041946999,0.1723293868172349,1.070864974976408,0.1734230218102286,90.81815317272822,122.77857577708954,1.7080186625984326,0.0410958904109589,0,0,0,0.0,73.0,1,850,850.0,0.0,1.0,0.6575342465753424,0.0,1,1,0.0,0,,0.14882023532190958,0
session_bd3505297d,user_0001675,multi_session_bot,,1,0,1,1,0,0,0,0,2.7617715929821096,0.3620864239972208,362.0864239972208,0.0,0.0,-0.0,0.0,0.0,0.0,2.0,1.0,0,0,0,0.0,1.0,6,2329,2328.0,0.0,1.0,1.0,0.0,1,6,0.0,1,,0.025335333920602943,0
session_bd3a4fee98,user_0000995,aggressive_bot,,79,0,79,61,4,0,0,0,3.859466058066908,20.469152678484438,259.1031984618282,46.82228911770109,0.1807090356107629,1.0777770767180643,0.1793296495774932,90.68719995976817,126.5225049261266,1.7101569943642188,0.0126582278481012,0,0,0,0.0,79.0,1,950,950.0,0.0,1.0,0.7721518987341772,0.0,1,1,0.0,0,,0.14965171920865528,0
session_bd5143f9c8,user_0001254,rapid_retry_bot,,29,0,29,29,0,0,0,0,1.2505331316069443,23.19010929581273,399.82947061746086,146.66122024201044,0.3668094300690741,2.5223954300909264,0.1980230158053612,371.87405182743953,351.72030546210266,1.6566549529998111,0.0344827586206896,0,0,0,0.0,29.0,1,1209,1209.0,0.0,1.0,1.0,0.0,1,1,0.0,0,,0.09773012450472074,0
session_bdbd1aa5c4,user_0001614,multi_session_bot,,1,0,1,0,0,0,0,0,1.85376354459342,0.5394431252661875,539.4431252661875,0.0,0.0,-0.0,0.0,0.0,,1.584962500721156,1.0,0,0,0,0.0,1.0,4,2015,2015.0,0.0,1.0,0.0,0.0,1,4,0.0,1,,0.002820842553775793,0
session_be6928df06,user_0000286,human,,1,0,1,0,0,0,0,0,0.6812759098371347,1.467834082433737,1467.834082433737,0.0,0.0,-0.0,0.0,0.0,,1.584962500721156,1.0,2,0,0,2.0,0.5,1,241,241.0,0.0,1.0,0.0,0.0,0,1,0.0,0,,-0.05614149796998258,0
session_be802eb6f2,user_0001741,multi_session_bot,,1,0,1,0,0,0,0,0,1.9211612397192244,0.5205185173037058,520.5185173037058,0.0,0.0,-0.0,0.0,0.0,,1.584962500721156,1.0,0,0,0,0.0,1.0,7,2671,2671.0,0.0,1.0,0.0,0.0,1,7,0.0,1,,0.003431552161534568,0
session_be9c8d7013,user_0002869,adaptive_bot,,52,0,52,0,0,5,0,0,1.067035295563779,48.73315832774329,798.9042348810374,608.3249296671488,0.7614491238211208,3.8325826339664615,0.7592039925053955,470.03465927547177,674.1428354287568,1.575618635794572,0.2307692307692307,1786,610,673,59.01923076923077,0.0169436298468556,1,4835,4835.0,0.0,1.0,0.0,0.1025995476503633,1,1,0.0,0,,0.14220736175381288,0
session_bef79350fc,user_0001921,multi_session_bot,,1,0,1,0,0,0,0,0,1.688626169070012,0.5921973840727202,592.1973840727202,0.0,0.0,-0.0,0.0,0.0,,1.584962500721156,1.0,0,0,0,0.0,1.0,7,3586,3584.333333333333,0.0,1.0,0.0,0.0,1,7,0.0,1,,0.000617350490196733,0
session_bf59fe834c,user_0001694,multi_session_bot,,1,0,1,0,0,0,0,0,1.65042945652316,0.605902903664012,605.902903664012,0.0,0.0,-0.0,0.0,0.0,,1.584962500721156,1.0,0,0,0,0.0,1.0,6,2421,2419.6666666666665,0.0,1.0,0.0,0.0,1,6,0.0,1,,-0.00021472385965665142,0
session_bfd8139ee1,user_0001900,multi_session_bot,,1,0,1,0,0,0,0,0,2.300808327093898,0.434629859525534,434.6298595255341,0.0,0.0,-0.0,0.0,0.0,,1.584962500721156,1.0,0,0,0,0.0,1.0,6,3480,3478.6666666666665,0.0,1.0,0.0,0.0,1,6,0.0,1,,0.007821502425613303,0
session_bff177a655,user_0001886,multi_session_bot,,1,0,1,1,0,0,0,0,1.320525867340952,0.7572740714376371,757.2740714376372,0.0,0.0,-0.0,0.0,0.0,0.0,2.0,1.0,0,0,0,0.0,1.0,7,3412,3411.75,0.0,1.0,1.0,0.0,1,7,0.0,1,,0.008283489362025165,0
session_c01a09ea35,user_0001443,rapid_retry_bot,,45,0,45,45,0,0,0,0,1.3740327061749746,32.75031212704592,363.8923569671769,146.35318156948614,0.4021881162584769,2.469737965604412,0.2366124446772405,333.7686421640176,324.79850917310654,1.6359910176877943,0.0222222222222222,0,0,0,0.0,45.0,1,1398,1398.0,0.0,1.0,1.0,0.0,1,1,0.0,0,,0.10199834701112243,0
session_c01b57666d,user_0001675,multi_session_bot,,1,0,1,0,0,0,0,0,2.070950581047628,0.4828700448728872,482.8700448728872,0.0,0.0,-0.0,0.0,0.0,,1.584962500721156,1.0,0,0,0,0.0,1.0,6,2329,2329.0,0.0,1.0,0.0,0.0,1,6,0.0,1,,0.00485368394474206,0
session_c0dd0cc8b5,user_0001858,multi_session_bot,,1,0,1,0,0,0,0,0,3.3097504951468126,0.3021375784870582,302.13757848705825,0.0,0.0,-0.0,0.0,0.0,,1.584962500721156,1.0,0,0,0,0.0,1.0,7,3267,3265.333333333333,0.0,1.0,0.0,0.0,1,7,0.0,1,,0.02395936017070277,0
session_c125c3bd4c,user_0001703,multi_session_bot,,1,0,1,1,0,0,0,0,2.9615034319559004,0.3376663316373597,337.6663316373597,0.0,0.0,-0.0,0.0,0.0,0.0,2.0,1.0,0,0,0,0.0,1.0,6,2466,2464.75,0.0,1.0,1.0,0.0,1,6,0.0,1,,0.02953201754774204,0
session_c192e4a45a,user_0001961,multi_session_bot,,1,0,1,0,0,0,0,0,2.034710032451761,0.4914705211312257,491.47052113122567,0.0,0.0,-0.0,0.0,0.0,,1.584962500721156,1.0,0,0,0,0.0,1.0,5,3776,3776.0,0.0,1.0,0.0,0.0,1,5,0.0,1,,0.004478515395067828,0
session_c19ffb0972,user_0001630,multi_session_bot,,1,0,1,0,0,0,0,0,1.7646239042598482,0.5666929919661486,566.6929919661486,0.0,0.0,-0.0,0.0,0.0,,1.584962500721156,1.0,0,0,0,0.0,1.0,6,2096,2095.333333333333,0.0,1.0,0.0,0.0,1,6,0.0,1,,0.0018063490582003183,0
session_c2310d0e3e,user_0002048,stealth_bot,,26,0,26,0,0,0,4,0,0.4924664217851778,52.795477721609295,1426.904803286738,1098.3420287440597,0.7697374248191851,4.15487093296263,0.8585187469433292,1132.590525856201,1534.9961267314382,1.748838284410312,0.1538461538461538,4369,1489,1139,269.11538461538464,0.0037158782335286,1,4014,4014.0,0.0,1.0,0.0,0.0,1,1,0.0,0,,0.1824869711701731,1
session_c249aba2c9,user_0002488,stealth_bot,,14,0,14,0,1,0,3,0,0.4812239158959752,29.092485925047708,1385.3564726213194,1105.6368463816946,0.7980883391620137,3.820888851350188,0.9117277440245944,1150.7536656704494,1610.9800076157785,1.9444885341662053,0.4285714285714285,1376,393,391,154.28571428571428,0.0064814814814814,1,4454,4454.0,0.0,1.0,0.0,0.0,1,1,0.0,0,,0.14082813091941826,0
session_c2a3937b7e,user_0002335,stealth_bot,,19,0,19,0,3,0,3,0,0.4339813177522447,43.78068645537156,1459.3562151790518,812.5651867599962,0.5567970165942663,4.231401845392171,0.5335311497243788,1257.6448180535367,1371.724749157847,1.9930429699823249,0.1578947368421052,2799,783,803,230.7894736842105,0.0043329532497149,1,4301,4301.0,0.0,1.0,0.0,0.0,1,1,0.0,0,,0.17231463540647063,1
session_c2d5025b3e,user_0001706,multi_session_bot,,1,0,1,0,0,0,0,0,4.805362898104347,0.2081008284295213,208.1008284295213,0.0,0.0,-0.0,0.0,0.0,,1.584962500721156,1.0,0,0,0,0.0,1.0,5,2482,2481.333333333333,0.0,1.0,0.0,0.0,1,5,0.0,1,,0.040357688667165714,0
session_c3b0b2eba9,user_0000923,aggressive_bot,,72,0,72,53,6,0,0,0,3.863185217932201,18.637470361449186,258.85375502012755,59.90312078794664,0.2314168507360025,1.3791797459615398,0.2141422134368097,89.93823471938984,126.72565477937084,1.7530196591093905,0.0277777777777777,0,0,0,0.0,72.0,1,878,878.0,0.0,1.0,0.7361111111111112,0.0,1,1,0.0,0,,0.1501652256394166,1
session_c3c569a000,user_0002308,stealth_bot,,20,0,20,0,2,0,2,0,0.4406965042390451,45.38270625616645,1680.8409724506096,932.7493500667985,0.5549301601726672,4.208410187268526,0.4866466849583548,998.865883061326,1221.2561353336362,1.8009622653532822,0.4,2568,1008,779,217.75,0.0045924225028702,1,4274,4274.0,0.0,1.0,0.0,0.0,1,1,0.0,0,,0.1617352726627065,1
session_c3c635fdcd,user_0001014,rapid_retry_bot,,41,0,41,41,0,0,0,0,1.2728441836700968,32.21132682696582,392.8210588654369,149.1556066893983,0.3797036928727703,2.577202077898349,0.2083793564533175,357.9141937495781,342.00707640345587,1.6398503703221632,0.024390243902439,0,0,0,0.0,41.0,1,969,969.0,0.0,1.0,1.0,0.0,1,1,0.0,0,,0.10288470094608737,0
session_c3f4564628,user_0001533,multi_session_bot,,1,0,1,0,0,0,0,0,2.2669825920105784,0.4411149884980386,441.1149884980386,0.0,0.0,-0.0,0.0,0.0,,1.584962500721156,1.0,0,0,0,0.0,1.0,7,1615,1614.3333333333333,0.0,1.0,0.0,0.0,1,7,0.0,1,,0.0065683897632895505,0
session_c4b11d0bd6,user_0001313,rapid_retry_bot,,57,0,57,57,0,0,0,0,1.3999515448923106,40.71569491670132,357.1552185675554,145.98768487430684,0.4087513699500753,2.3941608873660774,0.256551452769911,329.7905550216649,322.10312177890006,1.6272868917825,0.0175438596491228,0,0,0,0.0,57.0,1,1268,1268.0,0.0,1.0,1.0,0.0,1,1,0.0,0,,0.10172687234555067,0
session_c51dd534f9,user_0001939,multi_session_bot,,1,0,1,0,0,0,0,0,2.142873294351021,0.466663149256734,466.663149256734,0.0,0.0,-0.0,0.0,0.0,,1.584962500721156,1.0,0,0,0,0.0,1.0,7,3676,3675.6666666666665,0.0,1.0,0.0,0.0,1,7,0.0,1,,0.005408564026619267,0
session_c5926a37e1,user_0000332,human,,1,0,1,0,0,0,0,0,0.3931445218582078,2.5435938806255622,1271.796940312781,283.90201660986577,0.2232290451493333,1.0,0.0,0.0,,2.0,1.0,27,5,4,36.0,0.0277777777777777,1,287,287.0,0.0,1.0,0.0,0.0,0,1,0.0,0,,-0.1406964276009296,0
session_c6014f8704,user_0001798,multi_session_bot,,1,0,1,0,0,0,0,0,1.8945157851878656,0.5278393602304228,527.8393602304228,0.0,0.0,-0.0,0.0,0.0,,1.584962500721156,1.0,0,0,0,0.0,1.0,5,2960,2959.6666666666665,0.0,1.0,0.0,0.0,1,5,0.0,1,,0.00276882059527217,0
session_c688eaf108,user_0000475,human,,1,0,1,0,0,0,0,0,0.5599550289047095,1.7858576999585718,1785.857699958572,0.0,0.0,-0.0,0.0,0.0,,1.584962500721156,1.0,12,6,0,18.0,0.0555555555555555,1,430,430.0,0.0,1.0,0.0,0.0,0,1,0.0,0,,-0.122542341445603,0
session_c6d67d551a,user_0001046,rapid_retry_bot,,31,0,31,31,0,0,0,0,1.354187869491335,22.891949262286875,369.22498810140127,174.37457557079367,0.4722718699713376,2.682333587159192,0.2253703923868189,320.8384135505592,325.6963374441877,1.6530967573587076,0.032258064516129,0,0,0,0.0,31.0,1,1001,1001.0,0.0,1.0,1.0,0.0,1,1,0.0,0,,0.09924982019759732,0
session_c73ee3b20f,user_0002814,adaptive_bot,,58,0,58,0,0,5,0,0,1.0721061896927415,54.09911868582943,795.5752747916093,666.386328784348,0.8376156850260327,3.813309033140993,0.8611818920738558,483.7277220171287,760.6739641532808,1.556858385584902,0.2758620689655172,1679,549,286,43.3448275862069,0.0230708035003977,1,4780,4780.0,0.0,1.0,0.0,0.0924229473873053,1,1,0.0,0,,0.14692496676508793,0
session_c755118ebe,user_0001877,multi_session_bot,,1,0,1,0,0,0,0,0,2.080291083632393,0.4807019593882514,480.7019593882514,0.0,0.0,-0.0,0.0,0.0,,1.584962500721156,1.0,0,0,0,0.0,1.0,6,3360,3358.333333333333,0.0,1.0,0.0,0.0,1,6,0.0,1,,0.00485368394474206,0
session_c7572f03f9,user_0002135,stealth_bot,,12,0,12,0,1,0,4,0,0.4139741013152395,28.98732061226712,1525.6484532772167,1338.4786697488394,0.8773178820282475,3.826874881864637,0.8119797145527415,1037.800647023275,1492.7414932123372,1.998778124459133,0.1666666666666666,667,323,325,109.58333333333331,0.0091254752851711,1,4101,4101.0,0.0,1.0,0.0,0.0,1,1,0.0,0,,0.13634932417123202,0
session_c7b19e7b5a,user_0000896,aggressive_bot,,71,0,71,62,7,0,0,0,3.876264676633003,18.31660268918271,257.9803195659536,65.06352119238285,0.2522034289353965,1.380614874644687,0.2501772425938537,85.46358713469247,126.7120892991354,1.774732970279924,0.0140845070422535,0,0,0,0.0,71.0,1,851,851.0,0.0,1.0,0.8732394366197183,0.0,1,1,0.0,0,,0.1517801686118151,1
session_c7e1a8b9e9,user_0001728,multi_session_bot,,1,0,1,0,0,0,0,0,2.04413958887847,0.4892033819220028,489.2033819220028,0.0,0.0,-0.0,0.0,0.0,,1.584962500721156,1.0,0,0,0,0.0,1.0,4,2599,2599.0,0.0,1.0,0.0,0.0,1,4,0.0,1,,0.004478515395067828,0
session_c8855ffa8d,user_0001559,multi_session_bot,,1,0,1,0,0,0,0,0,2.149118454724557,0.465307064764918,465.307064764918,0.0,0.0,-0.0,0.0,0.0,,1.584962500721156,1.0,0,0,0,0.0,1.0,7,1747,1745.6666666666667,0.0,1.0,0.0,0.0,1,7,0.0,1,,0.005408564026619267,0
session_c8c5e9886b,user_0001607,multi_session_bot,,1,0,1,1,0,0,0,0,1.9335419289818492,0.5171855779339488,517.1855779339488,0.0,0.0,-0.0,0.0,0.0,0.0,2.0,1.0,0,0,0,0.0,1.0,3,1980,1979.5,0.0,1.0,1.0,0.0,1,3,0.0,1,,0.013524865008635478,0
session_c9234d8bff,user_0002425,stealth_bot,,14,0,14,0,2,0,2,0,0.4325985962234517,32.36256456266568,1541.07450298408,675.1974698954338,0.4381342164755865,3.6304126608739975,0.7300124622719983,1355.3257353013428,1658.3825052396378,1.965457631448524,0.1428571428571428,1313,383,386,148.71428571428572,0.0067243035542747,1,4391,4391.0,0.0,1.0,0.0,0.0,1,1,0.0,0,,0.13896524064858162,0
session_c92dae1dff,user_0001953,multi_session_bot,,1,0,1,0,0,0,0,0,1.7033829222908734,0.5870670575087742,587.0670575087742,0.0,0.0,-0.0,0.0,0.0,,1.584962500721156,1.0,0,0,0,0.0,1.0,4,3742,3742.0,0.0,1.0,0.0,0.0,1,4,0.0,1,,0.0007302668388039502,0
session_c95d7af7a5,user_0001867,multi_session_bot,,1,0,1,0,0,0,0,0,1.5963896822481205,0.626413469793758,626.413469793758,0.0,0.0,-0.0,0.0,0.0,,1.584962500721156,1.0,0,0,0,0.0,1.0,7,3308,3307.333333333333,0.0,1.0,0.0,0.0,1,7,0.0,1,,-0.0005007511520277452,0
session_c9c1e2021a,user_0002983,adaptive_bot,,55,0,55,0,0,2,0,0,1.295093778300498,42.46796712449225,663.5619863201914,488.4225312703792,0.7360616511186019,3.4734852677511148,0.7436113698097062,391.658231734339,548.6266163584398,1.4677955875572029,0.3090909090909091,3565,741,884,94.36363636363636,0.0105973025048169,1,4949,4949.0,0.0,1.0,0.0,0.0470943192109272,1,1,0.0,0,,0.15469256977545454,1
session_c9fccaec37,user_0001657,multi_session_bot,,1,0,1,0,0,0,0,0,4.892951114086645,0.2043756368464489,204.3756368464489,0.0,0.0,-0.0,0.0,0.0,,1.584962500721156,1.0,0,0,0,0.0,1.0,3,2233,2232.333333333333,0.0,1.0,0.0,0.0,1,3,0.0,1,,0.041664042883240215,0
session_c9ffc9dff3,user_0002832,adaptive_bot,,30,0,30,0,0,3,0,0,0.9856768692327538,30.435937918835265,845.4427199676462,687.1921040167175,0.8128192339784004,3.687033946296364,0.8704054639181763,517.0149240556663,813.121510278127,1.633881613473516,0.2,875,315,259,48.3,0.020703933747412,1,4798,4798.0,0.0,1.0,0.0,0.0985676869232753,1,1,0.0,0,,0.13861520384153403,0
session_cac172f9b6,user_0001778,multi_session_bot,,1,0,1,1,0,0,0,0,2.3296289138844197,0.4292529140757451,429.25291407574514,0.0,0.0,-0.0,0.0,0.0,0.0,2.0,1.0,0,0,0,0.0,1.0,3,2866,2866.0,0.0,1.0,1.0,0.0,1,3,0.0,1,,0.019407663634435135,0
session_cb003ea1bd,user_0001805,multi_session_bot,,1,0,1,0,0,0,0,0,2.0915185514908674,0.4781215061598111,478.12150615981113,0.0,0.0,-0.0,0.0,0.0,,1.584962500721156,1.0,0,0,0,0.0,1.0,6,3001,3000.6666666666665,0.0,1.0,0.0,0.0,1,6,0.0,1,,0.00485368394474206,0
session_cb08373300,user_0001191,rapid_retry_bot,,44,0,44,44,0,0,0,0,1.4162473317611466,31.06801969772092,353.0456783831923,165.67683201240004,0.4692787425444025,2.615298882356268,0.2263122776094098,312.6614364873526,317.06358012518035,1.6368991748987596,0.0454545454545454,0,0,0,0.0,44.0,1,1146,1146.0,0.0,1.0,1.0,0.0,1,1,0.0,0,,0.10278151128161239,0
session_cb6ad67181,user_0001577,multi_session_bot,,1,0,1,0,0,0,0,0,1.4531653989680926,0.6881529113685958,688.1529113685958,0.0,0.0,-0.0,0.0,0.0,,1.584962500721156,1.0,0,0,0,0.0,1.0,5,1834,1832.6666666666667,0.0,1.0,0.0,0.0,1,5,0.0,1,,-0.003071120535811378,0
session_cb998335a0,user_0000851,aggressive_bot,,56,0,56,48,3,0,0,0,3.8547482637363615,14.52753751180625,259.42031271082584,53.05056242179459,0.2044965633856501,1.2475641589817914,0.2063929599019771,88.0510983961717,127.10468281661866,1.7279371338422873,0.0,0,0,0,0.0,56.0,1,806,806.0,0.0,1.0,0.8571428571428571,0.0,1,1,0.0,0,,0.14943706954799818,0
session_cbbfd4f41f,user_0002662,adaptive_bot,,33,0,33,0,0,5,0,0,0.8255814773007398,39.97182701808471,999.2956754521176,816.9302819413062,0.8175060715355316,3.862414584697268,0.8008442161698799,600.3076538169499,884.173936896446,1.6937663582214324,0.2121212121212121,1872,830,288,90.6060606060606,0.0110367892976588,1,4628,4628.0,0.0,1.0,0.0,0.1250881026213242,1,1,0.0,0,,0.13605405035236262,0
session_cbca188af7,user_0000731,aggressive_bot,,53,0,53,40,4,0,0,0,3.916146686914795,13.53371163983499,255.3530498082074,58.82836885534799,0.2303805217894725,1.4930129347514562,0.2321506288161087,89.22199632214907,127.23002814131588,1.7547180374761149,0.0188679245283018,0,0,0,0.0,53.0,1,686,686.0,0.0,1.0,0.7547169811320755,0.0,1,1,0.0,0,,0.1496950926617624,0
session_cbf62edc3e,user_0001905,multi_session_bot,,1,0,1,1,0,0,0,0,1.5325519826202607,0.6525064150126008,652.5064150126008,0.0,0.0,-0.0,0.0,0.0,0.0,2.0,1.0,0,0,0,0.0,1.0,5,3503,3502.5,0.0,1.0,1.0,0.0,1,5,0.0,1,,0.009576595297550283,0
session_cbf8485157,user_0001778,multi_session_bot,,1,0,1,1,0,0,0,0,1.5910757072524202,0.6285056050078656,628.5056050078656,0.0,0.0,-0.0,0.0,0.0,0.0,2.0,1.0,0,0,0,0.0,1.0,3,2866,2865.5,0.0,1.0,1.0,0.0,1,3,0.0,1,,0.010174231063401207,0
session_cc5716d6df,user_0001548,multi_session_bot,,1,0,1,0,0,0,0,0,1.4056882903564778,0.7113952693924792,711.3952693924792,0.0,0.0,-0.0,0.0,0.0,,1.584962500721156,1.0,0,0,0,0.0,1.0,4,1692,1691.3333333333333,0.0,1.0,0.0,0.0,1,4,0.0,1,,-0.002472877782499827,0
session_cc5a15d662,user_0001094,rapid_retry_bot,,33,0,33,33,0,0,0,0,1.3429701902805835,24.57239947604897,372.30908297043896,156.78101092857722,0.4211044481582672,2.6782733208488656,0.2047883123544066,339.23341431329254,326.19413824257134,1.6499060116098556,0.0303030303030303,0,0,0,0.0,33.0,1,1049,1049.0,0.0,1.0,1.0,0.0,1,1,0.0,0,,0.09817588482353445,0
session_cc95dae73e,user_0001805,multi_session_bot,,1,0,1,0,0,0,0,0,1.5712388732739735,0.6364404655520716,636.4404655520716,0.0,0.0,-0.0,0.0,0.0,,1.584962500721156,1.0,0,0,0,0.0,1.0,6,3001,3000.333333333333,0.0,1.0,0.0,0.0,1,6,0.0,1,,-0.0014535664353372835,0
session_cd029dce41,user_0001680,multi_session_bot,,1,0,1,0,0,0,0,0,2.631829136003735,0.3799638761954115,379.9638761954115,0.0,0.0,-0.0,0.0,0.0,,1.584962500721156,1.0,0,0,0,0.0,1.0,5,2352,2351.6666666666665,0.0,1.0,0.0,0.0,1,5,0.0,1,,0.015144864875522246,0
session_cd149a5fa0,user_0002590,adaptive_bot,,22,0,22,0,0,1,0,0,1.075075955551711,20.463670391279432,757.9137181955346,464.3062003600968,0.6126108938436052,3.292519226038876,0.5348112226569851,424.0922085161363,527.6942490968405,1.5974325636483997,0.3636363636363636,735,122,57,41.54545454545455,0.024070021881838,1,4556,4556.0,0.0,1.0,0.0,0.0488670888887141,1,1,0.0,0,,0.12189753499710221,0
session_cd23f8fb41,user_0001429,rapid_retry_bot,,55,0,55,55,0,0,0,0,1.381063403798673,39.8243844914869,362.0398590135172,144.35624893161918,0.3987302650182213,2.465230966810602,0.2471906293739209,331.64445631750465,322.95621421272,1.6285071859760285,0.0181818181818181,0,0,0,0.0,55.0,1,1384,1384.0,0.0,1.0,1.0,0.0,1,1,0.0,0,,0.10199834701112243,0
session_cd5c158c10,user_0001538,multi_session_bot,,1,0,1,0,0,0,0,0,4.175507833070781,0.2394918270970104,239.49182709701043,0.0,0.0,-0.0,0.0,0.0,,1.584962500721156,1.0,0,0,0,0.0,1.0,3,1637,1637.0,0.0,1.0,0.0,0.0,1,3,0.0,1,,0.03048366844125472,0
session_cd811b1d29,user_0001778,multi_session_bot,,1,0,1,0,0,0,0,0,1.7689273326720516,0.5653143470226394,565.3143470226394,0.0,0.0,-0.0,0.0,0.0,,1.584962500721156,1.0,0,0,0,0.0,1.0,3,2866,2865.6666666666665,0.0,1.0,0.0,0.0,1,3,0.0,1,,0.0018063490582003183,0
session_cdf2b8eb5b,user_0001999,multi_session_bot,,1,0,1,0,0,0,0,0,2.568862777891057,0.3892773131389149,389.27731313891496,0.0,0.0,-0.0,0.0,0.0,,1.584962500721156,1.0,0,0,0,0.0,1.0,7,3965,3963.3333333333335,0.0,1.0,0.0,0.0,1,7,0.0,1,,0.01229501875209471,0
session_cdfc08ac0c,user_0001945,multi_session_bot,,1,0,1,0,0,0,0,0,1.2564431915336949,0.7958975039526748,795.8975039526748,0.0,0.0,-0.0,0.0,0.0,,1.584962500721156,1.0,0,0,0,0.0,1.0,6,3705,3705.0,0.0,1.0,0.0,0.0,1,6,0.0,1,,-0.0030721199487050432,0
session_ce79679e82,user_0001867,multi_session_bot,,1,0,1,0,0,0,0,0,2.495671827781112,0.4006937085510536,400.6937085510536,0.0,0.0,-0.0,0.0,0.0,,1.584962500721156,1.0,0,0,0,0.0,1.0,7,3308,3306.6666666666665,0.0,1.0,0.0,0.0,1,7,0.0,1,,0.010749966641508513,0
session_ce9373761e,user_0000529,aggressive_bot,,71,0,71,57,5,0,0,0,3.805492666532501,18.657242628375364,262.77806518838537,58.71199842805956,0.2234280794554483,1.382151871471768,0.2250948413310473,90.53450958249876,129.8490124125201,1.7411949177908514,0.0140845070422535,0,0,0,0.0,71.0,1,484,484.0,0.0,1.0,0.8028169014084507,0.0,1,1,0.0,0,,0.15045381833492422,1
session_cef732967b,user_0001731,multi_session_bot,,1,0,1,0,0,0,0,0,1.2518361208282422,0.7988266062640675,798.8266062640676,0.0,0.0,-0.0,0.0,0.0,,1.584962500721156,1.0,0,0,0,0.0,1.0,4,2616,2615.6666666666665,0.0,1.0,0.0,0.0,1,4,0.0,1,,-0.0030721199487050432,0
session_cf2ec4202c,user_0000632,aggressive_bot,,49,0,49,35,3,0,0,0,3.953336048537516,12.394595197169464,252.9509223912136,54.78256787492391,0.2165739004113899,1.2659351885052992,0.2176245643251311,90.15697479571502,126.22689422766116,1.7365623178617844,0.0204081632653061,0,0,0,0.0,49.0,1,587,587.0,0.0,1.0,0.7142857142857143,0.0,1,1,0.0,0,,0.15013809631858077,1
session_cfd58ffb50,user_0001501,multi_session_bot,,1,0,1,1,0,0,0,0,2.054881083163494,0.4866461656557264,486.6461656557264,0.0,0.0,-0.0,0.0,0.0,0.0,2.0,1.0,0,0,0,0.0,1.0,5,1462,1461.75,0.0,1.0,1.0,0.0,1,5,0.0,1,,0.014592818836441479,0
session_d00968149c,user_0002674,adaptive_bot,,30,0,30,0,0,2,0,0,1.066646097672262,28.125542356990657,781.2650654719627,594.8542077393276,0.7613987032428948,3.498235849570533,0.7740993167696665,492.2872992033903,694.2104213401319,1.587898214157328,0.2666666666666666,1185,394,156,57.833333333333336,0.0172910662824207,1,4640,4640.0,0.0,1.0,0.0,0.0711097398448174,1,1,0.0,0,,0.13377265640726965,0
session_d02426e4e8,user_0001978,multi_session_bot,,1,0,1,0,0,0,0,0,2.017461362268526,0.4956724419621867,495.67244196218667,0.0,0.0,-0.0,0.0,0.0,,1.584962500721156,1.0,0,0,0,0.0,1.0,4,3865,3864.0,0.0,1.0,0.0,0.0,1,4,0.0,1,,0.004478515395067828,0
session_d085fc2bf4,user_0001993,multi_session_bot,,1,0,1,0,0,0,0,0,3.571110623268964,0.2800249293550612,280.0249293550612,0.0,0.0,-0.0,0.0,0.0,,1.584962500721156,1.0,0,0,0,0.0,1.0,3,3933,3933.0,0.0,1.0,0.0,0.0,1,3,0.0,1,,0.02499372256137722,0
session_d0a628dba1,user_0001945,multi_session_bot,,1,0,1,0,0,0,0,0,1.716687172460588,0.5825173136038903,582.5173136038902,0.0,0.0,-0.0,0.0,0.0,,1.584962500721156,1.0,0,0,0,0.0,1.0,6,3705,3703.6666666666665,0.0,1.0,0.0,0.0,1,6,0.0,1,,0.0007302668388039502,0
session_d0ef6a2984,user_0001694,multi_session_bot,,1,0,1,0,0,0,0,0,1.9096591230209865,0.5236536656961319,523.653665696132,0.0,0.0,-0.0,0.0,0.0,,1.584962500721156,1.0,0,0,0,0.0,1.0,6,2421,2420.333333333333,0.0,1.0,0.0,0.0,1,6,0.0,1,,0.002998333930911201,0
session_d10831a4dc,user_0000761,aggressive_bot,,63,0,63,52,6,0,0,0,3.848207543673104,16.371258380691874,259.8612441379663,51.07734942155245,0.1965562413548451,1.2600550143859497,0.1981349062144485,87.93071214842338,126.7802768256196,1.774246808037106,0.0158730158730158,0,0,0,0.0,63.0,1,716,716.0,0.0,1.0,0.8253968253968254,0.0,1,1,0.0,0,,0.1504103695527087,1
session_d1165dd4ab,user_0001587,multi_session_bot,,1,0,1,0,0,0,0,0,1.7172017305728409,0.5823427627611406,582.3427627611406,0.0,0.0,-0.0,0.0,0.0,,1.584962500721156,1.0,0,0,0,0.0,1.0,3,1888,1887.3333333333333,0.0,1.0,0.0,0.0,1,3,0.0,1,,0.0007302668388039502,0
session_d14a049b15,user_0001675,multi_session_bot,,1,0,1,0,0,0,0,0,1.8664442808895247,0.5357781157674912,535.7781157674913,0.0,0.0,-0.0,0.0,0.0,,1.584962500721156,1.0,0,0,0,0.0,1.0,6,2329,2328.0,0.0,1.0,0.0,0.0,1,6,0.0,1,,0.00276882059527217,0
session_d195e5d50f,user_0001516,multi_session_bot,,1,0,1,0,0,0,0,0,2.962438845155927,0.3375597108561967,337.55971085619666,0.0,0.0,-0.0,0.0,0.0,,1.584962500721156,1.0,0,0,0,0.0,1.0,4,1526,1525.3333333333333,0.0,1.0,0.0,0.0,1,4,0.0,1,,0.02151264253432572,0
session_d1e8c34c9b,user_0000892,aggressive_bot,,45,0,45,35,4,0,0,0,3.84049947012609,11.717225936376076,260.38279858613504,62.86633864263313,0.2414381402457998,1.3857245160981415,0.2440936132325178,89.24568147263615,129.29283015812186,1.7778163956227273,0.0666666666666666,0,0,0,0.0,45.0,1,847,847.0,0.0,1.0,0.7777777777777778,0.0,1,1,0.0,0,,0.14984163412202045,0
session_d33c859bd5,user_0001168,rapid_retry_bot,,44,0,44,44,0,0,0,0,1.3875383627416806,31.71083494445445,360.3503970960733,149.25920710412515,0.4142057516987584,2.53711352720511,0.2309523790652733,322.09775174060024,318.0502099324163,1.6368991748987596,0.0454545454545454,0,0,0,0.0,44.0,1,1123,1123.0,0.0,1.0,1.0,0.0,1,1,0.0,0,,0.10275036478024979,0
session_d38056cb7b,user_0002149,stealth_bot,,29,0,29,0,4,0,3,0,0.3967297769106593,73.0976137607402,1661.3094036531866,1244.40865111401,0.7490529147536155,4.351953074246376,0.7790675781062156,1404.9425476521876,1839.3460812410003,1.905158970769995,0.0344827586206896,8219,2096,2046,426.2413793103448,0.0023460885041663,1,4115,4115.0,0.0,1.0,0.0,0.0,1,1,0.0,0,,0.21109093640974796,1
session_d3811462d7,user_0001939,multi_session_bot,,1,0,1,0,0,0,0,0,0.7998677076706434,1.2502067409524225,1250.2067409524225,0.0,0.0,-0.0,0.0,0.0,,1.584962500721156,1.0,0,0,0,0.0,1.0,7,3676,3674.6666666666665,0.0,1.0,0.0,0.0,1,7,0.0,1,,-0.010949540037866079,0
session_d401b1e86e,user_0001728,multi_session_bot,,1,0,1,1,0,0,0,0,1.7413532523464816,0.574266019058738,574.2660190587379,0.0,0.0,-0.0,0.0,0.0,0.0,2.0,1.0,0,0,0,0.0,1.0,4,2599,2598.75,0.0,1.0,1.0,0.0,1,4,0.0,1,,0.01212180446739164,0
session_d412f1351e,user_0002369,stealth_bot,,20,0,20,0,2,0,2,0,0.6013377398718365,33.259179781835435,1187.8278493512655,866.5031027244395,0.7294854243379475,3.41379956460568,1.0527818839124672,1071.7037379633225,1750.2513246310734,1.841707317676545,0.2,2833,711,654,209.9,0.0047641734159123,1,4335,4335.0,0.0,1.0,0.0,0.0,1,1,0.0,0,,0.1683007239287242,1
session_d42491faad,user_0001673,multi_session_bot,,1,0,1,0,0,0,0,0,2.306616337822993,0.4335354708116781,433.53547081167807,0.0,0.0,-0.0,0.0,0.0,,1.584962500721156,1.0,0,0,0,0.0,1.0,3,2317,2316.6666666666665,0.0,1.0,0.0,0.0,1,3,0.0,1,,0.009083898576707328,0
session_d427599981,user_0001664,multi_session_bot,,1,0,1,0,0,0,0,0,1.966986287142696,0.5083919529772779,508.3919529772779,0.0,0.0,-0.0,0.0,0.0,,1.584962500721156,1.0,0,0,0,0.0,1.0,6,2268,2267.333333333333,0.0,1.0,0.0,0.0,1,6,0.0,1,,0.003351327794864245,0
session_d430ef7082,user_0000685,aggressive_bot,,60,0,60,42,4,0,0,0,3.995561905012433,15.01666134235838,250.27768903930627,53.44472189674949,0.2135416948346361,1.430432360983443,0.2151471530873681,89.55092980912126,124.65942207484208,1.735176129421776,0.0333333333333333,0,0,0,0.0,60.0,1,640,640.0,0.0,1.0,0.7,0.0,1,1,0.0,0,,0.15104086729073396,1
session_d4edf8f8f3,user_0001993,multi_session_bot,,1,0,1,0,0,0,0,0,1.3752046737938524,0.727164486171535,727.1644861715349,0.0,0.0,-0.0,0.0,0.0,,1.584962500721156,1.0,0,0,0,0.0,1.0,3,3933,3932.6666666666665,0.0,1.0,0.0,0.0,1,3,0.0,1,,-0.0027452774890152076,0
session_d55a4e6e9d,user_0001910,multi_session_bot,,1,0,1,1,0,0,0,0,1.926332592763221,0.5191211547563307,519.1211547563307,0.0,0.0,-0.0,0.0,0.0,0.0,2.0,1.0,0,0,0,0.0,1.0,5,3526,3526.0,0.0,1.0,1.0,0.0,1,5,0.0,1,,0.013524865008635478,0
session_d59b3030c2,user_0001886,multi_session_bot,,1,0,1,0,0,0,0,0,2.176939204216617,0.4593605545175779,459.3605545175779,0.0,0.0,-0.0,0.0,0.0,,1.584962500721156,1.0,0,0,0,0.0,1.0,7,3412,3411.0,0.0,1.0,0.0,0.0,1,7,0.0,1,,0.005774288249907333,0
session_d608dbe383,user_0000223,human,,1,0,1,0,0,0,0,0,0.2792731932903972,3.5807231915745232,1790.3615957872616,159.5757208551288,0.0891304422696577,1.0,0.0,0.0,,2.0,1.0,10,5,8,23.0,0.0434782608695652,1,178,178.0,0.0,1.0,0.0,0.0,0,1,0.0,0,,-0.12859663197068671,0
session_d646ede94e,user_0002240,stealth_bot,,33,0,33,0,6,0,2,0,0.511798221967643,64.4785358439294,1465.4212691802136,1194.7281373292124,0.8152796485597398,4.081495471294327,1.23309084224242,1203.194624395411,2054.952672881101,1.7316243421423976,0.2727272727272727,5211,2402,1771,284.3636363636364,0.0035166240409207,1,4206,4206.0,0.0,1.0,0.0,0.0,1,1,0.0,0,,0.20898971272300104,1
session_d664b98466,user_0001773,multi_session_bot,,1,0,1,0,0,0,0,0,2.246377023986786,0.4451612482330491,445.1612482330491,0.0,0.0,-0.0,0.0,0.0,,1.584962500721156,1.0,0,0,0,0.0,1.0,7,2843,2841.333333333333,0.0,1.0,0.0,0.0,1,7,0.0,1,,0.0065683897632895505,0
session_d6825097f7,user_0001547,multi_session_bot,,1,0,1,0,0,0,0,0,3.284215854749367,0.3044866854758895,304.4866854758895,0.0,0.0,-0.0,0.0,0.0,,1.584962500721156,1.0,0,0,0,0.0,1.0,7,1688,1686.0,0.0,1.0,0.0,0.0,1,7,0.0,1,,0.02395936017070277,0
session_d6f162ac5c,user_0002454,stealth_bot,,19,0,19,0,3,0,5,0,0.3373674033335515,56.318422622516685,1759.9507069536464,1290.398269375907,0.7332013699460354,4.054229296672174,0.8602799010121616,1799.5758416426372,2406.4572249848543,2.0582202188739123,0.0526315789473684,3667,978,1177,306.42105263157896,0.0032634833390587,1,4420,4420.0,0.0,1.0,0.0,0.0,1,1,0.0,0,,0.1889528080421249,1
session_d795b51671,user_0002352,stealth_bot,,24,0,24,0,3,0,5,0,0.514219972967455,46.672632845241424,1296.4620234789286,863.7709589288401,0.6662524187256912,4.107017709595357,0.7701070866127048,964.655750937362,1270.5348224618788,1.9234795013134471,0.0833333333333333,3840,1527,719,253.58333333333331,0.0039434768320736,1,4318,4318.0,0.0,1.0,0.0,0.0,1,1,0.0,0,,0.18570523925033489,1
session_d7a3b2f7dc,user_0001679,multi_session_bot,,1,0,1,0,0,0,0,0,1.7811247087934932,0.5614430000678531,561.4430000678531,0.0,0.0,-0.0,0.0,0.0,,1.584962500721156,1.0,0,0,0,0.0,1.0,3,2347,2347.0,0.0,1.0,0.0,0.0,1,3,0.0,1,,0.0019565527411395944,0
session_d8417062d4,user_0001723,multi_session_bot,,1,0,1,0,0,0,0,0,1.9911374888317324,0.5022254895048628,502.2254895048628,0.0,0.0,-0.0,0.0,0.0,,1.584962500721156,1.0,0,0,0,0.0,1.0,5,2576,2575.6666666666665,0.0,1.0,0.0,0.0,1,5,0.0,1,,0.0035784194200821906,0
session_d8899bf12d,user_0002494,stealth_bot,,25,0,25,0,2,0,4,0,0.4318184718198232,57.89469796102488,1608.1860544729136,2026.71140891328,1.260246849720096,4.273684376262023,1.0437338225675292,1212.9384158906482,1971.218389874855,1.860608407755052,0.12,4914,1641,1381,317.44,0.0031502016129032,1,4460,4460.0,0.0,1.0,0.0,0.0,1,1,0.0,0,,0.2105959418186817,1
session_d8ba294701,user_0002416,stealth_bot,,23,0,23,0,2,0,4,0,0.3960714852325218,58.070325326493474,1873.236300854628,1102.8914771018462,0.5887626011724593,4.195816471537619,0.5514145461405765,1322.4588676555572,1537.8686584206844,1.779835168458794,0.0434782608695652,3292,1305,924,240.0434782608696,0.0041659119724687,1,4382,4382.0,0.0,1.0,0.0,0.0,1,1,0.0,0,,0.179241121591604,1
session_d8cac13c0b,user_0001627,multi_session_bot,,1,0,1,1,0,0,0,0,1.6267791072688522,0.6147116074528817,614.7116074528817,0.0,0.0,-0.0,0.0,0.0,0.0,2.0,1.0,0,0,0,0.0,1.0,3,2083,2082.75,0.0,1.0,1.0,0.0,1,3,0.0,1,,0.010174231063401207,0
session_d8f82c3308,user_0001723,multi_session_bot,,1,0,1,1,0,0,0,0,1.0560979991888153,0.9468818241944364,946.8818241944364,0.0,0.0,-0.0,0.0,0.0,0.0,2.0,1.0,0,0,0,0.0,1.0,5,2576,2575.25,0.0,1.0,1.0,0.0,1,5,0.0,1,,0.004443697220241849,0
session_d90698563f,user_0000290,human,,1,0,1,0,0,0,0,0,0.4820720704584162,2.074378627762175,1037.1893138810874,593.3474060582566,0.5720724250792688,1.0,0.0,0.0,,2.0,1.0,11,8,3,22.0,0.0454545454545454,1,245,245.0,0.0,1.0,0.0,0.0,0,1,0.0,0,,-0.1260638027678611,0
session_d91f3eb292,user_0002000,stealth_bot,,24,0,24,0,0,0,1,0,0.6163382627943658,38.93965610894959,1342.7467623775717,906.710461483062,0.6752654237479375,3.853863219997788,0.7289834725908124,893.9108503026736,1232.2209968982124,1.5312171311520704,0.0833333333333333,3383,610,596,191.20833333333331,0.0052298975811723,1,3966,3966.0,0.0,1.0,0.0,0.0,1,1,0.0,0,,0.145313075595507,0
session_d9208d77a3,user_0001830,multi_session_bot,,1,0,1,0,0,0,0,0,1.7372117160918252,0.5756350770242803,575.6350770242803,0.0,0.0,-0.0,0.0,0.0,,1.584962500721156,1.0,0,0,0,0.0,1.0,3,3127,3126.6666666666665,0.0,1.0,0.0,0.0,1,3,0.0,1,,0.0018063490582003183,0
session_d9995ad049,user_0001730,multi_session_bot,,1,0,1,0,0,0,0,0,4.020509526283051,0.2487246935898935,248.7246935898936,0.0,0.0,-0.0,0.0,0.0,,1.584962500721156,1.0,0,0,0,0.0,1.0,6,2612,2611.333333333333,0.0,1.0,0.0,0.0,1,6,0.0,1,,0.029328123453763677,0
session_d9d23e17c0,user_0002882,adaptive_bot,,31,0,31,0,0,3,0,0,0.8537719021787394,36.30946382856023,1067.9254067223594,819.3468982606312,0.7672323301824451,3.85586569475248,0.7856862279786236,583.9909490518082,879.3460202820396,1.51910494593305,0.2258064516129032,375,137,150,21.35483870967742,0.0468277945619335,1,4848,4848.0,0.0,1.0,0.0,0.0826230873076199,1,1,0.0,0,,0.13018288803309852,0
session_d9ec57a00c,user_0002314,stealth_bot,,7,0,7,0,2,0,2,0,0.2543949265069513,27.51627202678794,1834.418135119196,2062.371918224698,1.1242648983573695,3.4565647621309536,1.061964263767382,2015.1679612039504,3270.3518473777835,2.292998090456732,0.7142857142857143,580,211,133,132.0,0.0075757575757575,1,4280,4280.0,0.0,1.0,0.0,0.0,1,1,0.0,0,,0.15499448744897515,1
session_d9f2f2ed9a,user_0002115,stealth_bot,,20,0,20,0,1,0,3,0,0.5176609935394686,38.63532359904401,1485.9739845786155,849.4960390887032,0.5716762526832518,3.997952698660692,0.5570344686008522,1061.7827017294746,1236.614795642918,1.7326311644934251,0.2,2985,958,777,236.0,0.0042372881355932,1,4081,4081.0,0.0,1.0,0.0,0.0,1,1,0.0,0,,0.15900920481873626,1
session_da44107834,user_0001501,multi_session_bot,,1,0,1,0,0,0,0,0,0.8905904710124491,1.1228505497742087,1122.8505497742087,0.0,0.0,-0.0,0.0,0.0,,1.584962500721156,1.0,0,0,0,0.0,1.0,5,1462,1461.0,0.0,1.0,0.0,0.0,1,5,0.0,1,,-0.00947557256846654,0
session_da65fb4d02,user_0001633,multi_session_bot,,1,0,1,1,0,0,0,0,2.131368879790368,0.4691820404632894,469.1820404632894,0.0,0.0,-0.0,0.0,0.0,0.0,2.0,1.0,0,0,0,0.0,1.0,7,2111,2109.5,0.0,1.0,1.0,0.0,1,7,0.0,1,,0.015541514038238446,0
session_daa2dbd2c3,user_0002110,stealth_bot,,20,0,20,0,3,0,10,0,0.3992078029279978,50.09922114074321,1391.6450316873115,1160.6304200002432,0.8339988959634537,4.138830127032207,0.7775787043101603,1590.4093409405275,1988.1909689003417,2.0503254571700915,0.5,3267,880,901,252.4,0.0039619651347068,1,4076,4076.0,0.0,1.0,0.0,0.0,1,1,0.0,0,,0.1919606801481657,1
session_dac6c8a0e1,user_0001614,multi_session_bot,,1,0,1,0,0,0,0,0,2.375627496021932,0.4209414151311742,420.9414151311742,0.0,0.0,-0.0,0.0,0.0,,1.584962500721156,1.0,0,0,0,0.0,1.0,4,2015,2014.3333333333333,0.0,1.0,0.0,0.0,1,4,0.0,1,,0.009954168018573184,0
session_daee2f8995,user_0001750,multi_session_bot,,1,0,1,0,0,0,0,0,1.893579024507472,0.528100484351375,528.100484351375,0.0,0.0,-0.0,0.0,0.0,,1.584962500721156,1.0,0,0,0,0.0,1.0,5,2719,2718.0,0.0,1.0,0.0,0.0,1,5,0.0,1,,0.00276882059527217,0
session_db82d9f66c,user_0000798,aggressive_bot,,67,0,67,54,8,0,0,0,3.9109395478363616,17.131433298954015,255.6930343127465,45.76523709232318,0.1789850756604742,1.2574256908940842,0.1778841308369448,86.81731775339036,124.56371106098968,1.796570212156027,0.0149253731343283,0,0,0,0.0,67.0,1,753,753.0,0.0,1.0,0.8059701492537313,0.0,1,1,0.0,0,,0.15004628922324748,1
session_dc554e3c56,user_0001633,multi_session_bot,,1,0,1,0,0,0,0,0,0.8761538987163452,1.1413519947409947,1141.3519947409948,0.0,0.0,-0.0,0.0,0.0,,1.584962500721156,1.0,0,0,0,0.0,1.0,7,2111,2109.333333333333,0.0,1.0,0.0,0.0,1,7,0.0,1,,-0.010154720142212137,0
session_dc7318e53a,user_0002930,adaptive_bot,,31,0,31,0,0,2,0,0,1.1566841494138138,26.800747650696373,744.4652125193437,633.1932415761594,0.8505343579901753,3.4721634603655414,0.9148371212847046,415.365064827025,657.2001132254962,1.546857135253208,0.2903225806451613,1444,497,171,68.12903225806451,0.0146780303030303,1,4896,4896.0,0.0,1.0,0.0,0.0746247838331492,1,1,0.0,0,,0.14333859312311725,0
session_dc82d6f9ea,user_0001754,multi_session_bot,,1,0,1,0,0,0,0,0,3.0131020124047865,0.3318838844098378,331.88388440983783,0.0,0.0,-0.0,0.0,0.0,,1.584962500721156,1.0,0,0,0,0.0,1.0,7,2747,2746.333333333333,0.0,1.0,0.0,0.0,1,7,0.0,1,,0.022731720297108682,0
session_dca4dd2514,user_0002473,stealth_bot,,18,0,18,0,4,0,6,0,0.3308950575015016,54.39791133754942,1599.9385687514532,1232.6281800429392,0.7704221925250839,4.278351811711311,0.8836975332496225,1771.3074378940153,2262.091408382033,2.15930064209948,0.3333333333333333,3907,1437,633,332.05555555555554,0.0030115442529697,1,4439,4439.0,0.0,1.0,0.0,0.0,1,1,0.0,0,,0.18486488742359386,1
session_dd3b4c553e,user_0002493,stealth_bot,,18,0,18,0,3,0,3,0,0.4672504401218772,38.52323819171769,1375.8299354184887,983.3451222823784,0.7147286862771106,3.6995138503199656,0.8639423057866461,1344.445931216086,1723.878975775128,1.9880553398425271,0.0,2570,1004,719,238.5,0.0041928721174004,1,4459,4459.0,0.0,1.0,0.0,0.0,1,1,0.0,0,,0.17301619388442568,1
session_dd720e8a91,user_0000366,human,,1,0,1,0,0,0,0,0,0.2362089790541089,4.2335393176180975,4233.539317618098,0.0,0.0,-0.0,0.0,0.0,,1.584962500721156,1.0,14,2,0,16.0,0.0625,1,321,321.0,0.0,1.0,0.0,0.0,0,1,0.0,0,,-0.11116842968853019,0
session_dd782618d1,user_0001722,multi_session_bot,,1,0,1,0,0,0,0,0,2.0817641062970718,0.4803618224443045,480.36182244430455,0.0,0.0,-0.0,0.0,0.0,,1.584962500721156,1.0,0,0,0,0.0,1.0,4,2571,2570.0,0.0,1.0,0.0,0.0,1,4,0.0,1,,0.00485368394474206,0
session_dd8ee63792,user_0000071,human,,1,0,1,0,0,0,0,0,0.7149258632194645,1.3987464315485605,1398.7464315485602,0.0,0.0,-0.0,0.0,0.0,,1.584962500721156,1.0,8,2,4,14.0,0.0714285714285714,1,26,26.0,0.0,1.0,0.0,0.0,0,1,0.0,0,,-0.13611163627756195,0
session_dd91d57a2e,user_0001805,multi_session_bot,,1,0,1,0,0,0,0,0,1.5517818518219628,0.6444204762582382,644.4204762582382,0.0,0.0,-0.0,0.0,0.0,,1.584962500721156,1.0,0,0,0,0.0,1.0,6,3001,2999.333333333333,0.0,1.0,0.0,0.0,1,6,0.0,1,,-0.0013074096071813424,0
session_ddedc1fe8c,user_0002816,adaptive_bot,,41,0,41,0,0,2,0,0,1.2753161066437213,32.148892173800455,698.8889603000099,535.5448899800585,0.7662803684152728,3.4736339697853293,0.7971458030158821,404.1602170411142,592.9379436814268,1.4593097090727896,0.1219512195121951,1365,189,90,40.09756097560975,0.0249391727493917,1,4782,4782.0,0.0,1.0,0.0,0.0622105417874986,1,1,0.0,0,,0.13732480322573704,0
session_de51f6c66c,user_0001706,multi_session_bot,,1,0,1,0,0,0,0,0,1.52092661843584,0.6574939171150977,657.4939171150977,0.0,0.0,-0.0,0.0,0.0,,1.584962500721156,1.0,0,0,0,0.0,1.0,5,2482,2480.6666666666665,0.0,1.0,0.0,0.0,1,5,0.0,1,,-0.0013108701052942373,0
session_dec35c55c3,user_0001062,rapid_retry_bot,,55,0,55,55,0,0,0,0,1.3702471980163031,40.13874290684418,364.8976627894926,139.13255404057995,0.381291984653913,2.357800667053755,0.2355676783400956,338.3231400319043,326.3746911815584,1.6285071859760285,0.0181818181818181,0,0,0,0.0,55.0,1,1017,1017.0,0.0,1.0,1.0,0.0,1,1,0.0,0,,0.10231436466534272,0
session_dee30db80b,user_0000803,aggressive_bot,,52,0,52,39,2,0,0,0,3.850262613285772,13.50557227462045,259.722543742701,57.932765294036166,0.2230563602958869,1.3755701559133444,0.2218967486886101,91.39800934723874,128.4874952701002,1.7036847148916523,0.0384615384615384,0,0,0,0.0,52.0,1,758,758.0,0.0,1.0,0.75,0.0,1,1,0.0,0,,0.13964835418351562,0
session_df6ca77cda,user_0002155,stealth_bot,,13,0,13,0,3,0,5,0,0.4232719061532615,30.713118000543275,1228.5247200217311,755.1406875185476,0.6146727658074231,3.763856189774724,0.6593298978697819,1271.9102273509493,1446.8018249956967,2.1937109201886926,0.2307692307692307,2149,798,261,246.7692307692308,0.0040523690773067,1,4121,4121.0,0.0,1.0,0.0,0.0,1,1,0.0,0,,0.16143306265430202,1
session_df743dea65,user_0000656,aggressive_bot,,30,0,30,21,2,0,0,0,3.792016123386707,7.911358766377435,263.71195887924785,49.20663166781156,0.1865923406618923,1.2832547532764529,0.1877713220051416,93.63601387292697,130.79161527232017,1.765506689268462,0.0,0,0,0,0.0,30.0,1,611,611.0,0.0,1.0,0.7,0.0,1,1,0.0,0,,0.13567929349229568,0
session_df85f68e07,user_0000284,human,,1,0,1,0,0,0,0,1,0.5011998137704801,1.995212233773776,997.6061168868878,425.7490332112896,0.4267706723169205,1.0,0.0,0.0,,2.0,1.0,28,6,3,37.0,0.027027027027027,1,239,239.0,0.0,1.0,0.0,0.0,0,1,0.0,0,,-0.1199959623369708,0
session_dfe81f036d,user_0000091,human,,1,0,1,0,0,0,0,0,3.2285773622693954,0.3097339440232868,309.7339440232869,0.0,0.0,-0.0,0.0,0.0,,1.584962500721156,1.0,10,2,2,14.0,0.0714285714285714,1,46,46.0,0.0,1.0,0.0,0.0,0,1,0.0,0,,-0.11475850864194725,0
session_dfe971d371,user_0001639,multi_session_bot,,1,0,1,0,0,0,0,0,2.56545348988872,0.3897946323881227,389.7946323881228,0.0,0.0,-0.0,0.0,0.0,,1.584962500721156,1.0,0,0,0,0.0,1.0,4,2143,2142.6666666666665,0.0,1.0,0.0,0.0,1,4,0.0,1,,0.01229501875209471,0
session_e01198274e,user_0000815,aggressive_bot,,61,0,61,41,4,0,0,0,4.088223934902194,14.920904767282362,244.6049961849568,39.30366946770538,0.1606822022473576,0.9559312637896478,0.1592524128376758,88.71390660574079,120.59758600184853,1.7303555931834411,0.0163934426229508,0,0,0,0.0,61.0,1,770,770.0,0.0,1.0,0.6721311475409836,0.0,1,1,0.0,0,,0.14931642649452437,0
session_e05895fc8f,user_0001750,multi_session_bot,,1,0,1,0,0,0,0,0,1.1427834320636618,0.8750564384663676,875.0564384663676,0.0,0.0,-0.0,0.0,0.0,,1.584962500721156,1.0,0,0,0,0.0,1.0,5,2719,2718.333333333333,0.0,1.0,0.0,0.0,1,5,0.0,1,,-0.005058952195819588,0
session_e062f8c551,user_0001590,multi_session_bot,,1,0,1,0,0,0,0,0,3.292506581394284,0.3037199699617693,303.7199699617694,0.0,0.0,-0.0,0.0,0.0,,1.584962500721156,1.0,0,0,0,0.0,1.0,6,1905,1903.6666666666667,0.0,1.0,0.0,0.0,1,6,0.0,1,,0.02395936017070277,0
session_e0928b0ce5,user_0002125,stealth_bot,,28,0,28,0,3,0,8,0,0.4631539676170062,60.45505805351086,1373.978592125247,972.1325845077496,0.7075310998871324,4.30649852879183,0.8824575531475086,1219.5049457558275,1694.146244212798,1.9490519066632213,0.0714285714285714,7429,1929,1341,382.1071428571428,0.0026170670156089,1,4091,4091.0,0.0,1.0,0.0,0.0,1,1,0.0,0,,0.2118328744287794,1
session_e133fcdd3e,user_0002236,stealth_bot,,22,0,22,0,2,0,2,0,0.3656907326550028,60.1601244862693,1718.8606996076944,1141.7720703013476,0.6642609669078715,4.436006945330954,0.8528913763199271,1560.760907218192,2066.4398335888427,1.914113473868574,0.0,5510,1600,757,357.59090909090907,0.0027964916740816,1,4202,4202.0,0.0,1.0,0.0,0.0,1,1,0.0,0,,0.18632130132944624,1
session_e1356afee4,user_0002909,adaptive_bot,,56,0,56,0,0,5,0,0,0.9811106421869368,57.07816997599134,920.615644774054,705.4660028127781,0.7662980819600564,3.8660950520018806,0.8392797301113984,538.6885014409368,818.6419148536786,1.4901385140222347,0.3928571428571428,1378,296,344,36.035714285714285,0.0277502477700693,1,4875,4875.0,0.0,1.0,0.0,0.0875991644809765,1,1,0.0,0,,0.1422222506247547,0
session_e18da61b0f,user_0001893,multi_session_bot,,1,0,1,0,0,0,0,0,2.4340747498782336,0.4108337264704076,410.8337264704076,0.0,0.0,-0.0,0.0,0.0,,1.584962500721156,1.0,0,0,0,0.0,1.0,7,3445,3444.0,0.0,1.0,0.0,0.0,1,7,0.0,1,,0.010634790817110162,0
session_e21be72373,user_0000117,human,,1,0,1,0,1,0,0,0,0.6053245264267441,1.6520064136555672,826.0032068277836,40.05958587983457,0.0484980997031246,1.0,0.0,0.0,,2.0,1.0,27,5,7,39.0,0.0256410256410256,1,72,72.0,0.0,1.0,0.0,0.0,0,1,0.0,0,,-0.08105453294625009,0
session_e2b5540d3a,user_0002826,adaptive_bot,,48,0,48,0,0,8,0,0,0.9873562873668134,48.61466991617737,883.9030893850431,778.6005919067633,0.8808664674409704,3.800125406056877,0.8341904382160386,480.367975498348,775.4010426232053,1.6304988102394415,0.0416666666666666,1780,421,350,53.145833333333336,0.0188161505292042,1,4792,4792.0,0.0,1.0,0.0,0.1645593812278022,1,1,0.0,0,,0.14539551706329212,0
session_e2fdd2de6a,user_0001547,multi_session_bot,,1,0,1,0,0,0,0,0,2.3511596827018404,0.4253220261291856,425.3220261291856,0.0,0.0,-0.0,0.0,0.0,,1.584962500721156,1.0,0,0,0,0.0,1.0,7,1688,1688.0,0.0,1.0,0.0,0.0,1,7,0.0,1,,0.009954168018573184,0
session_e2feed4d43,user_0001982,multi_session_bot,,1,0,1,1,0,0,0,0,2.1669667009989384,0.461474557748864,461.474557748864,0.0,0.0,-0.0,0.0,0.0,0.0,2.0,1.0,0,0,0,0.0,1.0,5,3881,3880.5,0.0,1.0,1.0,0.0,1,5,0.0,1,,0.015541514038238446,0
session_e309b5f9ab,user_0001448,rapid_retry_bot,,59,0,59,59,0,0,0,0,1.3386137178555362,44.07544851289751,373.5207501093008,163.54509440629508,0.4378474137204907,2.6266427735959903,0.253713509636795,337.8797068942624,339.2199617415167,1.6261389380616456,0.0169491525423728,0,0,0,0.0,59.0,1,1403,1403.0,0.0,1.0,1.0,0.0,1,1,0.0,0,,0.10476090568845176,0
session_e31300b0a5,user_0002458,stealth_bot,,18,0,18,0,4,0,6,0,0.3305035080527911,54.46235686286534,1471.9555908882523,865.1850234126246,0.5877792976692512,4.046762824854521,0.6851570936106035,1847.5523063601504,2031.5201686280288,2.1974192065356224,0.1111111111111111,2979,914,1096,277.1666666666667,0.0036079374624173,1,4424,4424.0,0.0,1.0,0.0,0.0,1,1,0.0,0,,0.17877678474827463,1
session_e333b9d819,user_0002016,stealth_bot,,23,0,23,0,6,0,7,0,0.3356934777969707,68.51488492103064,1593.3694167681542,1227.0850459655303,0.7701196176178894,4.489877254551159,0.713030565328878,1694.553657331249,1909.480652631529,2.142259430879325,0.1304347826086956,5410,1562,1114,351.5652173913044,0.0028444224585703,1,3982,3982.0,0.0,1.0,0.0,0.0,1,1,0.0,0,,0.20340417190888782,1
session_e33b2e9bb5,user_0000419,human,,1,0,1,0,0,0,0,0,0.3552511777104494,2.8149097392016498,2814.9097392016497,0.0,0.0,-0.0,0.0,0.0,,1.584962500721156,1.0,14,2,4,20.0,0.05,1,374,374.0,0.0,1.0,0.0,0.0,0,1,0.0,0,,-0.12413185153709116,0
session_e380bc062e,user_0000204,human,,1,0,1,0,0,0,0,0,0.3831590571049388,2.6098821924131683,2609.8821924131685,0.0,0.0,-0.0,0.0,0.0,,1.584962500721156,1.0,6,4,2,12.0,0.0833333333333333,1,159,159.0,0.0,1.0,0.0,0.0,0,1,0.0,0,,-0.1347051641232146,0
session_e4a99000ca,user_0001630,multi_session_bot,,1,0,1,1,0,0,0,0,3.56919563611646,0.2801751716496189,280.1751716496189,0.0,0.0,-0.0,0.0,0.0,0.0,2.0,1.0,0,0,0,0.0,1.0,6,2096,2095.75,0.0,1.0,1.0,0.0,1,6,0.0,1,,0.032553606344859265,0
session_e4f6016e49,user_0001792,multi_session_bot,,1,0,1,0,0,0,0,0,2.10630917378938,0.4747641098675643,474.76410986756434,0.0,0.0,-0.0,0.0,0.0,,1.584962500721156,1.0,0,0,0,0.0,1.0,4,2933,2932.333333333333,0.0,1.0,0.0,0.0,1,4,0.0,1,,0.00485368394474206,0
session_e4fa0dff9f,user_0001982,multi_session_bot,,1,0,1,0,0,0,0,0,2.488479620644348,0.4018517940448585,401.85179404485854,0.0,0.0,-0.0,0.0,0.0,,1.584962500721156,1.0,0,0,0,0.0,1.0,5,3881,3879.6666666666665,0.0,1.0,0.0,0.0,1,5,0.0,1,,0.010749966641508513,0
session_e564392f20,user_0002400,stealth_bot,,14,0,14,0,2,0,5,0,0.2769431459592486,50.55189198312949,2022.0756793251796,1666.6053855690595,0.8242052474145034,4.133660689688186,0.6159876339244018,2021.9443266206856,2367.169781501879,2.116538637586119,0.1428571428571428,2757,717,657,295.07142857142856,0.0033890099249576,1,4366,4366.0,0.0,1.0,0.0,0.0,1,1,0.0,0,,0.16867663199710636,1
session_e5f9fe037e,user_0001773,multi_session_bot,,1,0,1,0,0,0,0,0,3.091562466197777,0.3234610365903009,323.4610365903009,0.0,0.0,-0.0,0.0,0.0,,1.584962500721156,1.0,0,0,0,0.0,1.0,7,2843,2841.6666666666665,0.0,1.0,0.0,0.0,1,7,0.0,1,,0.023282455995403573,0
session_e66054e9f4,user_0001612,multi_session_bot,,1,0,1,0,0,0,0,0,1.9256786659570644,0.519297439224108,519.297439224108,0.0,0.0,-0.0,0.0,0.0,,1.584962500721156,1.0,0,0,0,0.0,1.0,5,2006,2004.6666666666667,0.0,1.0,0.0,0.0,1,5,0.0,1,,0.003431552161534568,0
session_e67631de36,user_0001631,multi_session_bot,,1,0,1,1,0,0,0,0,1.4266002384400918,0.7009672177634322,700.9672177634321,0.0,0.0,-0.0,0.0,0.0,0.0,2.0,1.0,0,0,0,0.0,1.0,4,2100,2099.75,0.0,1.0,1.0,0.0,1,4,0.0,1,,0.007777914782008732,0
session_e6ca0f33fc,user_0002911,adaptive_bot,,50,0,50,0,0,4,0,0,1.107994842667814,45.126563838158965,727.8478038412736,632.3662267012602,0.8688165621492544,3.174206580593768,0.8444901782942517,457.6463390485391,675.6585710491237,1.6104914803857435,0.12,4807,1756,891,149.08,0.006707807888382,1,4877,4877.0,0.0,1.0,0.0,0.0886395874134251,1,1,0.0,0,,0.1743180961592098,1
session_e6efe87a74,user_0001426,rapid_retry_bot,,44,0,44,44,0,0,0,0,1.3965393582128198,31.50645181694536,358.02786155619725,136.41202112501972,0.3810095128688973,2.39670189772611,0.2142296756720161,326.2557667731677,314.4999255359704,1.6368991748987596,0.0454545454545454,0,0,0,0.0,44.0,1,1381,1381.0,0.0,1.0,1.0,0.0,1,1,0.0,0,,0.10059455917209403,0
session_e715c2d305,user_0001665,multi_session_bot,,1,0,1,0,0,0,0,0,2.2712808905299644,0.4402801979136395,440.2801979136395,0.0,0.0,-0.0,0.0,0.0,,1.584962500721156,1.0,0,0,0,0.0,1.0,6,2274,2273.6666666666665,0.0,1.0,0.0,0.0,1,6,0.0,1,,0.0065683897632895505,0
session_e780c96d9e,user_0000454,human,,1,0,1,0,0,0,0,0,0.279731464053015,3.5748570629526286,1787.4285314763142,49.52418811898736,0.0277069472971225,1.0,0.0,0.0,,2.0,1.0,20,9,5,34.0,0.0294117647058823,1,409,409.0,0.0,1.0,0.0,0.0,0,1,0.0,0,,-0.12015239378312148,0
session_e8830da1df,user_0000337,human,,1,0,1,0,0,0,0,0,0.3985848203882856,2.508876276386641,2508.876276386641,0.0,0.0,-0.0,0.0,0.0,,1.584962500721156,1.0,14,2,2,18.0,0.0555555555555555,1,292,292.0,0.0,1.0,0.0,0.0,0,1,0.0,0,,-0.13723878392665428,0
session_e8a2d68b81,user_0001577,multi_session_bot,,1,0,1,0,0,0,0,0,3.82716264545326,0.2612901756835494,261.2901756835494,0.0,0.0,-0.0,0.0,0.0,,1.584962500721156,1.0,0,0,0,0.0,1.0,5,1834,1833.0,0.0,1.0,0.0,0.0,1,5,0.0,1,,0.02644508987653038,0
session_e8c7ea1e2d,user_0001767,multi_session_bot,,1,0,1,0,0,0,0,0,4.748434349334176,0.2105957303885268,210.5957303885268,0.0,0.0,-0.0,0.0,0.0,,1.584962500721156,1.0,0,0,0,0.0,1.0,7,2811,2810.333333333333,0.0,1.0,0.0,0.0,1,7,0.0,1,,0.04023583620250193,0
session_e8d4f84213,user_0002727,adaptive_bot,,25,0,25,0,0,2,0,0,0.98439723298548,25.396251799875547,846.5417266625184,731.9629915448241,0.8646508122293987,3.1926931967678325,0.8322373007424618,501.6533468925596,753.6367380029617,1.6200077199004508,0.28,978,163,269,56.4,0.0177304964539007,1,4693,4693.0,0.0,1.0,0.0,0.0787517786388384,1,1,0.0,0,,0.1339628335906432,0
session_e93bafe2e6,user_0000197,human,,1,0,1,0,0,0,0,0,0.6009033700406462,1.6641610778990277,1664.1610778990275,0.0,0.0,-0.0,0.0,0.0,,1.584962500721156,1.0,12,4,0,16.0,0.0625,1,152,152.0,0.0,1.0,0.0,0.0,0,1,0.0,0,,-0.14789780948154535,0
session_ea723a9a31,user_0001674,multi_session_bot,,1,0,1,0,0,0,0,0,1.0490417668687813,0.9532508919876824,953.2508919876824,0.0,0.0,-0.0,0.0,0.0,,1.584962500721156,1.0,0,0,0,0.0,1.0,6,2323,2322.333333333333,0.0,1.0,0.0,0.0,1,6,0.0,1,,-0.006251778047650147,0
session_eaadebfda1,user_0000947,aggressive_bot,,34,0,34,27,4,0,0,0,3.835586356486568,8.864355235412901,260.71633045332067,52.245056611742186,0.2003904263338666,1.2798713145914828,0.2034240717020369,87.78318150851445,127.63807746078172,1.8205618321403576,0.0,0,0,0,0.0,34.0,1,902,902.0,0.0,1.0,0.7941176470588235,0.0,1,1,0.0,0,,0.14757828612303614,0
session_eac700ca38,user_0002144,stealth_bot,,29,0,29,0,2,0,8,0,0.5545082445894185,52.29859119853634,1216.2463069427056,582.4063783768843,0.4788556191721452,4.20233009230464,0.5920727766127694,1025.2220740960329,1162.2950899129803,1.8643054120663296,0.1724137931034483,5054,2251,1477,302.82758620689657,0.0033022090639945,1,4110,4110.0,0.0,1.0,0.0,0.0,1,1,0.0,0,,0.19846829033775581,1
session_eb51992130,user_0001910,multi_session_bot,,1,0,1,0,0,0,0,0,1.2594794723560727,0.7939787999317911,793.9787999317911,0.0,0.0,-0.0,0.0,0.0,,1.584962500721156,1.0,0,0,0,0.0,1.0,5,3526,3525.6666666666665,0.0,1.0,0.0,0.0,1,5,0.0,1,,-0.0030721199487050432,0
session_ec04f04368,user_0001633,multi_session_bot,,1,0,1,0,0,0,0,0,1.2877329151317984,0.7765585458360756,776.5585458360756,0.0,0.0,-0.0,0.0,0.0,,1.584962500721156,1.0,0,0,0,0.0,1.0,7,2111,2110.333333333333,0.0,1.0,0.0,0.0,1,7,0.0,1,,-0.002177307264531081,0
session_ec4d260ebb,user_0001786,multi_session_bot,,1,0,1,0,0,0,0,0,1.9789388751705304,0.5053213176752755,505.3213176752756,0.0,0.0,-0.0,0.0,0.0,,1.584962500721156,1.0,0,0,0,0.0,1.0,3,2908,2908.0,0.0,1.0,0.0,0.0,1,3,0.0,1,,0.003351327794864245,0
session_ecb5dff025,user_0001664,multi_session_bot,,1,0,1,0,0,0,0,0,2.785697439959927,0.3589765297750301,358.97652977503014,0.0,0.0,-0.0,0.0,0.0,,1.584962500721156,1.0,0,0,0,0.0,1.0,6,2268,2268.0,0.0,1.0,0.0,0.0,1,6,0.0,1,,0.018093749970654716,0
session_ecbd2df494,user_0002227,stealth_bot,,16,0,16,0,1,0,2,0,0.5482586740064372,29.183304813180467,1389.6811815800222,990.747330771458,0.7129313859204818,3.232101804845413,0.6319916026587482,898.6575510066331,1163.945849825623,1.7742433029172695,0.125,1267,406,295,123.0,0.008130081300813,1,4193,4193.0,0.0,1.0,0.0,0.0,1,1,0.0,0,,0.13228653695648185,0
session_ed1861c024,user_0001533,multi_session_bot,,1,0,1,1,0,0,0,0,0.8123670207577768,1.2309706997548953,1230.9706997548951,0.0,0.0,-0.0,0.0,0.0,0.0,2.0,1.0,0,0,0,0.0,1.0,7,1615,1613.5,0.0,1.0,1.0,0.0,1,7,0.0,1,,0.0033997036240888123,0
session_ed563e906c,user_0000817,aggressive_bot,,35,0,35,29,5,0,0,0,4.13790427512827,8.458388032409243,241.6682294974069,43.78021107364996,0.1811583225676741,1.1561787304889202,0.1793579540577145,80.24718415865145,117.60299094634878,1.842427417482465,0.0285714285714285,0,0,0,0.0,35.0,1,772,772.0,0.0,1.0,0.8285714285714286,0.0,1,1,0.0,0,,0.14495079872041206,0
session_eda614b91b,user_0001547,multi_session_bot,,1,0,1,1,0,0,0,0,1.8447332336218616,0.5420837993126234,542.0837993126235,0.0,0.0,-0.0,0.0,0.0,0.0,2.0,1.0,0,0,0,0.0,1.0,7,1688,1687.75,0.0,1.0,1.0,0.0,1,7,0.0,1,,0.012872834330409644,0
session_edbb97b661,user_0001859,multi_session_bot,,1,0,1,0,0,0,0,0,1.9761643935088269,0.5060307752152268,506.0307752152268,0.0,0.0,-0.0,0.0,0.0,,1.584962500721156,1.0,0,0,0,0.0,1.0,3,3270,3269.333333333333,0.0,1.0,0.0,0.0,1,3,0.0,1,,0.003351327794864245,0
session_ede86496b7,user_0000585,aggressive_bot,,72,0,72,53,8,0,0,0,3.9971190365725735,18.01297367959753,250.1801899944101,47.59290778505822,0.1902345177134992,1.3000921767324258,0.1901410049272681,87.27233024354203,123.01550817388612,1.783350117962138,0.0277777777777777,0,0,0,0.0,72.0,1,540,540.0,0.0,1.0,0.7361111111111112,0.0,1,1,0.0,0,,0.15085057721037465,1
session_edf72d983c,user_0001714,multi_session_bot,,1,0,1,0,0,0,0,0,2.4680997078154108,0.4051700167677302,405.1700167677302,0.0,0.0,-0.0,0.0,0.0,,1.584962500721156,1.0,0,0,0,0.0,1.0,4,2526,2525.333333333333,0.0,1.0,0.0,0.0,1,4,0.0,1,,0.010749966641508513,0
session_ee31bb2458,user_0001686,multi_session_bot,,1,0,1,0,0,0,0,0,1.8101020329691075,0.5524550449566104,552.4550449566103,0.0,0.0,-0.0,0.0,0.0,,1.584962500721156,1.0,0,0,0,0.0,1.0,3,2376,2375.333333333333,0.0,1.0,0.0,0.0,1,3,0.0,1,,0.0022171181881671664,0
session_ee621aefb3,user_0001167,rapid_retry_bot,,29,0,29,29,0,0,0,0,1.4510264608184047,19.985851935217973,344.5836540554823,144.77995825789404,0.4201591008567766,2.4514790214453,0.2090676576468827,310.44431018259075,307.2022369073279,1.6566549529998111,0.0344827586206896,0,0,0,0.0,29.0,1,1122,1122.0,0.0,1.0,1.0,0.0,1,1,0.0,0,,0.09691878616405314,0
session_eecbe8d248,user_0002379,stealth_bot,,18,0,18,0,3,0,3,0,0.4535087980366447,39.69051995887752,1470.0192577362045,854.7219775941987,0.5814359050713735,4.1622949095708766,0.6753870876809825,1244.1866155441965,1471.9340251505416,1.9500410308741076,0.0,2959,1005,830,266.3333333333333,0.0037546933667083,1,4345,4345.0,0.0,1.0,0.0,0.0,1,1,0.0,0,,0.17302411051354205,1
session_eed9e397b8,user_0001547,multi_session_bot,,1,0,1,1,0,0,0,0,4.04137143578583,0.2474407551716546,247.44075517165464,0.0,0.0,-0.0,0.0,0.0,0.0,2.0,1.0,0,0,0,0.0,1.0,7,1688,1687.25,0.0,1.0,1.0,0.0,1,7,0.0,1,,0.036303747524744856,0
session_ef22bcedc6,user_0001665,multi_session_bot,,1,0,1,0,0,0,0,0,2.383568589976357,0.4195390072705728,419.5390072705728,0.0,0.0,-0.0,0.0,0.0,,1.584962500721156,1.0,0,0,0,0.0,1.0,6,2274,2272.333333333333,0.0,1.0,0.0,0.0,1,6,0.0,1,,0.010299312776912095,0
session_ef668350bf,user_0001900,multi_session_bot,,1,0,1,0,0,0,0,0,2.005705708302365,0.4985776307364666,498.5776307364666,0.0,0.0,-0.0,0.0,0.0,,1.584962500721156,1.0,0,0,0,0.0,1.0,6,3480,3480.0,0.0,1.0,0.0,0.0,1,6,0.0,1,,0.0035784194200821906,0
session_ef8fce4c58,user_0001783,multi_session_bot,,1,0,1,0,0,0,0,0,2.340915114778944,0.4271833667469106,427.1833667469106,0.0,0.0,-0.0,0.0,0.0,,1.584962500721156,1.0,0,0,0,0.0,1.0,5,2893,2892.0,0.0,1.0,0.0,0.0,1,5,0.0,1,,0.009954168018573184,0
session_efc3386b84,user_0001945,multi_session_bot,,1,0,1,0,0,0,0,0,1.2845022935359802,0.7785116500237599,778.5116500237599,0.0,0.0,-0.0,0.0,0.0,,1.584962500721156,1.0,0,0,0,0.0,1.0,6,3705,3704.3333333333335,0.0,1.0,0.0,0.0,1,6,0.0,1,,-0.002177307264531081,0
session_f03309f3c2,user_0001783,multi_session_bot,,1,0,1,0,0,0,0,0,2.302762628628963,0.4342609991874793,434.26099918747934,0.0,0.0,-0.0,0.0,0.0,,1.584962500721156,1.0,0,0,0,0.0,1.0,5,2893,2892.333333333333,0.0,1.0,0.0,0.0,1,5,0.0,1,,0.007821502425613303,0
session_f06e91c8b8,user_0000814,aggressive_bot,,38,0,38,32,4,0,0,0,3.773134514618503,10.071202034481969,265.03163248636747,66.75866760388936,0.2518894328861791,1.4453901895299757,0.2539763729776952,87.79723983216425,130.6219059234469,1.8038737321345464,0.0526315789473684,0,0,0,0.0,38.0,1,769,769.0,0.0,1.0,0.8421052631578947,0.0,1,1,0.0,0,,0.14889223256357675,0
session_f0edd5e513,user_0000600,aggressive_bot,,67,0,67,49,6,0,0,0,3.881155795296936,17.2628988718228,257.6552070421313,48.81556881281353,0.1894608277985676,1.1636264152513698,0.1906167066351285,90.52753709822125,126.81684018723767,1.7620318773450865,0.044776119402985,0,0,0,0.0,67.0,1,555,555.0,0.0,1.0,0.7313432835820896,0.0,1,1,0.0,0,,0.15059918621673163,1
session_f110425878,user_0002545,adaptive_bot,,54,0,54,0,0,6,0,0,1.1171087432015914,48.33907202734628,767.2868575769251,641.7962523530132,0.8364489056671602,3.5897344196939107,0.7671329546207324,423.0087354566884,624.0099742500051,1.586720905137179,0.074074074074074,3535,879,689,94.5,0.0105820105820105,1,4511,4511.0,0.0,1.0,0.0,0.1241231936890657,1,1,0.0,0,,0.153697324044767,1
session_f12ef7c092,user_0002858,adaptive_bot,,53,0,53,0,0,6,0,0,1.269802541503838,41.73877297271089,684.2421798805063,509.6341323323006,0.7448154283930601,3.3610501367443884,0.8263659332304789,402.47721295482125,630.8321304871986,1.5744885001834703,0.2452830188679245,3965,1103,839,111.45283018867924,0.0089724056204503,1,4824,4824.0,0.0,1.0,0.0,0.143751231113642,1,1,0.0,0,,0.15770177705608934,1
session_f219f258ac,user_0002253,stealth_bot,,18,0,18,0,3,0,1,0,0.3898380148527945,46.173023959187056,2007.5227808342197,1590.9010995532783,0.7924697616094721,4.175735869100492,0.7885772339588898,1384.7593469066132,2002.0638313172276,1.7048843857766958,0.0,1842,410,574,157.0,0.0063694267515923,1,4219,4219.0,0.0,1.0,0.0,0.0,1,1,0.0,0,,0.17092673474069986,1
session_f26265bf0c,user_0000151,human,,1,0,1,0,0,0,0,0,1.3329525006056049,0.7502142796128645,750.2142796128645,0.0,0.0,-0.0,0.0,0.0,,1.584962500721156,1.0,24,2,2,28.0,0.0357142857142857,1,106,106.0,0.0,1.0,0.0,0.0,0,1,0.0,0,,-0.12689874946503515,0
session_f2644933ba,user_0001674,multi_session_bot,,1,0,1,0,0,0,0,0,1.414046399604532,0.7071903724514776,707.1903724514776,0.0,0.0,-0.0,0.0,0.0,,1.584962500721156,1.0,0,0,0,0.0,1.0,6,2323,2321.6666666666665,0.0,1.0,0.0,0.0,1,6,0.0,1,,-0.002472877782499827,0
session_f267d2b4c7,user_0002671,adaptive_bot,,38,0,38,0,0,3,0,0,1.0466771364941452,36.30536932074522,825.1220300169367,746.2986939137063,0.904470692533064,3.5500391534476416,0.8324587060182727,448.82486583119584,673.6238487241823,1.5529257601881108,0.4210526315789473,575,104,102,20.55263157894737,0.0486555697823303,1,4637,4637.0,0.0,1.0,0.0,0.0826324055126956,1,1,0.0,0,,0.13601308960130754,0
session_f26e8d7e6c,user_0001858,multi_session_bot,,1,0,1,0,0,0,0,0,1.850877123690919,0.5402843804162721,540.2843804162721,0.0,0.0,-0.0,0.0,0.0,,1.584962500721156,1.0,0,0,0,0.0,1.0,7,3267,3266.0,0.0,1.0,0.0,0.0,1,7,0.0,1,,0.002820842553775793,0
session_f293cdbb16,user_0001533,multi_session_bot,,1,0,1,0,0,0,0,0,2.3102715356286887,0.4328495523483443,432.84955234834433,0.0,0.0,-0.0,0.0,0.0,,1.584962500721156,1.0,0,0,0,0.0,1.0,7,1615,1613.3333333333333,0.0,1.0,0.0,0.0,1,7,0.0,1,,0.009083898576707328,0
session_f29dcf501e,user_0000574,aggressive_bot,,67,0,67,52,6,0,0,0,3.8276960829432025,17.504002028416576,261.25376161815785,58.59237618856152,0.2242738088272915,1.3438321178752868,0.217026250577712,89.5160241752344,127.88361406639228,1.7645368721437011,0.0149253731343283,0,0,0,0.0,67.0,1,529,529.0,0.0,1.0,0.7761194029850746,0.0,1,1,0.0,0,,0.15017323920810188,1
session_f2a2611365,user_0001674,multi_session_bot,,1,0,1,0,0,0,0,0,4.155816493950021,0.2406266016451366,240.62660164513665,0.0,0.0,-0.0,0.0,0.0,,1.584962500721156,1.0,0,0,0,0.0,1.0,6,2323,2321.333333333333,0.0,1.0,0.0,0.0,1,6,0.0,1,,0.03048366844125472,0
session_f2a56e9465,user_0002338,stealth_bot,,27,0,27,0,5,0,3,0,0.4230968917397347,63.81516982783432,1519.4088054246265,1335.820178121682,0.8791710126678928,4.508521816141528,0.7001224864635724,1389.3441138120068,1633.329182913104,1.9467124805473837,0.1111111111111111,4903,1501,1178,280.81481481481484,0.0035610656818781,1,4304,4304.0,0.0,1.0,0.0,0.0,1,1,0.0,0,,0.20123856767079074,1
session_f33e561647,user_0001954,multi_session_bot,,1,0,1,0,0,0,0,0,1.5986798138516083,0.6255161235762131,625.5161235762131,0.0,0.0,-0.0,0.0,0.0,,1.584962500721156,1.0,0,0,0,0.0,1.0,3,3745,3745.0,0.0,1.0,0.0,0.0,1,3,0.0,1,,-0.0005007511520277452,0
session_f35375710b,user_0000967,aggressive_bot,,49,0,49,39,7,0,0,0,3.836337133306032,12.772600086315505,260.66530788398984,48.700811924435,0.1868327332078632,1.2659351885052992,0.1860464755459999,87.83817149268195,127.19711564626895,1.8280212575092705,0.0204081632653061,0,0,0,0.0,49.0,1,922,922.0,0.0,1.0,0.7959183673469388,0.0,1,1,0.0,0,,0.14760983266519812,0
session_f3ba3b883e,user_0002143,stealth_bot,,19,0,19,0,4,0,3,0,0.3504546176476096,54.21529363070041,1594.5674597264824,1447.95689565319,0.9080562172650628,4.182907326480826,0.8105884093758299,1759.5038072099333,2430.643405737292,2.0849591130334737,0.1578947368421052,3970,1440,1120,343.6842105263158,0.0029096477794793,1,4109,4109.0,0.0,1.0,0.0,0.0,1,1,0.0,0,,0.19285119538091777,1
session_f3c8a4fac0,user_0001627,multi_session_bot,,1,0,1,1,0,0,0,0,2.116202656765294,0.4725445348077119,472.544534807712,0.0,0.0,-0.0,0.0,0.0,0.0,2.0,1.0,0,0,0,0.0,1.0,3,2083,2083.0,0.0,1.0,1.0,0.0,1,3,0.0,1,,0.015541514038238446,0
session_f431870e4c,user_0002770,adaptive_bot,,53,0,53,0,0,4,0,0,0.9594630420867511,55.23923035610571,824.4661247179957,559.3731793741053,0.6784671469254555,3.640663914875416,0.7229601669827044,547.1286286222193,715.6804495740488,1.6180839879220426,0.2452830188679245,4274,640,645,104.8867924528302,0.0095340888649037,1,4736,4736.0,0.0,1.0,0.0,0.072412305063151,1,1,0.0,0,,0.15325957782754795,1
session_f447705497,user_0001157,rapid_retry_bot,,24,0,24,24,0,0,0,0,1.4445727849710432,16.613908450781928,346.1230927246235,158.39291643026806,0.457620192814716,2.501295575075249,0.2451816441165138,306.67352150502023,309.3438474964598,1.667669763648192,0.0,0,0,0,0.0,24.0,1,1112,1112.0,0.0,1.0,1.0,0.0,1,1,0.0,0,,0.09681125295860604,0
session_f494b32e10,user_0001718,multi_session_bot,,1,0,1,0,0,0,0,0,1.2046053029161718,0.8301474330049414,830.1474330049414,0.0,0.0,-0.0,0.0,0.0,,1.584962500721156,1.0,0,0,0,0.0,1.0,7,2550,2550.0,0.0,1.0,0.0,0.0,1,7,0.0,1,,-0.004530733081763771,0
session_f49a49ebfc,user_0001590,multi_session_bot,,1,0,1,0,0,0,0,0,1.3051961659337057,0.7661683554553077,766.1683554553077,0.0,0.0,-0.0,0.0,0.0,,1.584962500721156,1.0,0,0,0,0.0,1.0,6,1905,1904.3333333333333,0.0,1.0,0.0,0.0,1,6,0.0,1,,-0.002177307264531081,0
session_f556b0195c,user_0000093,human,,1,0,1,0,0,0,1,0,1.3497126504013837,0.7408984421258965,370.44922106294825,7.702130510824645,0.0207913259710049,-0.0,0.0,0.0,,2.0,1.0,2,9,3,14.0,0.0714285714285714,1,48,48.0,0.0,1.0,0.0,0.0,0,1,0.0,0,,-0.09391754018096038,0
session_f5650710e9,user_0001665,multi_session_bot,,1,0,1,0,0,0,0,0,1.425190773328131,0.7016604504565954,701.6604504565954,0.0,0.0,-0.0,0.0,0.0,,1.584962500721156,1.0,0,0,0,0.0,1.0,6,2274,2274.0,0.0,1.0,0.0,0.0,1,6,0.0,1,,-0.002388841292619792,0
session_f572b0a690,user_0001345,rapid_retry_bot,,58,0,58,58,0,0,0,0,1.372565726147377,42.25662851337463,364.2812802877124,168.09492028305064,0.4614426526399816,2.6703435430321862,0.2266192834370961,325.8909055750768,324.9823068116454,1.6267042938197709,0.0344827586206896,0,0,0,0.0,58.0,1,1300,1300.0,0.0,1.0,1.0,0.0,1,1,0.0,0,,0.10332553492603525,0
session_f593326db6,user_0001730,multi_session_bot,,1,0,1,0,0,0,0,0,1.2643632782029786,0.7909119295375976,790.9119295375976,0.0,0.0,-0.0,0.0,0.0,,1.584962500721156,1.0,0,0,0,0.0,1.0,6,2612,2610.333333333333,0.0,1.0,0.0,0.0,1,6,0.0,1,,-0.002712532525979028,0
session_f5f3b45904,user_0000382,human,,1,0,1,0,0,0,0,0,1.5093978447238754,0.6625158525934803,662.5158525934803,0.0,0.0,-0.0,0.0,0.0,,1.584962500721156,1.0,0,2,2,4.0,0.25,1,337,337.0,0.0,1.0,0.0,0.0,0,1,0.0,0,,-0.09830312560509658,0
session_f618f70641,user_0001561,multi_session_bot,,1,0,1,1,0,0,0,0,2.4093749869992687,0.4150453978296835,415.0453978296835,0.0,0.0,-0.0,0.0,0.0,0.0,2.0,1.0,0,0,0,0.0,1.0,7,1761,1759.5,0.0,1.0,1.0,0.0,1,7,0.0,1,,0.019983619280058207,0
session_f68bd6e4b0,user_0002783,adaptive_bot,,56,0,56,0,0,6,0,0,1.1228320832591216,49.87388660774186,791.6489937736802,644.4647330233315,0.8140788886135737,3.5152228384077837,0.8528148494997613,457.9252081596538,710.9012099032138,1.5361290446968865,0.1071428571428571,2603,642,543,67.64285714285714,0.0147835269271383,1,4749,4749.0,0.0,1.0,0.0,0.1203034374920487,1,1,0.0,0,,0.14548664975708503,0
session_f6e3c0c7d0,user_0001939,multi_session_bot,,1,0,1,0,0,0,0,0,3.1269445473901203,0.3198010021746763,319.8010021746763,0.0,0.0,-0.0,0.0,0.0,,1.584962500721156,1.0,0,0,0,0.0,1.0,7,3676,3674.3333333333335,0.0,1.0,0.0,0.0,1,7,0.0,1,,0.023282455995403573,0
session_f764684943,user_0001858,multi_session_bot,,1,0,1,0,0,0,0,0,3.77785083761257,0.2647007632074628,264.70076320746284,0.0,0.0,-0.0,0.0,0.0,,1.584962500721156,1.0,0,0,0,0.0,1.0,7,3267,3265.0,0.0,1.0,0.0,0.0,1,7,0.0,1,,0.025614645959117888,0
session_f7ae81771a,user_0001953,multi_session_bot,,1,0,1,1,0,0,0,0,1.070788209247564,0.9338914935407194,933.8914935407196,0.0,0.0,-0.0,0.0,0.0,0.0,2.0,1.0,0,0,0,0.0,1.0,4,3742,3741.75,0.0,1.0,1.0,0.0,1,4,0.0,1,,0.004443697220241849,0
session_f7bf0bd8c5,user_0001741,multi_session_bot,,1,0,1,0,0,0,0,0,1.0700388080456578,0.9345455440316428,934.5455440316427,0.0,0.0,-0.0,0.0,0.0,,1.584962500721156,1.0,0,0,0,0.0,1.0,7,2671,2670.0,0.0,1.0,0.0,0.0,1,7,0.0,1,,-0.006251778047650147,0
session_f8aa79b533,user_0001538,multi_session_bot,,1,0,1,0,0,0,0,0,1.1420646409416766,0.8756071803216507,875.6071803216507,0.0,0.0,-0.0,0.0,0.0,,1.584962500721156,1.0,0,0,0,0.0,1.0,3,1637,1636.3333333333333,0.0,1.0,0.0,0.0,1,3,0.0,1,,-0.005058952195819588,0
session_f8f6ea599d,user_0001223,rapid_retry_bot,,50,0,50,50,0,0,0,0,1.3622808131979738,36.70315218095473,367.03152180954726,154.6779278718871,0.4214295467301839,2.607300151730561,0.2335344307153862,331.3842546556895,328.0986511312811,1.631925080608465,0.0,0,0,0,0.0,50.0,1,1178,1178.0,0.0,1.0,1.0,0.0,1,1,0.0,0,,0.1027441570358526,0
session_f8fd9bf0d0,user_0001773,multi_session_bot,,1,0,1,0,0,0,0,0,1.946168460835852,0.5138301334769931,513.8301334769932,0.0,0.0,-0.0,0.0,0.0,,1.584962500721156,1.0,0,0,0,0.0,1.0,7,2843,2842.0,0.0,1.0,0.0,0.0,1,7,0.0,1,,0.003431552161534568,0
session_f97901eb9c,user_0001992,multi_session_bot,,1,0,1,0,0,0,0,0,3.115416446324935,0.3209843747148598,320.9843747148599,0.0,0.0,-0.0,0.0,0.0,,1.584962500721156,1.0,0,0,0,0.0,1.0,7,3930,3929.3333333333335,0.0,1.0,0.0,0.0,1,7,0.0,1,,0.023282455995403573,0
session_f9827b3463,user_0001783,multi_session_bot,,1,0,1,0,0,0,0,0,2.5707613282833752,0.3889898253089677,388.9898253089677,0.0,0.0,-0.0,0.0,0.0,,1.584962500721156,1.0,0,0,0,0.0,1.0,5,2893,2892.6666666666665,0.0,1.0,0.0,0.0,1,5,0.0,1,,0.01229501875209471,0
session_f9ff401e50,user_0001723,multi_session_bot,,1,0,1,0,0,0,0,0,1.919709904454315,0.5209120386781845,520.9120386781844,0.0,0.0,-0.0,0.0,0.0,,1.584962500721156,1.0,0,0,0,0.0,1.0,5,2576,2574.6666666666665,0.0,1.0,0.0,0.0,1,5,0.0,1,,0.003431552161534568,0
session_fa0297a239,user_0001910,multi_session_bot,,1,0,1,1,0,0,0,0,1.832032963255766,0.5458417070306787,545.8417070306787,0.0,0.0,-0.0,0.0,0.0,0.0,2.0,1.0,0,0,0,0.0,1.0,5,3526,3525.0,0.0,1.0,1.0,0.0,1,5,0.0,1,,0.012439393654331887,0
session_fa0ddbfb83,user_0001781,multi_session_bot,,1,0,1,0,0,0,0,0,2.1500062647701967,0.4651149237962266,465.11492379622666,0.0,0.0,-0.0,0.0,0.0,,1.584962500721156,1.0,0,0,0,0.0,1.0,4,2881,2881.0,0.0,1.0,0.0,0.0,1,4,0.0,1,,0.005408564026619267,0
session_fa227cf192,user_0001830,multi_session_bot,,1,0,1,0,0,0,0,0,1.6989794864753691,0.5885886250896163,588.5886250896162,0.0,0.0,-0.0,0.0,0.0,,1.584962500721156,1.0,0,0,0,0.0,1.0,3,3127,3127.0,0.0,1.0,0.0,0.0,1,3,0.0,1,,0.000617350490196733,0
session_fa27d14118,user_0001767,multi_session_bot,,1,0,1,1,0,0,0,0,2.3050418615782515,0.433831600487856,433.831600487856,0.0,0.0,-0.0,0.0,0.0,0.0,2.0,1.0,0,0,0,0.0,1.0,7,2811,2809.75,0.0,1.0,1.0,0.0,1,7,0.0,1,,0.019407663634435135,0
session_fa47971198,user_0001809,multi_session_bot,,1,0,1,1,0,0,0,0,1.086818926139007,0.9201164756603596,920.1164756603596,0.0,0.0,-0.0,0.0,0.0,0.0,2.0,1.0,0,0,0,0.0,1.0,3,3019,3018.75,0.0,1.0,1.0,0.0,1,3,0.0,1,,0.004443697220241849,0
session_fa7227b303,user_0002190,stealth_bot,,14,0,14,0,1,0,4,0,0.361779364758141,38.69761894617557,1488.369959468291,1124.135976695801,0.755279942022876,4.209867121904035,0.7929542053419429,1425.6892197454342,1857.2019994603072,2.0829807296908607,0.0,2365,749,619,266.6428571428572,0.003750334851326,1,4156,4156.0,0.0,1.0,0.0,0.0,1,1,0.0,0,,0.14900619865850495,0
session_fa8e8dd8fc,user_0001809,multi_session_bot,,1,0,1,1,0,0,0,0,1.86367845850747,0.5365732460098571,536.5732460098571,0.0,0.0,-0.0,0.0,0.0,0.0,2.0,1.0,0,0,0,0.0,1.0,3,3019,3019.0,0.0,1.0,1.0,0.0,1,3,0.0,1,,0.012848846319221452,0
session_fb21c738c4,user_0001877,multi_session_bot,,1,0,1,1,0,0,0,0,2.703253914207444,0.3699245545319726,369.9245545319727,0.0,0.0,-0.0,0.0,0.0,0.0,2.0,1.0,0,0,0,0.0,1.0,6,3360,3359.75,0.0,1.0,1.0,0.0,1,6,0.0,1,,0.024107497378648368,0
session_fb99e8069f,user_0001741,multi_session_bot,,1,0,1,1,0,0,0,0,1.00981442697775,0.99028095983227,990.28095983227,0.0,0.0,-0.0,0.0,0.0,0.0,2.0,1.0,0,0,0,0.0,1.0,7,2671,2670.5,0.0,1.0,1.0,0.0,1,7,0.0,1,,0.0036168951704622643,0
session_fbdd6d27d1,user_0000307,human,,1,0,1,0,0,0,1,0,0.5287734813364461,1.8911689698820648,945.5844849410324,421.8347197003065,0.44611002656903,1.0,0.0,0.0,,2.0,1.0,31,4,5,40.0,0.025,1,262,262.0,0.0,1.0,0.0,0.0,0,1,0.0,0,,-0.12485571811275598,0
session_fbff122203,user_0002843,adaptive_bot,,27,0,27,0,0,4,0,0,0.9957875687403162,27.114216774322,874.6521540103869,823.0463052238787,0.9409984317195252,3.640355795767502,0.9512054336765868,502.2120821158359,860.8701078788305,1.6476938105344034,0.1851851851851851,534,229,113,32.44444444444444,0.0308219178082191,1,4809,4809.0,0.0,1.0,0.0,0.1475240842578246,1,1,0.0,0,,0.1440627751779049,0
session_fc703084c1,user_0001960,multi_session_bot,,1,0,1,1,0,0,0,0,1.7350546572004617,0.576350719471579,576.350719471579,0.0,0.0,-0.0,0.0,0.0,0.0,2.0,1.0,0,0,0,0.0,1.0,3,3771,3770.75,0.0,1.0,1.0,0.0,1,3,0.0,1,,0.01212180446739164,0
session_fc88e2db66,user_0001630,multi_session_bot,,1,0,1,0,0,0,0,0,1.8046535397373047,0.5541229814923729,554.1229814923729,0.0,0.0,-0.0,0.0,0.0,,1.584962500721156,1.0,0,0,0,0.0,1.0,6,2096,2096.0,0.0,1.0,0.0,0.0,1,6,0.0,1,,0.002267838009749057,0
session_fc8ef1c98d,user_0000081,human,,1,0,1,0,0,0,0,0,0.7528274859175167,1.3283255708726405,664.1627854363203,116.6935586445174,0.1757002367542406,1.0,0.0,0.0,,2.0,1.0,7,5,14,26.0,0.0384615384615384,1,36,36.0,0.0,1.0,0.0,0.0,0,1,0.0,0,,-0.11219514790704177,0
session_fc9f799866,user_0000203,human,,1,0,1,0,0,0,0,0,1.3020048122822006,0.7680463163935348,768.0463163935348,0.0,0.0,-0.0,0.0,0.0,,1.584962500721156,1.0,8,4,4,16.0,0.0625,1,158,158.0,0.0,1.0,0.0,0.0,0,1,0.0,0,,-0.14563223119708868,0
session_fd43e2aeaa,user_0001612,multi_session_bot,,1,0,1,0,0,0,0,0,0.5576428279899273,1.793262550519278,1793.262550519278,0.0,0.0,-0.0,0.0,0.0,,1.584962500721156,1.0,0,0,0,0.0,1.0,5,2006,2006.0,0.0,1.0,0.0,0.0,1,5,0.0,1,,-0.013018940361055442,0
session_fdc67283ba,user_0002505,adaptive_bot,,28,0,28,0,0,2,0,0,1.166975097732303,23.993656809310107,773.9889293325841,597.1449256316196,0.7715161070153054,3.514545004480724,0.7237710870885731,392.52388689802586,569.6936911966386,1.5031194855902734,0.0,105,73,37,7.678571428571429,0.1302325581395348,1,4471,4471.0,0.0,1.0,0.0,0.0833553641237359,1,1,0.0,0,,0.1167037729780015,0
session_fdd2c66993,user_0002303,stealth_bot,,25,0,25,0,7,0,6,0,0.3872344557957863,64.56037066387529,1537.1516824732212,1222.711179923166,0.7954395092329914,4.347691161328113,0.7593741120175,1434.411112046332,1810.5907637588384,2.0381382979052454,0.04,4663,1965,1061,307.56,0.0032513981011835,1,4269,4269.0,0.0,1.0,0.0,0.0,1,1,0.0,0,,0.20383922105664176,1
session_fe5dc06cfb,user_0001665,multi_session_bot,,1,0,1,0,0,0,0,0,2.0572413919184585,0.4860878280635121,486.0878280635121,0.0,0.0,-0.0,0.0,0.0,,1.584962500721156,1.0,0,0,0,0.0,1.0,6,2274,2273.333333333333,0.0,1.0,0.0,0.0,1,6,0.0,1,,0.004478515395067828,0
session_fea8451d91,user_0000868,aggressive_bot,,51,0,51,42,5,0,0,0,4.078259818476516,12.50533371340026,245.20262183137763,48.50046888782492,0.1977975134424868,1.3572989091243484,0.1998252796441421,82.74231071612357,119.68584695291302,1.7843229764142992,0.0196078431372549,0,0,0,0.0,51.0,1,823,823.0,0.0,1.0,0.8235294117647058,0.0,1,1,0.0,0,,0.1503931152879674,1
session_feab2fd72d,user_0001767,multi_session_bot,,1,0,1,0,0,0,0,0,1.137185785112056,0.8793637883025965,879.3637883025965,0.0,0.0,-0.0,0.0,0.0,,1.584962500721156,1.0,0,0,0,0.0,1.0,7,2811,2809.0,0.0,1.0,0.0,0.0,1,7,0.0,1,,-0.005991765465003296,0
session_fec75ab75b,user_0001982,multi_session_bot,,1,0,1,0,0,0,0,0,1.6436943710101797,0.6083856084421712,608.3856084421711,0.0,0.0,-0.0,0.0,0.0,,1.584962500721156,1.0,0,0,0,0.0,1.0,5,3881,3880.6666666666665,0.0,1.0,0.0,0.0,1,5,0.0,1,,-0.00021472385965665142,0
session_fefca015c2,user_0002326,stealth_bot,,23,0,23,0,1,0,4,0,0.6034474914126939,38.11433526081301,1154.979856388273,851.8105145061191,0.7375111434149233,3.7118435602361175,0.6084461276413854,723.9101367813797,930.0563811892304,1.838267374637384,0.3043478260869565,4753,1235,951,301.69565217391306,0.0033145986453379,1,4292,4292.0,0.0,1.0,0.0,0.0,1,1,0.0,0,,0.17404624935266455,1
session_ff64475f3f,user_0000538,aggressive_bot,,54,0,54,41,4,0,0,0,3.93853244543386,13.710690656517237,253.9016788243933,42.39003728431328,0.1669545372074188,1.190473292852695,0.1680780774671259,88.63958641049237,124.15400422427328,1.7525821093767453,0.037037037037037,0,0,0,0.0,54.0,1,493,493.0,0.0,1.0,0.7592592592592593,0.0,1,1,0.0,0,,0.14983082924896385,0
