failed_requests,refresh_count,reconnect_count,requests_per_second,session_duration_sec,timing_cv,burstiness_score,mouse_events,keyboard_events,scroll_events,human_action_ratio,request_action_ratio,success_rate,retry_rate
-0.037500408,-0.031930007,2.797317,-0.1967746,-0.26809818,-0.7424153,-0.023765747,3.1108909,0.83194786,1.3101369,-0.21729065,-0.4838334,-0.14176,-0.2889553
0.049549524,0.25197935,3.0686886,0.30179015,0.25823647,0.036885127,0.13216217,2.508203,0.51941824,-0.58045304,1.4816658,0.28197518,0.2748158,0.05148059
0.06056275,3.9557023,2.2387724,0.38682917,0.26843655,-0.76228607,-0.051295057,2.263679,0.4895858,-0.57075167,1.6993148,-0.38234288,-0.09179411,-0.12587968
0.05359011,4.154852,1.4313012,0.24823606,0.23366205,1.5865105,-0.022988696,1.9498037,0.44830686,-0.48018086,1.0788507,-0.34727028,0.26808137,0.30742657
0.034768384,-5.1637735,-3.7300746,0.085052535,-0.24538672,-0.8086586,-0.036418673,1.7389516,0.46218893,1.0193102,-0.05225668,0.14779732,-0.0863301,-0.21034522
0.060098697,4.718509,-0.59392816,0.35612825,0.2388166,0.79807657,-0.058905758,1.9126037,0.45226318,-0.5096237,1.5100734,-0.3852613,0.30041948,0.080509834
0.053421136,4.1635785,1.4255664,0.25383762,0.1992907,1.4641143,-0.05125396,1.9681706,0.45490557,-0.45724636,0.9893674,0.45789737,0.2013146,0.3106521
-0.029293772,0.31559783,2.637082,0.26372102,0.25766447,1.290119,-0.08101772,2.4334493,0.47723338,-0.55576307,1.2584625,0.35584965,-0.069271654,0.26821816
-0.044771593,-5.4743943,1.3193579,-0.31162506,0.08824041,-0.69502294,-0.15740909,-1.628762,0.5005844,-0.84722865,-0.76230717,-0.527333,-0.17116795,-0.2735616
0.047117658,-4.7756,-0.8927904,-0.21277477,0.267777,0.02045919,-0.08499446,-3.030556,-0.63859147,0.62285084,-0.6102762,-0.4334964,0.044112507,0.34004423
-0.040476624,4.1908183,2.4216232,0.08554339,0.27769253,0.19569412,0.1815323,2.0773418,0.465292,-0.49324042,0.89450043,0.6263471,-0.09230999,0.31514826
0.056995224,4.099552,1.6399667,0.3888745,0.26226887,0.31677946,-0.05089707,2.2142317,0.49066755,-0.5429202,1.569222,-0.3852087,-0.06847454,0.31687444
0.049447816,0.42976755,3.3012214,0.39543873,0.27831915,-0.6657357,-0.0182542,2.5055232,0.5119021,-0.67203057,1.7972487,-0.32026908,-0.07068837,0.046527307
-0.034021147,-3.9887567,-2.6189141,-0.23753348,0.14822604,-0.85290736,-0.13169871,-2.4185565,-0.49340218,0.7163159,-0.59344214,-0.5347842,-0.15386972,0.22240166
0.059674565,4.6071453,-0.9337788,-0.29327127,0.3594784,-1.3631215,-0.16059305,2.1825178,0.5102455,-0.66457283,-0.3828159,0.9892352,0.4741702,-0.4531417
0.06167533,5.5146317,-0.21403863,0.43141726,-0.23326565,2.5691056,-0.03513177,-0.15180469,-0.18923952,-0.4574324,1.3575325,-0.36928254,-0.07518305,0.36829096
0.038187355,-5.5533895,-3.5667672,-0.28357074,0.33265302,0.6411961,0.11143847,1.4820057,-0.15704687,-0.74479586,-0.6105326,-0.4645695,0.5068254,0.29845363
-0.031210143,-0.05025081,2.7804182,0.018951032,0.280141,-0.7143063,-0.07793847,3.1223547,0.78904504,1.228046,-0.21749492,-0.487617,-0.12839712,0.20922317
0.05168674,4.918715,2.098778,0.3181275,0.22130567,1.628163,-0.06260376,0.011798165,0.4620885,-0.39410794,1.2557276,-0.3033247,-0.068954036,-0.0017118847
0.060416993,4.063322,2.2313855,0.42522636,0.25172472,-0.77868354,0.18423596,2.118328,0.45833424,-0.5761632,1.6952862,-0.45585817,-0.091650255,0.27583623
-0.048052207,5.5514584,-0.26965702,0.42747605,-0.26456004,2.9612718,0.20332904,0.10117152,-0.1952135,-0.4641202,0.8557601,-0.4484701,-0.09281514,0.36875647
0.03790377,0.3793921,3.1745985,0.33808497,0.08140922,-0.44777843,-0.08647473,2.562007,0.50686485,-0.6523948,1.5999634,0.48102826,-0.06849141,-0.0070721363
-0.041784793,5.5840535,-0.2813552,0.3050267,0.30096245,3.1688366,-0.06337562,0.102963515,-0.1391159,-0.45498592,0.36640453,-0.437103,-0.10476184,0.36800212
-0.053610366,-5.6230016,-1.0437655,-0.3098687,-0.29765615,-0.6605977,0.13953914,-1.0529175,-0.31971526,0.82535326,-0.7351998,0.6953619,-0.13769473,-0.30446792
0.046763062,4.796275,-0.449756,-0.15601651,0.3155174,2.6277401,0.19365454,1.7916133,0.4657101,-0.5470182,-0.101645865,-0.491471,0.3873479,0.34369016
-0.033799928,-3.9131942,-2.6758296,0.2435121,0.1916775,-0.82760924,-0.07333516,-2.615039,-0.27140296,0.74762475,-0.33861735,-0.39621478,-0.14794824,-0.07151098
-0.040511485,4.023799,2.4944305,0.32098302,0.25782222,0.2072967,-0.15047033,2.1792433,-0.2664262,0.6405096,-0.06940586,0.009228384,-0.1277779,0.016446969
-0.10210006,5.460973,-0.39800313,0.16270098,0.29478693,0.24070504,-0.14532663,-0.7829391,-0.033726607,-0.5721928,-0.12615299,0.8040604,-0.14306639,-0.46730983
0.04481124,-0.28021288,2.590168,-0.17209485,-0.28681782,0.13196778,-0.03034687,3.12713,0.78036696,1.0919241,-0.12424947,0.014774311,0.41935492,0.26837662
-0.03837113,4.8761587,-0.33179626,-0.24249427,0.2854903,2.428848,-0.19225124,1.8978969,0.47324035,-0.53768873,-0.18927158,0.69621867,-0.11151291,0.35724607
-0.047211938,3.835978,2.7122688,0.192056,-0.23424436,-0.75146455,-0.026311597,2.2188485,0.51976174,0.76136833,-0.06287915,0.68371516,-0.11926044,-0.35382134
0.049549524,0.32536787,3.170712,0.37821692,0.2684904,0.08124476,0.13251907,2.4989982,0.5343826,-0.6202113,1.7503303,-0.28972927,-0.073635675,0.053910628
0.049447816,0.31547445,3.2530487,0.38475657,0.2772995,-0.51125985,0.13251907,2.4803135,0.46669677,-0.66311026,1.8007107,-0.4105717,-0.07642235,0.23779932
0.057930913,4.079438,2.665152,-0.18771538,-0.29133794,0.026011355,0.15133776,1.9745162,0.49920923,-0.54720473,0.8978494,-0.4152306,0.413831,-0.3465807
0.051628258,0.34748846,2.6844518,0.41138852,-0.2890784,1.42977,-0.022843827,2.3422968,0.488372,-0.6019419,1.3972887,-0.23615731,-0.0648433,0.23728399
0.037081264,0.31388903,2.702027,0.31839526,0.249855,1.3933265,0.035569,2.3970692,0.4881122,-0.57405156,1.3659604,-0.3100003,-0.059914503,0.2681522
0.07888621,5.2167377,2.0967228,0.06419473,0.23912108,2.0406525,0.06618912,-0.6466378,-0.58563834,-0.442382,-0.030268176,0.3639407,-0.08460717,0.42364112
-0.038393326,3.9660945,2.4081442,0.39217743,0.038978748,0.560346,-0.13734782,2.1450326,-0.14593618,0.615452,0.90711325,-0.19897613,-0.08514642,-0.3207676
0.060416993,4.0358205,1.8300176,0.36279264,0.254334,-0.78173053,-0.020641917,2.186062,0.46142796,-0.57659507,1.5275978,-0.46915132,0.33220792,0.2783844
-0.029664895,-0.3023783,2.2920063,-0.29235923,0.32387182,1.8791901,0.12313995,2.743807,0.7296206,0.9962142,-0.596243,-0.35672638,-0.10575534,0.2507947
-0.041831125,5.5594635,-0.28022817,-0.26409048,0.34717932,3.3827379,0.19895771,0.2128158,-0.10559128,-0.54436,-0.6815475,-0.6359311,-0.13940287,0.43009448
0.037831806,-3.8150196,-2.6474314,0.34448376,0.18775322,-0.8267599,-0.110365175,-2.598996,-0.5345264,0.7046724,-0.28366852,-0.37370425,-0.1176042,-0.07308649
0.060016606,4.0069523,2.2405853,0.394641,0.26751417,-0.7393857,-0.020641917,2.1703126,0.45382303,-0.56771255,1.6721796,-0.39946032,-0.07674963,0.27414703
-0.040670116,-4.5090423,-2.7999334,-0.25314996,-0.31815097,-0.8820523,0.12439217,-0.99116385,-0.2893841,-0.7579271,-0.69495916,0.7290121,-0.15513611,-0.25394386
0.0367484,-0.27870053,2.3668308,0.3652904,0.1365197,1.4271636,-0.022959305,2.7083611,0.6457751,0.8245262,1.1335233,-0.23819233,-0.058785494,0.20647828
-0.036491573,-0.18988942,2.6185477,-0.20940655,-0.29177934,0.1960523,-0.02930139,3.1523051,0.81751406,1.1839503,-0.2857149,-0.42815334,-0.14121777,0.21995619
0.05397981,4.1156535,1.4554889,0.3065496,0.23177196,1.5892696,-0.048550293,1.945198,0.46618193,-0.47988605,1.0963068,-0.3097747,0.24754615,0.2746871
-0.029494694,-0.15635924,2.3831692,-0.13755342,0.26607683,1.853648,-0.07283836,2.8126705,0.700442,0.9243713,0.052451186,-0.43844503,-0.097750716,0.24994248
0.049353678,4.020063,1.8425372,0.4117197,0.27257013,-0.77759415,-0.048550293,2.2024546,0.45859265,-0.60884666,1.7049564,-0.4308078,-0.091650255,0.27960068
0.100440145,5.6248507,-0.18473567,0.08858523,0.06748436,2.8875055,-0.03724904,-0.4313671,-0.05459971,-0.5147293,-0.1268591,0.60756725,0.34823668,0.082060955
0.05974775,4.067277,1.8077939,0.36250412,0.24987198,-0.5940457,0.18862532,2.1480527,0.46374127,-0.5765365,1.5147852,-0.46867856,0.33389053,0.32316524
-0.036556803,0.31249034,3.2223313,0.35658604,-0.2946501,-0.46784022,0.14225625,2.4479082,0.50255454,-0.6976503,1.7603368,0.13686061,-0.11309015,0.053264216
0.049353678,4.0503063,1.8260322,0.40068564,0.27257013,-0.77758783,0.19433005,2.1546426,0.45418382,-0.6082197,1.7080675,-0.41793042,-0.091650255,0.27912652
0.045907777,-6.3488593,-0.9930829,0.36940265,0.24368621,-0.109801725,-0.045858584,-0.9743741,-0.2633564,-0.61646813,0.8077954,-0.3902779,-0.09605763,0.2722913
0.109812096,4.8269534,3.1062534,0.43552572,-0.25360805,-0.73274624,-0.059464745,-0.99914795,0.47902626,-0.10756847,0.8960623,-0.399984,-0.08836593,-0.49100938
0.038747728,-4.297124,-2.682307,0.085254595,0.18042575,-0.7072544,0.19092359,-2.2522275,-0.50632894,-0.60996324,-0.324905,0.6574398,-0.058189604,0.0030075929
0.04479532,0.35217935,2.6909704,0.31930703,0.23099717,1.3496248,0.14261314,2.3733618,0.51197094,-0.57817614,1.3463684,-0.23630323,0.10943061,-0.046332076
-0.029293772,0.27634662,2.636962,0.15709889,0.27014422,1.3034636,0.14225625,2.40124,0.5084348,-0.5650997,1.2675428,0.38997534,-0.07257182,0.05117169
-0.036002375,-0.41203493,2.450863,-0.12638763,-0.3184915,0.47491828,0.08767013,3.1129315,0.7960675,1.0408753,-0.66007113,0.5730984,-0.11507876,0.2669927
0.07455422,3.8989763,2.9421399,-0.43201068,-0.3503252,-1.016844,-0.13400413,1.8398066,0.50329906,-0.72818744,-0.24563521,-0.57528806,0.579307,-0.3917601
0.04362052,-6.7697043,1.8570014,-0.20370355,0.14083345,-0.79958904,0.07706286,1.9876443,-0.33147833,-0.8588692,-0.7040418,-0.59330374,0.5463467,0.29049468
-0.034179173,-3.8396611,-2.6372464,0.38664895,0.11985065,-0.83048934,-0.067180075,-2.5981405,-0.536973,0.7308913,-0.24636339,-0.37497836,-0.13987814,-0.10008117
0.059894685,4.0404153,2.700866,0.386709,0.26648936,-0.74869037,0.18423596,1.8847407,0.4872004,-0.5550147,1.6238337,-0.39612037,-0.07757217,0.27396554
0.036947906,-0.20733084,2.5496743,0.36925927,0.23617129,0.15345246,0.12580477,2.9726365,0.7195981,0.89636546,1.4145243,-0.27719662,-0.07035632,-0.061874688
0.04479532,0.24519219,2.6355267,0.26372135,0.25226521,1.2849383,0.13216217,2.3818989,0.4745964,-0.5555599,1.2457672,0.35538498,-0.023811229,0.24157824
0.04612318,-0.337395,2.6343544,-0.334309,-0.24466294,-0.42166698,0.13493782,3.0993526,0.8542683,1.196509,-0.7213905,0.5981205,0.39416414,-0.31158608
0.049447816,0.31632644,3.1772883,-0.05794512,0.33893383,-0.6037487,0.037558887,2.5041296,0.48991275,-0.62137467,1.482944,0.3314434,0.32341868,0.24231711
-0.029260833,0.260122,2.6340435,-0.09512323,0.33408862,1.3103961,0.13990946,2.389215,0.49964637,-0.5671531,1.2623117,0.46013647,-0.07394357,0.27451703
0.057491902,4.140271,1.6011811,0.36345926,0.24824406,0.65122557,0.1909721,2.1375062,0.47580224,-0.5246587,1.5609019,-0.36646435,-0.07406274,0.2790975
0.06266025,4.1601954,2.6215265,-0.19125438,0.2390025,0.18202066,0.19000134,2.024034,-0.13415913,-0.5072627,0.83981746,-0.5016767,0.38117635,-0.3399904
0.057209205,4.1373625,1.5905566,0.2221069,0.24641983,0.28913638,-0.1468126,2.2275913,0.4851042,-0.48572928,1.2256888,0.53018206,0.28320932,0.2781755
0.060218457,4.084283,2.016869,0.37838402,0.25813523,0.18285808,0.18423596,2.1653,0.52018213,-0.5187282,1.5776185,-0.36371428,-0.08001837,0.043287665
0.08308971,5.5562205,-0.30599883,-0.19128272,-0.2682749,0.37819514,-0.03734136,-0.6887332,-0.22273974,0.6779512,-0.17926934,0.68212503,0.3976153,0.4100754
-0.040693983,-4.389196,1.1444077,-0.20633182,0.29248372,-0.6394711,-0.11861436,-3.7357154,-0.7250228,0.7325944,-0.7100197,0.59844637,-0.1370913,-0.24962664
-0.044727568,4.8973026,-0.35490415,-0.27018905,-0.35826775,2.5580566,0.19311325,1.7966533,0.4612888,-0.5711925,-0.4878648,0.6726925,-0.11915209,0.3705661
-0.040019877,4.6974173,-0.48537913,-0.18614204,0.34748682,2.9575536,-0.07656804,1.8862152,-0.09351483,-0.5698168,-0.11913688,-0.5320634,-0.12849103,-0.38795948
0.06420705,4.0973973,1.6311555,0.4002825,-0.25457767,1.0612398,-0.048550293,2.0893674,0.47243536,-0.5180619,1.2920017,-0.32149744,0.27266723,0.279181
-0.11346954,4.9203906,3.047594,-0.14821918,0.28969344,-0.72858983,0.19583341,-1.6460118,0.59795254,-0.5988367,-0.37485388,0.8103189,-0.1666274,0.39897296
0.060218457,4.093758,2.0128877,0.38516104,0.22929023,0.18268517,0.035266664,2.2004669,0.48648807,-0.51482487,1.5565693,-0.36343363,-0.047420666,0.2725726
0.0661803,4.0150757,1.8002857,0.4412261,-0.32048273,-0.76840216,-0.022988696,2.1000655,0.45881322,-0.61163616,1.5588,-0.46539155,0.34751618,0.32175285
0.0608407,4.116315,1.6320196,0.26881462,0.25577584,0.08767161,-0.048907183,2.2910998,0.51644367,-0.4967266,1.2924701,0.5023591,0.28559867,-0.0804838
0.05480403,-0.2772531,2.5537407,0.40000048,-0.22064978,0.5098031,0.033210676,3.0165591,0.6903379,0.9126167,0.8317657,-0.24838619,0.28087872,0.21061365
-0.034255642,-1.7417078,-3.278849,-0.20789042,0.23596777,-0.76053,-0.069811516,-3.5548837,-0.75856364,0.6594923,-0.6705523,0.65234625,-0.13735089,0.32031325
-0.04112469,-2.1219115,-3.4285681,-0.32576063,-0.31092134,-0.9029821,0.190415,-2.2279341,-0.40662423,-0.78212446,-0.7695295,0.71627957,-0.16427946,-0.28398237
0.060416993,3.9995482,2.2407532,0.38886067,0.26751417,-0.79311705,-0.020641917,2.193577,0.45791626,-0.56765395,1.689316,-0.3955445,-0.088508405,0.27494383
-0.03166671,-0.08387433,2.77081,0.039641272,0.28122625,-0.72556037,0.09012169,3.1278212,0.82501376,1.2601458,-0.22777037,-0.4835223,-0.12878102,-0.28776816
-0.041248955,4.943689,-0.36038688,-0.25113198,0.3526265,2.682364,0.18584953,1.8037398,-0.2065709,-0.5194396,-0.6956165,0.41442716,-0.123992115,0.41350237
-0.037490588,4.7805862,-0.44863716,-0.19249794,0.2238895,2.4075108,-0.058905758,1.8131405,0.45970652,-0.51914686,0.8932092,-0.4939838,-0.09434267,0.30513752
-0.04147172,-2.0806382,-3.5342422,-0.21030611,-0.31056392,-0.7763858,-0.10647302,-2.3505833,-0.27166387,-0.83006895,-0.65234625,0.45271423,-0.17496575,-0.2834408
-0.031818356,-0.13767602,2.7749345,-0.119502306,0.09011789,-0.445497,-0.028712265,3.2712889,0.8621014,1.1726452,-0.15091838,0.39356932,-0.118179426,-0.30100983
-0.030836431,-0.13991134,2.7304037,-0.07740827,0.34687346,-0.48914027,-0.028000087,3.2192714,0.8436349,1.0924212,-0.03506455,0.63470584,-0.103261136,0.04024588
0.056995224,4.1668973,1.6046079,0.2926907,0.24641983,0.28711146,-0.02334559,2.2357373,0.48190594,-0.48968035,1.2627133,0.35444835,0.26686022,0.32058445
0.036786076,-0.1920578,2.3580637,0.3248596,0.22073779,1.4164968,0.12716101,2.7219536,0.6747277,0.83016163,1.1371516,-0.23423336,-0.058929358,-0.07840834
0.0644974,4.055599,2.0176384,0.44810867,-0.28662437,0.32371256,-0.0034176675,2.1427786,0.52013713,-0.5412196,1.6106132,-0.34241065,-0.08656522,0.048328932
0.05626798,-0.1002143,2.70276,0.43704396,-0.20315844,-0.6434605,-0.023671485,2.9350884,0.7029186,1.0293373,1.5077395,-0.29902413,0.1518127,-0.28218427
0.038415596,0.41247368,3.280089,0.13848695,0.28318715,-0.49428013,-0.13734366,2.5079246,0.49329963,-0.6607438,1.7780627,-0.42862123,0.019457243,0.2860155
0.053159427,4.098527,1.9871042,0.3941066,0.23443525,1.3354074,0.19776396,1.7808443,-0.17329644,0.50194377,1.1018988,-0.31249687,-0.053364564,0.29369962
0.057491902,4.081805,1.9596636,0.3593671,0.24411048,0.629644,0.035266664,2.1939802,0.50338155,-0.49756524,1.5401356,-0.34048462,-0.074206606,-0.011258002
0.06632724,3.9886036,2.7352264,0.46963507,-0.26857042,-0.7365081,-0.0034176675,1.8507798,0.53030276,-0.61040026,1.6551027,-0.38864774,-0.087661006,0.041975804
-0.0480674,5.443947,-0.36031017,0.32209486,-0.26411295,3.364338,0.18386123,0.01819813,0.46205384,-0.5940513,-0.09726555,-0.53207535,-0.13114434,0.09201609
-0.113009974,5.392817,-0.43279597,-0.22342336,0.3521307,0.15039471,-0.17919041,-1.5506823,0.6527574,-0.6098893,-0.86387455,0.8767981,-0.17108962,0.47449848
0.05397981,4.0937924,1.7196846,0.3678302,0.052577607,1.5762427,-0.020641917,1.9413775,0.4648195,-0.46977186,1.2095021,-0.30561998,-0.06018853,0.27164128
-0.047394607,4.7012906,-0.45941707,-0.33962306,-0.33775643,2.9787247,-0.1661574,1.860776,0.49898687,-0.64319795,-0.095755585,-0.47923252,-0.13387235,-0.3752027
0.04440562,0.29423785,2.6346748,-0.050895497,0.31600064,1.2376826,-0.020957872,2.414789,0.49940154,-0.5477835,1.1679521,0.3922934,0.23121972,0.27413583
-0.037981074,-4.357348,-2.5837834,-0.23165713,-0.23611999,-0.18386278,0.17230947,-1.915643,-0.53407395,0.72346085,-0.62621164,0.59336424,-0.1400677,0.3127295
-0.035496354,-0.17928962,2.5125353,0.4217779,-0.24878019,0.5141644,-0.0778442,2.9190216,0.67603874,0.90662265,1.4232894,-0.25689733,-0.08715035,0.20817176
-0.029969983,-0.19871686,2.6019604,0.25703254,0.24286953,0.52154714,-0.0029173843,3.185186,0.7506464,1.0465091,-0.027162312,-0.34910142,-0.116079114,0.24951065
-0.06596462,5.5391216,-0.17908661,-0.2447547,0.27706328,2.961602,-0.04221819,-0.5328683,-0.0868036,0.60575217,-0.6349964,0.3617676,-0.12235396,0.43969846
0.05628076,0.33075404,3.244101,0.43124238,-0.26906416,-0.6671695,0.02031396,2.430531,0.49247265,-0.68810207,1.7573658,-0.4040026,0.21028967,0.043331623
-0.038405772,4.8750167,-0.3249863,-0.269524,0.08756735,2.5068316,0.13878195,1.8644676,-0.024282398,-0.5206938,-0.7350462,0.71206206,-0.11182066,0.39706823
0.060016606,4.00731,2.2320576,0.38302985,0.26751417,-0.73936284,-0.020641917,2.176031,0.45380884,-0.5669683,1.6788795,-0.3867103,-0.0836865,0.27494383
-0.036733225,-5.625555,-0.98003125,0.39003286,0.047602277,0.2532824,0.18981698,-1.9803889,0.4099423,-0.6870853,-0.119532846,-0.45856917,-0.15324219,0.24965952
-0.030359002,-0.16521658,2.6900058,0.41178063,0.16741432,-0.45257512,-0.0778442,3.0473204,0.6764323,0.9738591,1.3978579,-0.3155545,-0.08453924,0.20870526
0.057664458,4.083485,2.0034072,0.36489043,0.25721285,0.2792129,-0.020641917,2.2120097,0.4861144,-0.5100003,1.5656055,-0.35219437,-0.084253475,0.27709788
0.077393666,5.092653,2.661187,0.3930808,0.28492433,0.6292689,0.18225287,-0.32001275,-0.19973303,-0.4549743,1.6472012,-0.34000528,-0.030041955,-0.09510823
0.05606805,-0.32372057,2.6437776,-0.32447293,0.16550967,-0.5004977,-0.07120991,3.123002,0.83339256,1.1726139,-0.6591315,0.57423353,0.35124108,-0.32915628
0.038651295,0.33825427,3.1362283,0.37581635,0.26800004,0.14335582,-0.0182542,2.5437987,0.50184816,-0.6114861,1.7334759,-0.35931876,-0.073491804,0.23735036
-0.04298876,-4.674611,-0.86276877,-0.22038776,0.28156435,-0.09603807,0.17331,-2.9823034,-0.64231056,0.59998906,-0.68606853,0.60675406,-0.13826007,-0.25674316
-0.039790325,3.8594072,2.6210487,0.35903496,0.23316164,-0.4931521,-0.021097837,2.029302,0.45721453,0.62775105,1.4697655,-0.36675128,-0.086393684,0.27162755
-0.04894613,4.110584,2.630271,-0.34477213,-0.48413122,-0.8935915,-0.024034467,2.0276334,0.5830771,-0.72292286,-0.33324477,0.83578783,-0.15310355,0.34964737
0.102705106,4.9759083,3.0958729,0.3150432,-0.27405185,-0.6126555,-0.05450885,-0.8074862,0.45197678,-0.5580762,0.9669334,0.3866002,-0.09126898,0.026984314
0.04479532,0.31271684,2.698972,0.31195942,0.2306837,1.3567914,0.020670855,2.391522,0.4879976,-0.5698337,1.3437802,-0.2346691,0.109574474,0.23655917
0.0608407,4.0250545,2.2164931,0.38703576,0.26610133,-0.4673122,-0.05238748,2.2100368,0.49742937,-0.56741375,1.6909032,-0.4075702,-0.0814233,0.050854277
-0.06500904,5.5063457,-0.18365075,0.35339248,0.21591404,2.5774739,-0.15740618,-0.53268415,-0.14725037,-0.06677574,1.2723101,-0.36417577,-0.08620683,0.08132949
0.060416993,3.996923,1.8336148,0.36630338,0.25791797,-0.8002524,-0.048550293,2.2134953,0.4950023,-0.5837464,1.5540451,-0.47567877,0.31315708,-0.007851724
0.067105964,4.8265634,-0.41874912,-0.19440383,0.12104897,2.711825,-0.15369947,1.7784266,-0.527827,-0.510393,-0.20376332,-0.48263225,0.4198068,0.38702166
0.060218457,4.110988,1.6206261,0.3580649,0.24982058,0.18513507,-0.048550293,2.2261608,0.50723845,-0.5278934,1.397742,-0.3921135,0.3142707,0.04222875
0.053457506,4.1267214,2.0481331,0.33536017,0.238043,1.4525967,0.07238772,1.7926104,0.42592677,-0.4626137,1.1920024,-0.31547195,-0.06648742,0.27070516
0.044576664,-0.21790384,2.3800004,0.40484276,-0.21841994,1.6057734,0.12509258,2.7168534,0.6832482,0.9009745,0.81191045,-0.22705431,-0.06094468,-0.26545128
0.060973827,4.799603,-0.40328845,-0.26400235,-0.32021108,2.386355,0.19107229,1.79737,0.48693913,-0.54273003,0.02010577,0.6073356,0.34798813,-0.37788463
0.04479532,0.36201477,2.7057676,0.33856624,0.249855,1.389305,-0.022843827,2.4060397,0.48804277,-0.5736075,1.3644733,-0.24556343,-0.058142614,0.23703401
0.0608407,4.033048,2.2285898,0.42873707,0.1287728,-0.46936372,0.19433005,2.1580698,0.51215917,-0.572608,1.7096562,-0.44670314,-0.08730422,0.049768675
0.05397981,4.092663,1.7217051,0.3381423,0.23906781,1.5731907,-0.020641917,1.9441651,0.46491262,-0.46763778,1.205656,-0.31649315,-0.06018853,0.27108255
0.04726157,-0.26333764,2.5479038,0.37838203,0.119035974,0.15600577,0.1372551,2.930001,0.7143836,0.8909112,1.3034678,-0.25239193,0.2566327,-0.07777048
0.05638246,0.37851375,3.2789972,0.46367672,-0.28122675,-0.48854193,-0.0182542,2.439381,0.49155733,-0.6943851,1.833491,-0.3756416,-0.0546393,0.24243775
-0.040408768,4.8899436,-0.40235922,-0.2477077,0.36319166,2.6300564,-0.080377415,1.8930416,-0.11335929,-0.5666158,-0.642035,0.70409936,-0.11245528,-0.40926424
-0.030681442,0.31437033,3.1092956,0.37602293,0.27715507,0.1445244,-0.03331296,2.5553594,0.48536405,-0.61145324,1.732041,-0.3888772,-0.08990846,0.23928212
0.0608407,4.0375476,2.2295127,0.3833184,0.26305223,-0.57129997,0.089632645,2.1860216,0.4685866,-0.567027,1.6939726,-0.3884236,-0.088508405,0.27972144
-0.03481625,-4.602848,-2.8607955,-0.30194578,-0.3360566,-0.63773024,-0.042756375,-0.544728,-0.48324934,-0.72354496,-0.71926486,0.68322307,-0.15264036,-0.27084342
-0.029650092,-0.2819565,2.3632674,-0.074733436,0.31348187,1.6393344,0.13769317,2.8030906,0.7245419,0.89696753,-0.037186638,0.52461356,-0.08434608,0.22403939
0.13546881,5.017434,2.7316036,0.43404728,-0.29037732,0.18637541,-0.05725012,-0.84544265,0.4736563,-0.5070337,1.7328994,-0.41267517,-0.0801517,-0.08965086
0.049047437,0.40760612,3.2880225,0.38426143,0.2780057,-0.63242555,-0.0182542,2.4862254,0.47428942,-0.6636295,1.768602,-0.31125966,-0.04469433,0.23662123
0.038272344,-0.24754651,2.6634166,-0.34749028,0.32937077,-0.75697136,0.13485825,3.0538213,0.7728791,1.2047716,-0.74517924,-0.5445503,0.42744407,0.26351035
-0.038551155,-4.7474823,-1.0137547,-0.03249857,0.19216499,-0.92124206,-0.11485847,-2.9442222,-0.2893497,0.73774093,-0.60476965,-0.7049119,-0.16452579,0.35423568
0.03846074,0.26151824,3.2015946,0.37826833,0.1682384,-0.3158016,-0.01199452,2.5285606,0.52212876,-0.64690316,1.6538898,0.29483804,-0.07562906,0.049830977
-0.038720883,4.9488583,-0.3431674,-0.27837664,0.27183878,2.6164515,0.18584953,1.8474286,-0.032181133,-0.52818584,-0.6606826,0.42123652,-0.12363188,0.40626755
0.060416993,4.034323,2.226796,0.3833184,0.26305223,-0.58496135,0.089632645,2.1810968,0.46697706,-0.567027,1.6954743,-0.4565195,-0.083830364,0.27795297
0.037048325,0.3468879,2.7062075,0.38479775,0.06255122,1.3972152,-0.0182542,2.408271,0.48804277,-0.5764577,1.3690937,-0.24910818,-0.062444802,0.2370394
0.0644974,4.057032,2.0241048,0.44810867,-0.25578648,0.3238827,-0.020641917,2.1453288,0.5201519,-0.5412196,1.6103286,-0.34241065,-0.08656522,0.05328451
0.04479532,0.3835799,2.707609,0.37590727,0.0628647,1.3937677,-0.022843827,2.3979259,0.51861167,-0.5839791,1.3567705,-0.30638433,-0.028783329,0.05153762
0.049549524,0.3863414,3.1572497,0.39368707,0.061568405,0.046081975,-0.025588594,2.5417988,0.5310465,-0.6086385,1.6084177,-0.28016937,0.2724704,-0.05274122
-0.029931204,0.32259423,3.1250994,0.079492256,0.28932124,0.27570933,-0.08647473,2.5472715,0.5028939,-0.60340106,1.7257414,-0.4268137,-0.09696281,0.23732105
0.03846074,0.3608073,3.1839836,0.29844457,0.27814922,-0.35984933,-0.02320072,2.568152,0.5233092,-0.6455935,1.6188118,0.41951284,-0.07164304,0.01345597
-0.036357787,-0.33661437,2.4996338,-0.39411333,-0.28937358,0.30782408,0.087642044,3.0610127,0.8275685,1.2112482,-0.7656373,-0.48845527,-0.14324033,0.2581919
0.067249924,4.0102415,1.8056551,0.48001903,-0.28165358,-0.8487485,-0.14645572,2.1281364,0.44440174,-0.63925636,1.7399061,-0.4403233,-0.093401894,0.27762064
0.056995224,4.192833,1.5853707,0.22288471,0.24641983,0.29289475,0.18826844,2.1864784,0.47835812,-0.4860552,1.2253631,0.46117982,0.28737974,0.32131425
-0.047206562,5.3550034,-0.31307313,0.38076732,-0.23533836,2.7708585,-0.033200983,0.23503904,0.4421638,0.5845654,0.75591284,-0.3461663,-0.0872679,0.3218104
0.054617908,4.661233,-0.9622175,-0.09938294,0.36460638,-1.3385458,-0.03422093,2.0439699,0.56803,-0.63672334,-0.70325285,0.9002591,0.46385884,0.44965443
0.057491902,4.1155677,1.8729885,0.27927977,0.23139726,0.5520252,-0.023743581,2.2263787,0.4927116,-0.45465007,1.2402017,0.3118423,0.2776158,-0.109547175
0.05397981,4.1146617,1.7196846,0.32603732,0.23906781,1.5712371,0.07238772,1.9303094,0.4648195,-0.4669522,1.2067368,-0.30561998,-0.06018853,0.27108255
-0.036107052,-0.15282036,2.5036938,0.42801458,-0.32216367,0.51265943,-0.03908364,3.0703654,0.7071557,0.9332471,1.3377323,-0.25346223,-0.08729422,-0.2695747
-0.029293772,0.22320564,2.6162815,0.3104555,0.10187696,1.2920364,0.11282043,2.3816507,0.50165313,-0.5814984,1.2911942,0.3721672,-0.06941552,-0.049955007
-0.043370318,4.0762496,2.709698,0.44278196,0.2609526,-0.71497416,-0.0072712554,2.0293238,-0.7698533,-0.13173985,1.6479073,-0.38162366,-0.09455532,-0.074804775
0.07669115,5.424099,-0.2813282,0.3087708,-0.20428066,2.6499536,0.06451039,0.19895642,0.4183142,0.5573286,0.651115,-0.32617158,0.28229254,0.31518316
0.060416993,4.020432,1.8404717,0.40622786,0.27257013,-0.8088073,-0.059019428,2.2125776,0.46260694,-0.60884666,1.7139999,-0.42676467,-0.091650255,0.2797147
0.057664458,4.084027,2.0034072,0.36526135,0.25721285,0.27871126,-0.020641917,2.2047994,0.48620757,-0.5100589,1.5652536,-0.35238063,-0.07647639,0.27662376
0.14507112,5.459497,-0.350539,0.11869868,-0.23015875,0.4346918,-0.15200062,-0.67792714,0.66036505,0.6961725,-0.2173096,0.6707513,0.39942032,0.36470887
-0.03107045,-0.3465488,2.6218638,0.12513718,0.19596729,0.12969318,0.1268869,3.2308092,0.86279833,1.0552483,-0.08670306,0.5537639,-0.10056782,-0.2843803
0.0608407,4.1305685,2.0536072,0.42668638,0.22257058,0.07114726,0.07238772,2.1698945,0.48551032,-0.5348115,1.6319906,-0.37513912,-0.08009501,0.27636528
0.04818962,0.34261352,2.945069,0.38210815,0.05913235,0.89342034,-0.0182542,2.497267,0.49372005,-0.5840816,1.531378,-0.31417316,-0.051954124,0.2380728
0.037434176,-0.18955667,2.7146463,0.4153075,0.057547234,-0.3264998,-0.0030594147,3.0898407,0.6991821,1.0054551,0.95766336,-0.3020135,-0.0716758,0.24322179
0.071370274,4.653876,-0.90251863,0.44451675,0.2649191,-1.2224944,0.20159687,1.9733479,-0.15565044,-0.61061215,1.5722237,-0.4412692,0.34058434,-0.033580832
0.04822882,-1.6693816,-1.1600964,-0.22492243,0.0053980807,-0.04100924,-0.06866543,-4.329881,-0.8266745,0.5383265,-0.87610215,0.5402166,0.47352442,-0.3196666
0.0608407,4.0811076,2.174756,0.36147553,0.2673442,-0.53853095,0.19397315,2.1749153,0.4502947,-0.55663776,1.5687288,0.055773668,-0.08251371,0.28397548
-0.029889572,0.34585088,3.0450459,0.38843143,0.07238423,0.5559941,0.13986836,2.5187526,0.5246173,-0.6050889,1.7042688,-0.25525594,-0.08574918,-0.06932961
-0.036243267,-3.7647767,-2.4887917,-0.2287855,-0.2338264,-0.75498533,-0.123490706,-2.5195374,-0.6027083,0.7034393,-0.6291248,0.62204134,-0.14024682,-0.22850007
0.046347804,-0.28276533,2.373367,0.109867245,0.22975512,1.7408131,0.12594679,2.745826,0.65711147,0.8770871,0.0979103,-0.39812526,0.2988926,0.20804614
-0.11213164,3.9629424,-4.3728976,-0.26693642,-0.31547236,-0.03240376,-0.15562712,-1.8971312,0.5239668,-0.6572883,-0.69062513,0.7605203,-0.17663631,-0.42957866
-0.042222355,-6.0366774,-0.905395,-0.22105944,0.36389652,0.19894214,0.11814867,-0.9608751,-0.1650751,-0.6572729,-0.7214559,0.69806033,-0.1367669,-0.31054425
0.036947906,-0.12849058,2.55735,0.3736307,0.20824875,0.153568,-0.07617635,3.0229297,0.7239138,0.8953902,1.4066248,-0.2681196,-0.06865115,-0.07253849
0.051238555,0.3388443,2.7057981,0.41798156,-0.21713638,1.4252974,-0.020600978,2.3468611,0.48834416,-0.602597,1.3684345,-0.24134271,-0.033568535,0.2687549
-0.029690161,0.28453028,2.6474829,0.27275965,0.25835988,1.2948464,-0.0783918,2.4540682,0.5113179,-0.5741515,1.2683975,0.39710844,-0.06932585,-0.34756806
0.049549524,0.34445792,3.2279696,0.35112408,0.25782502,-0.42900187,0.13986836,2.488654,0.50263727,-0.6485469,1.653412,-0.39583886,0.28236416,-0.05566368
-0.04932817,-5.052054,-1.0536711,-0.26604447,-0.295483,-0.9885287,0.1899241,-1.8700434,-0.3086904,-0.7214307,-0.6737755,0.6882191,-0.17131846,-0.2892023
0.059894685,4.01394,2.7121727,0.42308512,0.073375,-0.75208503,-0.048550293,1.9286816,0.4098243,-0.55502754,1.6510286,-0.392775,-0.078313865,0.2737165
0.04440562,0.31425905,2.703303,0.33856624,0.249855,1.3850248,0.018324073,2.3995154,0.48805666,-0.5736075,1.3591098,-0.24537106,-0.058464352,0.26779598
0.063802525,4.083611,2.418281,0.43569076,-0.23755546,0.6585997,-0.059019428,1.8544738,0.445838,-0.5122461,1.5483425,-0.33795792,-0.08164941,0.27292964
-0.030522678,0.43208325,3.2783482,0.38279754,0.28340495,-0.6643696,-0.03565974,2.5257943,0.4811743,-0.6641745,1.8019733,-0.38147825,-0.09599242,0.27489778
0.05508929,0.3413061,3.138932,0.14975226,-0.26079935,0.21936592,-0.011637626,2.4754126,0.5511541,-0.62814516,1.5849683,-0.29997593,0.34800655,0.0159842
0.05532604,3.9094083,2.68687,-0.36973,-0.31291792,-0.7595258,-0.23853217,2.0329971,-0.22836892,0.8256631,-0.14130118,0.2300526,0.44492382,0.32190853
0.051563825,4.0239024,2.512326,0.39423847,0.22249088,0.1168929,0.19723557,2.0681279,-0.2685312,0.56194246,0.89069396,-0.36816087,-0.070027836,-0.028113155
0.045749642,-1.8998774,-1.4511099,0.2824393,0.20285545,-0.866777,-0.10395899,-4.1183076,-0.89038295,0.74411607,-0.7566438,-0.46178097,-0.13952674,-0.29478347
0.06042305,4.1313705,1.4560628,0.4252249,-0.21575226,1.7033153,0.07004095,1.8871698,0.46736175,-0.5235005,1.2300061,-0.3298271,-0.06721095,0.31111282
0.059549216,4.127585,1.6361939,0.39195195,0.26226887,0.17428932,0.18862532,2.1852267,0.48708612,-0.5514163,1.5890996,-0.39127472,-0.080506966,0.3118732
-0.03697102,-0.33565038,2.5345917,-0.30731544,-0.32951465,0.0685823,-0.040127415,3.151598,0.8235033,1.1393099,-0.26451778,0.6462051,-0.12077938,0.22964194
0.044832993,0.3746454,2.693759,0.3129632,0.22667015,1.3255869,-0.014382394,2.4199517,0.5156644,-0.5711311,1.2694284,-0.29521626,0.21327722,-0.07146449
-0.03767641,-4.6189485,-2.8682594,0.11712002,-0.24332123,0.14446515,0.12140337,-1.1944019,-0.27223924,-0.7513019,-0.10460245,-0.48667577,-0.1618684,-0.2427235
0.05833902,4.8316655,3.117407,0.4053518,0.2838537,-0.746487,-0.028747642,-0.044906903,0.47083363,-0.5538734,1.1634773,-0.412725,-0.082456574,-0.422423
0.054277975,4.1251407,1.594835,0.43357253,-0.29870856,0.24994645,-0.05125396,2.184743,0.47784147,-0.56793433,1.5194337,0.15209529,-0.0913457,0.3270237
0.05397981,4.068616,1.7216587,0.32954806,0.23999019,1.5649862,-0.0034176675,1.9728476,0.4931923,-0.47067693,1.2108351,-0.30263245,-0.0603324,-0.08140857
0.052303296,-0.17383285,2.7421846,0.04417053,0.22630732,-0.6807565,-0.025400344,3.0658245,0.72432905,1.1162473,-0.1464807,-0.5439002,0.41163862,0.25251576
0.057664458,4.063255,2.0150647,0.4116222,0.062208835,0.2724058,-0.020641917,2.2314992,0.5161041,-0.5184001,1.5702419,-0.3496791,-0.07662025,-0.010979588
0.05397981,4.16165,1.4353807,0.33376092,0.24635075,1.6644218,0.022342801,1.9523519,0.44825777,-0.49273992,1.1987137,-0.3474319,-0.05340678,0.2759319
-0.04376945,4.1502924,1.592129,0.42082503,-0.25138244,1.1494347,0.19162638,2.1089964,0.4516152,-0.5261734,1.4023464,-0.23960309,-0.08759502,0.31859422
0.060218457,4.0717688,2.026564,0.38499716,0.25813523,0.18265113,0.022699695,2.2245703,0.52016735,-0.51929384,1.5763601,-0.36962566,-0.087795466,0.044368453
-0.07932976,5.382212,-0.2160861,0.2693079,0.14885803,3.4393544,-0.07344081,-1.9800348,-0.14063567,0.56722444,-0.23055208,-0.45339373,-0.14619675,0.114557944
-0.03612863,-0.3792358,2.4755445,-0.3175992,-0.33975935,0.17381977,-0.031191908,3.1419427,0.83780247,1.1146306,-0.75555,0.61596245,-0.120814234,0.2728948
0.053204905,4.141525,2.0648057,0.38270986,0.25948527,1.4685307,0.19433005,1.7085347,0.448692,-0.47148904,1.2018791,-0.3111941,-0.058854196,-0.009470041
0.05397981,4.129111,1.7332135,0.3751316,0.1860606,1.5824597,0.089632645,1.9127617,0.49175802,-0.4887248,1.2247748,-0.30244404,-0.0603324,-0.01210909
0.06072123,4.731078,-0.4692805,0.14173639,-0.29217517,2.9803395,0.19725452,1.7120774,-0.10040492,-0.6434459,-0.052686922,-0.5708795,-0.078458235,-0.3816528
0.053652953,4.918464,-0.374357,-0.23369381,0.3374794,2.4747076,-0.069908276,1.9137094,-0.1300025,-0.5048988,-0.56989473,0.5796727,0.34776798,-0.39286715
-0.031832032,-0.19599713,2.586864,-0.33070982,0.33136758,0.069612555,-0.06950846,3.2336419,0.88799256,1.233893,-0.7739085,-0.42478305,-0.13118896,-0.28407097
0.059257675,4.1008234,2.8170018,0.4307475,-0.295703,-0.6452815,0.19000134,1.9813081,-0.58245283,-0.6036391,1.1876398,-0.43985838,-0.1026912,-0.3720849
0.060416993,3.9819784,2.2471542,0.4033963,0.23605196,-0.59112114,-0.048550293,2.2356496,0.49908122,-0.57143724,1.6968801,-0.39233968,-0.088652276,0.0010098272
0.09146546,4.958705,2.9123087,-0.22357324,0.31147018,-0.5782634,0.17740794,0.14644453,-0.2518109,0.6762386,-0.6667445,0.6695866,0.38847992,0.4375565
-0.034329075,-1.3352621,-3.3740728,-0.27257708,0.27666965,-0.89144415,0.19043511,-3.526653,-0.6418824,0.7205467,-0.83165884,-0.57195634,-0.16839826,0.32452053
-0.042539455,-6.3019094,-1.5999429,-0.38806558,-0.3549563,-1.330311,-0.12197243,1.6269693,0.4188175,-0.99720126,-0.36155847,-0.66395867,-0.17772746,-0.29698837
-0.038371287,-1.874878,-3.367952,-0.2634221,-0.24077778,-0.80423987,-0.105136715,-2.980005,-0.43540156,0.78898156,-0.6967025,0.6233481,-0.14086694,-0.27013695
0.053393032,4.5472336,-0.41100976,0.41799414,-0.23980822,2.0239277,0.19677147,1.7571197,0.4511047,0.64634466,1.1425312,-0.3387087,-0.06206697,-0.070530094
-0.0451132,-4.289328,-1.0778786,-0.2663992,-0.23580599,-0.8229781,-0.06973188,-2.8326542,-0.6769584,0.7407232,-0.69601995,-0.4808167,-0.17413014,-0.2538325
0.049805094,0.33070195,3.2880137,0.22572672,0.25625014,-0.6287664,0.12721585,2.4468277,0.50918525,-0.66268325,1.6163887,-0.31771967,0.33281904,-0.37338734
-0.029710962,-0.1935211,2.582944,0.36508027,0.23974355,0.2279305,-0.00071263453,3.1343353,0.7467606,0.93463945,0.928426,-0.27126753,-0.08571554,-0.06286367
0.059347365,4.072582,1.7949724,0.3343212,0.2570742,-0.7098599,-0.055091146,2.1974542,0.44322076,-0.566206,1.3579497,0.07275215,0.32935312,0.3206699
-0.035808895,0.24984272,3.077903,0.44272247,-0.25156945,0.32467544,0.13050987,2.4478195,0.47974434,-0.6297415,1.7640822,-0.3783633,-0.097734354,0.24203728
0.0608407,4.0270805,2.228598,0.38682917,0.2639746,-0.42013285,0.19433005,2.1628065,0.51462835,-0.5601125,1.7046834,-0.3768939,-0.08730422,0.051203307
-0.03278864,-4.952962,-3.6958594,-0.3741812,-0.32991874,-1.0294365,-0.08725105,1.4532677,0.4164816,-0.9903752,-0.29593784,-0.6505971,-0.17211914,-0.22508991
-0.04363518,-4.7663226,-0.79347724,-0.22726199,-0.22819692,1.3683184,-0.10395814,-2.9478993,-0.6156956,0.6044925,-0.62327194,-0.40991563,-0.13301332,-0.23994929
0.04726595,0.37034112,2.9351118,0.34145102,0.25016847,0.9143095,-0.0182542,2.5202312,0.52480865,-0.58629274,1.513533,-0.4479128,-0.058444593,0.0152217075
-0.030460408,0.34337902,3.1578147,0.29485297,0.28323498,-0.4370271,-0.036016636,2.5620189,0.47911295,-0.64044124,1.5865737,0.47907072,-0.08674666,0.28421882
-0.03447175,-3.9698734,-2.4774904,-0.22077571,-0.20523082,0.39989582,-0.103949346,-2.5757654,-0.61501753,0.60255605,-0.62783164,0.4924081,-0.1300786,-0.22785607
0.038062043,0.22578754,3.043349,0.28939372,0.27771097,0.040191606,0.1278062,2.522593,0.48585182,-0.5896719,1.5560758,0.46367604,-0.035121378,0.28205958
-0.03554259,-0.36027688,2.258984,-0.3014541,-0.32542458,1.7139597,-0.030806944,2.7460804,0.73030096,0.9779732,-0.5822127,0.47432694,-0.096338585,0.26333043
0.06705139,4.068318,2.0310678,0.46610504,-0.25480768,0.18536466,-0.020641917,2.1544578,0.48698932,-0.5471837,1.6165718,-0.37144485,-0.08981947,0.27454358
-0.030998845,-0.29220927,2.5993578,-0.34182763,0.09718058,-0.51011956,-0.026874343,3.1775067,0.82174724,1.2108964,-0.7894369,0.6921913,-0.11169036,0.27641222
-0.038686242,4.7861657,-0.46179923,-0.17944355,0.3175222,2.8383496,0.1788322,1.8635913,0.47522438,-0.50976527,-0.22446465,-0.5282256,-0.13034537,0.34945893
-0.033710252,-4.716344,-3.0272272,-0.25761738,-0.3356913,-0.9949164,-0.042292293,-0.44747266,-0.17639461,-0.82229996,-0.38633123,-0.6361824,-0.17997827,-0.25708807
-0.03687887,-0.41007763,2.4575186,-0.3580617,-0.3089215,0.054670908,0.055917576,3.1045268,0.8331957,1.1639204,-0.7764909,0.6296887,-0.12300366,0.2716876
0.05397981,4.099829,1.7058549,0.32960442,0.24221714,1.5692384,-0.048550293,1.9560404,0.4768343,-0.47050884,1.1970265,-0.3290146,-0.067825176,0.046732437
-0.03067911,0.23939557,3.0515375,0.29826117,0.24994558,0.088590294,0.13216217,2.5412655,0.4939899,-0.59034276,1.5792127,0.4537292,-0.0820702,0.24872169
0.05857375,-0.3128711,2.5782564,0.34983063,-0.1610172,0.44390428,0.12487772,3.120696,0.7399968,0.92554194,0.53637797,0.26757014,0.2874701,-0.27410245
-0.029293772,0.32334447,2.6958327,0.33255142,0.25525427,1.3927308,0.14261314,2.3787382,0.48631892,-0.5731251,1.369036,-0.24004556,-0.075618275,0.23756982
0.045832988,0.18434085,3.0132015,0.2527712,-0.2552378,0.26449656,0.09174603,2.476027,0.52916765,-0.6301941,1.5987358,0.4636554,-0.046968892,-0.35674784
0.056995224,4.193239,1.5819801,0.25769344,0.24641983,0.28665945,0.18826844,2.1857817,0.47813782,-0.485417,1.2186238,0.5088743,0.2744073,0.3214337
0.05397981,4.122179,1.4544913,0.34394357,0.24770777,1.67607,0.18423596,1.9044073,0.49802205,-0.49734887,1.212106,-0.32624775,-0.053834956,0.043227926
0.043663442,-0.23097451,2.5259006,0.4110698,-0.21819672,0.7974996,0.12580477,2.9473546,0.6845579,0.894791,1.2701895,-0.2426322,-0.06659666,0.036835823
0.05606805,-0.16922046,2.7069864,0.048967745,0.24311559,-0.05123152,-0.023765747,3.2014403,0.81365323,1.0972048,-0.17500739,-0.38995904,0.40573695,-0.28278446
0.037236106,-0.22168122,2.7462244,0.4213748,0.13231733,-0.503296,0.12580477,3.0702019,0.7168858,1.0658602,0.88469034,-0.3134766,-0.07194624,-0.014227292
-0.113185465,3.4614818,-0.88984233,-0.30447167,-0.24909237,-1.1784451,-0.08411629,-4.8012614,-1.1111555,0.6378698,-1.0352882,-0.6211622,-0.21942322,-0.42557612
-0.031818356,-0.18402503,2.6743085,-0.2793843,0.34967792,-0.5428811,-0.2007566,3.220909,0.8442275,1.2423217,-0.19273478,0.6783846,-0.10920006,-0.3276623
-0.09344074,4.874915,3.2049353,0.2892166,0.08557592,-0.9606193,0.17913856,-0.7834385,0.4300706,-0.6286219,-0.38132888,-0.5724522,-0.17225929,0.36435056
-0.03699437,-0.20487453,2.519173,-0.36003715,-0.31122988,0.9133865,-0.07085302,3.1048112,0.8177443,1.1957068,-0.68729484,-0.3673839,-0.12552007,-0.2795691
0.037167713,-0.3314094,2.247059,-0.31501934,0.30688223,1.5792547,-0.17681144,2.8124566,0.72519344,0.9235693,-0.637011,0.46783626,0.27808863,0.27185538
0.06354487,4.8493185,-0.40758833,-0.3174662,-0.33652166,2.6702418,0.192043,1.692778,-0.23120822,-0.55363923,-0.79252535,0.37476367,0.40713805,-0.42079586
-0.0363167,-3.8292024,-2.5092602,0.07143606,-0.19647393,-0.75803685,-0.069750525,-2.5673363,-0.60295904,0.68967515,-0.5978408,0.55621964,-0.13867022,-0.22603196
0.05397981,4.0940943,1.7196846,0.32592225,0.23906781,1.5711222,-0.020641917,1.9463284,0.46533057,-0.4669217,1.2074763,-0.37542924,-0.06018853,0.27139732
0.04806561,4.7120576,-0.5758254,0.3737241,0.24656017,1.1276182,-0.058905758,2.0086935,0.45220634,-0.50195336,1.5795789,-0.39390707,-0.07050876,0.026613051
0.10428566,5.1712823,2.0699394,0.073171616,0.22588456,1.9005072,-0.15062304,-0.62927556,-0.5874975,-0.4338199,-0.13194028,0.53101635,0.33364812,0.0775476
0.057491902,4.0825562,1.9435228,0.34375134,0.2431881,0.6311521,-0.059019428,2.1752305,0.4759268,-0.49315488,1.540526,-0.33164755,-0.07406274,0.27385247
0.084947586,5.0143156,2.8515227,0.46622044,-0.21934848,-0.027756857,-0.010207553,0.08969551,-0.5920724,-0.4886616,1.8307985,-0.36475873,-0.0824536,0.047989246
0.051044613,5.082737,2.6639826,0.35457817,0.23777813,0.83322,0.19727358,-0.008027255,-0.19413917,-0.46502826,0.9917611,-0.3351358,-0.06744913,-0.09897693
0.05397981,4.117778,1.7066082,0.32960442,0.24058811,1.5594604,0.07238772,1.9572327,0.4745648,-0.47050884,1.1973861,-0.34045354,-0.060048085,-0.08150949
0.04825804,0.25609028,3.12905,-0.1397445,0.32676294,0.14548871,0.035569,2.4990928,0.50714475,-0.6016684,1.5400074,-0.4422913,0.32934293,0.276057
0.059267994,3.980743,2.7302265,0.39866593,0.26856714,-0.74741954,-0.059019428,1.9321121,0.5304111,-0.5537008,1.6351829,-0.39156246,-0.08253794,0.0038757075
0.060218457,4.129498,1.9091339,0.25823918,0.24136384,0.19131684,-0.048907183,2.2285643,0.4773687,-0.47091317,1.251543,0.47090337,0.26460195,0.2769347
-0.034272514,-4.0686693,-2.6158516,-0.20981993,0.14292635,-0.6212847,-0.10496103,-2.4662719,-0.21525125,0.76393974,-0.58757484,0.60821736,-0.12910563,-0.23501703
0.057491902,4.137415,1.5975914,0.33019358,0.23688887,0.6334528,0.18423596,2.1295435,0.47930244,-0.51275223,1.4805167,-0.34661937,0.17456456,0.27830076
0.056273114,4.8032813,-0.45486555,0.24824625,0.2338609,2.318433,0.17832671,1.701228,0.42347705,-0.49329275,0.6941743,-0.37173304,0.2828938,0.33259338
0.08057447,5.5287538,-0.1906967,0.40564093,-0.24066932,2.745763,-0.063148774,-0.17864428,-0.04861548,-0.49560565,0.81535023,-0.32485712,0.26321527,0.3687721
0.06022871,4.7562976,-0.6329741,0.359048,0.241598,0.363781,0.022564419,1.9973093,0.42885792,-0.5251519,1.5096421,-0.49466282,0.2919005,0.3787927
-0.04619554,3.948539,2.5469897,0.20246181,-0.30705276,-0.3881608,-0.05222944,2.110927,-0.18511197,0.69347423,1.2535276,0.5638957,-0.092160694,-0.021671323
-0.070965245,5.5725727,-0.19286998,0.4334401,-0.24558696,2.9148803,0.19922502,-0.6345088,-0.10938527,-0.50320256,0.94921654,-0.388009,-0.09751304,0.4203593
0.05397981,4.097894,1.7196182,0.32603732,0.23906781,1.5712698,-0.0034176675,1.9507482,0.46533057,-0.4669522,1.2079214,-0.3753193,-0.06482378,0.27108255
-0.030914221,-0.3746963,2.5484743,-0.25776416,0.34379995,0.05619429,0.12278305,3.1784825,0.8073275,1.0916796,-0.21827263,0.6527341,-0.10860111,0.26703757
0.05974775,4.0193934,1.8308425,0.3683349,0.254334,-0.80331266,-0.05089707,2.1850529,0.46198723,-0.58064866,1.531855,-0.40770355,0.3137985,0.31703538
-0.04283881,4.144206,2.044543,0.19097388,-0.25771233,1.5388143,0.034909774,1.8371898,0.46810693,-0.4294315,0.7336622,0.45350564,-0.08222942,0.047899056
0.060016606,4.028381,2.236768,0.38914916,0.26751417,-0.7394577,0.18423596,2.1250036,0.45390198,-0.56771255,1.6745715,-0.3955445,-0.0836865,0.27446967
0.096666664,5.000323,2.706793,0.35329518,0.20474851,0.342806,-0.02624358,-0.69563293,0.4704235,-0.46872827,1.6768801,-0.34302372,-0.066308424,-0.0684196
-0.029326534,-0.2143641,2.40069,0.3193584,0.22613704,1.5900407,0.015965747,2.795066,0.68368626,0.8429648,0.73596025,-0.30969784,-0.071695685,-0.013121026
0.058148902,4.335185,2.3603425,-0.3030633,0.32909095,0.28261438,-0.027463397,2.0744393,-0.050153833,-0.09413735,-0.566573,0.64442974,0.36564255,0.40186134
0.03748169,-0.17420577,2.401921,0.31342095,0.22095288,1.5714645,-0.023671485,2.820628,0.6871415,0.8594811,0.78211856,-0.23002504,-0.0553864,-0.26460254
0.08002114,4.858309,2.97647,0.35930082,0.2241607,-0.57205,-0.024226246,-0.2624932,0.46811754,-0.5529896,1.7947552,-0.38256192,-0.0751884,0.013413966
-0.040676072,4.0065637,2.2093356,0.38703576,0.27312964,-0.58420473,-0.048907183,2.2767596,0.4832291,-0.56631815,1.6937438,-0.27988622,-0.10302012,0.052433446
0.057664458,4.1331763,1.6358439,0.35099712,0.24403264,0.3099804,0.07238772,2.189503,0.49033704,-0.5222611,1.4274123,-0.35805902,0.2869499,0.28068388
-0.037214674,-4.218453,-2.833729,0.35893816,0.19013849,-0.7984826,-0.071240254,-1.8267447,-0.26044106,0.7349199,0.7858727,-0.3458652,-0.10100434,-0.22180589
0.060179014,4.124422,2.058628,0.41466042,-0.2066604,1.4859546,0.18423596,1.6888231,0.4378892,-0.49157262,1.1969565,-0.31144363,-0.03410687,0.27222645
-0.029293772,0.39552653,2.7034113,0.34001413,0.25556776,1.3856791,-0.0182542,2.4352646,0.51892364,-0.5814981,1.3717926,-0.24167968,-0.07576214,-0.045905173
-0.037670743,-4.3098874,-2.7831857,-0.19391367,0.15797758,-0.619997,-0.11376182,-1.8118842,-0.22520788,0.76472807,-0.19396843,0.3901059,-0.1338498,0.009065416
0.096666664,4.983335,2.7054274,0.34269077,0.23211169,0.3550713,-0.028988348,-0.7327985,0.49097875,-0.49002787,1.6774755,-0.34302372,-0.066308424,-0.10592725
-0.035808895,0.32474637,3.1179066,0.44737008,-0.27956304,0.2745497,0.14261314,2.4585812,0.5323037,-0.64132047,1.7791072,-0.3383731,-0.09810779,0.017236348
0.03784483,-0.12272337,2.712524,0.03471656,0.2379088,-0.050171413,-0.028355375,3.237014,0.84465814,1.1228187,-0.07564705,-0.426494,-0.07170691,-0.2832833
-0.037616804,4.13543,2.617812,0.19332016,0.27677432,0.27558213,-0.06222498,2.035323,-0.09916896,-0.5244918,0.97448325,-0.49854067,-0.1067471,0.3141364
0.047127873,4.1505885,2.4600036,0.3867348,0.25805345,0.27535015,0.19217594,1.9056693,-0.10520005,-0.5093815,1.537672,-0.3670924,-0.072139464,0.35078806
-0.11231591,4.860225,2.8933897,-0.14461096,0.29748788,-0.16504768,-0.07631173,-1.5557373,0.54211044,0.5625579,-0.2528605,0.6566608,-0.14404942,0.43981352
0.060016606,4.062823,1.8047129,0.40089223,0.27632585,-0.77421355,-0.020641917,2.1830642,0.43988618,-0.6076418,1.669129,-0.43461597,-0.050280865,0.28024745
0.05397981,4.068508,1.7289097,0.33616117,0.23999019,1.5766354,-0.059019428,1.9462836,0.4954618,-0.47136256,1.208114,-0.31000713,-0.0603324,0.04627389
0.05397981,4.094128,1.7200782,0.32603732,0.23906781,1.5701466,-0.020641917,1.9391655,0.46486744,-0.4669522,1.1892934,-0.30540463,-0.028884389,0.27092248
-0.029874638,0.3113801,3.1311104,0.3723483,0.2733993,0.27349997,0.018324073,2.540674,0.5046,-0.6035349,1.7133068,-0.2835354,-0.08865141,0.27689555
-0.029260833,0.32300782,2.700778,0.31839526,0.25525427,1.3952925,0.018324073,2.4128954,0.49076325,-0.57425475,1.3671707,-0.3099656,-0.077331,0.26851776
0.06319949,4.0466924,2.353494,-0.11648862,0.28150287,0.48315433,-0.15047033,2.144281,-0.258307,0.51974463,-0.019382918,0.5399574,0.32412544,0.3040802
-0.0653916,5.505178,-0.23125665,0.3024887,0.09524422,3.370086,-0.06513286,-0.53776544,-0.12024641,-0.4837203,-0.019352285,-0.46475306,-0.13053231,0.0071944706
-0.029285196,0.17211293,2.6166165,-0.12346938,0.18099852,1.337867,0.03449872,2.3718884,0.50260997,-0.570042,1.2131736,0.46176672,-0.0738539,0.2700193
0.05638246,0.30840147,3.2419941,0.4622918,-0.28143522,-0.0793283,0.13050987,2.4237638,0.53030777,-0.6537946,1.8298289,-0.28987342,-0.08390461,0.049603302
0.13186656,4.731531,3.2178106,0.3964528,0.2769697,-1.0332447,0.25728682,-2.6615725,-0.17332992,-0.60900426,-0.35937062,-0.53141785,-0.14259006,-0.49756277
0.08044486,4.891424,2.9681022,0.35391918,0.23530719,-0.5234004,0.073610194,-0.27256837,0.47170871,-0.53186256,1.8001003,-0.37276483,-0.0751884,0.010547474
0.049447816,0.42019397,3.291422,0.38588274,0.27831915,-0.6469425,-0.0182542,2.5108583,0.51200724,-0.67134494,1.8041112,-0.379288,-0.07068837,0.046527307
0.056530852,4.7104564,-0.4419023,0.3487928,0.21935134,2.1159525,-0.0693749,1.7526758,0.44371256,-0.4977197,1.2230896,-0.35429975,0.03220888,-0.07408472
-0.03826316,4.7638273,-0.47708896,-0.18474546,0.28861696,2.8961363,-0.15168965,1.8184869,0.475142,-0.5611516,-0.24526851,-0.5291191,-0.13119483,0.3579108
0.03360158,-4.779539,-2.9498174,-0.30857906,-0.29387158,-0.83854663,-0.11190362,-0.483996,-0.13677187,-0.7189167,-0.63754123,0.6867363,0.49548757,-0.26528835
0.057491902,4.0906873,1.946983,0.3472621,0.24411048,0.63012075,0.18423596,2.1566563,0.5032884,-0.49687967,1.5442903,-0.32728016,-0.07884186,-0.011258002
0.037048325,0.398147,2.7023418,0.33399928,0.25016847,1.3817977,-0.03605773,2.4339576,0.51623863,-0.58060926,1.3724699,-0.2350399,-0.06258867,-0.06623309
0.05604476,-0.1445028,2.6949449,0.42370763,-0.26464418,-0.66936946,-0.027548932,2.9908216,0.6793795,1.024792,0.8897354,-0.29779446,0.30536956,0.20592068
0.053995047,4.1775894,2.3804169,-0.32074276,-0.24233924,0.19286689,0.1951057,1.9808719,-0.24569409,0.6027064,-0.5977896,0.5986418,0.39009017,0.38445747
0.0608407,4.0067425,2.235706,0.38545814,0.2639746,-0.39192253,0.035266664,2.24944,0.5166968,-0.55917966,1.697641,-0.37427884,-0.090446055,-0.07106876
0.04434494,-0.32739854,2.5633953,-0.3397241,-0.2845305,-0.68154854,0.055917576,3.0192757,0.7763094,1.1682949,-0.7710442,0.62324196,0.39876235,0.2765559
0.048256353,0.24510492,2.9932477,-0.048125252,0.32857522,0.23944403,0.14225625,2.5055559,0.51211107,-0.5670598,1.4195391,0.48230594,0.2662382,0.24668129
0.060416993,4.0829167,1.8387132,0.4157347,0.2587946,-0.78878546,0.035266664,2.1489394,0.46213895,-0.5818385,1.5264444,-0.41221943,0.3298682,0.27924788
0.046526294,4.804546,-0.4424899,0.06360043,0.25133258,2.4351602,0.19450375,1.7678936,0.43147212,-0.5020477,0.78590363,-0.41140813,0.02870068,0.32783008
0.04479532,0.27793348,2.631167,0.251102,0.23957652,1.2303067,-0.018611096,2.4160514,0.47436503,-0.54493713,1.1724555,0.37877208,0.21657145,0.24115549
0.07206535,-4.106488,-2.5426245,-0.16616932,0.011536608,-0.014728319,0.17333192,-2.58715,-0.5496121,0.5567468,-0.5863307,0.50493205,0.39919585,-0.22767949
0.060218457,4.102211,1.9931549,0.3747914,0.25933957,0.18199459,-0.048550293,2.2171729,0.4679395,-0.514247,1.5616298,-0.39358345,-0.07881549,0.27439514
0.03691229,0.29484797,2.630336,0.09559178,0.25174278,1.24802,-0.0255475,2.4195228,0.5005859,-0.5475462,1.1740317,0.4247375,0.20557553,0.2733297
0.049328204,4.0826993,1.7988367,0.40089223,0.27632585,-0.8069689,0.19433005,2.166274,0.4396637,-0.6076418,1.7059019,-0.43580276,-0.087449394,0.28045613
0.084196985,4.076208,2.7189817,-0.14486884,-0.29710925,-0.43285805,-0.14760399,1.9768171,0.53903663,-0.092494525,-0.21122533,0.50557864,0.44497448,0.28774345
0.069833696,4.0489116,2.817588,-0.19156432,-0.3111298,-0.71871907,-0.15035363,1.8474045,-0.13929036,-0.61249244,0.7133954,0.20914513,0.44322246,0.004103245
-0.029817408,0.24850477,2.929631,0.18631321,0.16642952,0.9306833,0.110830545,2.4414032,0.49996257,-0.5906784,1.5349609,-0.34692127,-0.083493784,0.273938
0.060416993,4.030034,2.2490911,0.42873707,0.25510365,-0.57488173,-0.020641917,2.192897,0.50205195,-0.5798879,1.6933926,-0.38454005,-0.060836274,0.00015262677
0.060016606,4.00731,2.2347746,0.3833184,0.26751417,-0.73950094,-0.020641917,2.1763198,0.45390198,-0.567027,1.6778767,-0.3884236,-0.0836865,0.27446967
0.03720235,-0.2290001,2.3801033,0.0730193,0.24130188,1.6211735,-0.07283836,2.820385,0.71873695,0.8778463,-0.0044510216,0.45021865,0.021287188,0.2609432
0.051666934,4.8388476,2.087342,0.23156926,0.16742274,1.9767368,-0.027892826,0.061116774,0.48066184,0.52552205,-0.1544553,-0.38216773,-0.032350738,0.33762175
0.060416993,4.0286527,2.2242484,0.38302985,0.26751417,-0.770741,0.19433005,2.1392646,0.45350742,-0.5669683,1.6917627,-0.3867103,-0.0836865,0.27494383
0.03803693,0.26705354,3.138362,0.11980385,0.15806021,0.2622573,-0.020600978,2.5002983,0.5210341,-0.60376984,1.6334722,-0.30964938,0.20521386,0.27771562
0.047388475,4.1638675,1.6224028,0.39299774,0.23434623,0.31742483,0.1909721,2.1758294,0.46795502,-0.54223454,1.581375,-0.4389142,-0.07647639,0.28253734
0.056348424,4.1673727,2.3239372,0.4622159,-0.23374268,1.001385,0.19000134,1.8560132,-0.24283275,-0.500404,1.4050872,-0.3245623,-0.06667139,-0.34018913
0.04892728,0.37365365,3.116832,0.38438025,0.056149475,0.14560345,-0.03331296,2.521132,0.5342426,-0.603587,1.5548398,-0.26958326,0.28860965,0.04935881
-0.039457053,-4.1090155,-2.6663249,-0.18285587,0.2843376,-0.5651207,-0.10567694,-1.8060455,-0.32533583,0.7422146,-0.61101735,0.6573766,-0.12528062,-0.23862392
0.037081264,0.2937311,2.632231,0.14263138,0.061020102,1.2502388,-0.0255475,2.4194515,0.49646583,-0.54966205,1.1777089,0.41932684,0.217349,0.2733297
0.067044444,5.4829,-0.36030266,0.10726141,-0.23647676,3.2430856,0.1951114,-0.042881742,0.48808214,-0.046387333,-0.17053594,-0.4442865,0.39876628,-0.40286884
0.05397981,4.1501994,1.658896,0.25550792,0.19515711,1.3885818,0.18387906,1.906019,0.48315775,-0.44139978,0.9889538,0.42771077,0.22343229,0.04535192
0.09349921,5.0904965,2.0829692,0.41726157,-0.26062942,1.6874092,-0.05744736,-0.6205748,-0.12972146,-0.4606668,1.2882626,-0.32283378,-0.06082773,0.36285496
-0.053030048,-5.5743966,-1.1255653,-0.33929405,-0.3450634,-1.0477396,-0.049028374,-0.96825165,-0.24168602,-0.82530755,-0.718626,-0.010693274,-0.18906467,-0.3118519
0.053272303,4.7428546,-0.43872067,0.40939003,-0.20347928,2.1799986,-0.033344164,1.7269895,0.41637224,-0.52293974,1.2386445,-0.36606666,-0.068415485,0.3303877
-0.037813183,-0.38849813,2.4903946,-0.35046425,-0.37060887,0.06877883,0.13466577,3.1530566,0.8857051,1.2064941,-0.74332994,0.60620326,-0.12148933,-0.29175
0.0608407,4.0781426,2.0522459,0.42668638,0.06528494,0.06772968,-0.0034176675,2.218315,0.48551032,-0.5216446,1.6251701,-0.37569055,-0.08009501,0.27499872
-0.029260833,0.25412494,2.6330993,0.16657388,0.2647631,1.2984458,0.13990946,2.3995423,0.4774438,-0.55689275,1.2633151,0.3707682,-0.073339745,0.27352405
0.057664458,4.059497,2.0135856,0.3686897,0.25813523,0.2790061,-0.059019428,2.2089777,0.5198079,-0.51390356,1.5664957,-0.35146484,-0.07662025,0.048752066
-0.030847201,-0.2848428,2.593033,-0.31333983,0.36325714,-0.6209073,-0.031463973,3.124151,0.8134703,1.1931671,-0.7369255,0.6921913,-0.11169036,0.27142382
-0.029293772,0.35610658,2.7029939,0.33266652,0.25525427,1.3921977,-0.0182542,2.4189613,0.49063462,-0.57315564,1.3697152,-0.23926042,-0.075618275,0.23725505
0.05974775,4.1128116,1.7671486,0.23577908,0.2570742,-0.7192508,0.19162638,2.1710978,0.44984648,-0.5441346,1.29444,0.5655185,0.31552413,0.3219827
-0.0315499,-0.28475326,2.600391,0.09248719,0.24724692,0.07109196,0.12487772,3.2689717,0.85558385,1.069348,-0.123607084,0.61807007,-0.10288583,-0.2787746
0.07972625,5.063313,2.7451792,0.45089734,-0.24170475,0.33188516,-0.14961392,-0.6589739,-0.25033292,-0.4878698,1.7759659,-0.3507088,-0.09614959,0.072036184
0.07155791,4.754039,-0.5265507,-0.19811583,-0.27488178,2.8071785,0.17467296,1.729122,0.4841945,-0.6048682,-0.2870882,-0.49058673,0.43736374,-0.3675246
0.06038544,4.0767817,1.777358,0.23066294,0.25261223,-0.39370647,-0.1468126,2.2269886,0.48441792,-0.5351915,1.3119544,0.55988055,0.31069958,0.28127322
0.037615098,-0.32829386,2.6078446,0.30658057,0.1569425,0.14370185,-0.02402838,3.1995687,0.7366515,0.9219955,0.76896673,0.43982434,-0.059675824,-0.27436262
0.0675622,4.0026574,2.2562919,0.47207522,-0.22568229,-0.57598144,0.18423596,2.1400833,0.50028366,-0.60311055,1.7340589,-0.38614732,-0.098597236,-0.06980053
0.0608407,4.101767,1.6742146,0.4409512,0.27261582,0.06504532,-0.048550293,2.2209663,0.52736664,-0.5612751,1.6589745,-0.46047118,-0.08023887,0.03547149
0.05359011,4.1120048,1.454083,0.33370456,0.24412377,1.6639365,-0.061366204,1.9513408,0.4666523,-0.492908,1.2011535,-0.3216682,-0.03877344,0.3070262
0.05397981,4.1639524,1.6588005,0.28662616,0.24147801,1.4669551,0.18387906,1.9171627,0.45171717,-0.44986725,1.09503,0.3053732,-0.056496363,0.27585217
0.05397981,4.1979823,1.40686,0.24164033,0.23384528,1.4610801,0.15550227,1.9126749,0.44975677,-0.4551307,0.990847,0.43338004,0.22491811,0.27965325
0.03604563,-4.870704,-2.8629422,-0.26094702,0.19053392,0.6265378,-0.08411895,-0.7785877,-0.2228204,-0.63421285,-0.56048214,-0.3875414,0.5024283,-0.2559746
0.060416993,4.032465,1.8344929,0.40068564,0.27257013,-0.8310449,0.022699695,2.2034397,0.46260694,-0.6082197,1.7160422,-0.41964376,-0.0836865,0.27924055
-0.034780283,-1.6277543,-3.3192163,0.3900787,0.14152181,-0.86215645,-0.106120415,-3.5687737,-0.74962354,0.72156495,-0.41711962,-0.38500842,-0.14876416,-0.06914433
-0.035520397,-1.4975554,-3.5874474,-0.1707511,0.17670442,-0.9196856,-0.14256668,-3.2074993,-0.3859966,-0.67287153,-0.4171886,0.61178285,-0.16278028,-0.29469207
0.04818962,0.3103212,2.9479601,0.34008238,0.249855,0.88624644,0.020670855,2.4882872,0.4936645,-0.5816338,1.5223142,-0.24476151,-0.03780151,0.2380728
-0.043474615,4.69165,-0.42337635,0.4132448,-0.27439386,2.171088,-0.15135418,1.7371308,0.41707477,-0.5233154,1.2661783,-0.35822168,-0.08793877,0.33596683
-0.037526872,4.743152,-0.47227743,0.15351799,0.27343562,2.682787,-0.15714663,1.809528,0.4335264,-0.54729134,0.34186426,-0.45383683,-0.102450155,0.290345
0.060416993,4.0063057,2.2502394,0.39265993,0.26843655,-0.79217494,0.07238772,2.1637702,0.49138156,-0.57155716,1.6736561,-0.39191487,-0.05005717,0.044301577
-0.038142756,4.1365905,1.596675,0.35407853,0.27160707,0.28785208,-0.05125396,2.2852983,0.48038256,-0.53244907,1.4807231,0.1542773,-0.09556421,0.32364812
0.049447816,0.45199078,3.2928283,0.38588274,0.27831915,-0.6717321,-0.03331296,2.5015674,0.51180893,-0.6718646,1.7957935,-0.31892422,-0.055216406,0.04726916
0.056119982,4.834798,3.173489,0.048780464,0.26812145,-0.8658988,-0.067460634,-0.10929137,0.4520579,-0.56448233,0.935074,-0.5014929,-0.09627691,-0.42681527
-0.03277839,-6.967608,-1.1912673,-0.367213,0.20670697,0.15000196,0.11738789,1.7532082,-0.15489192,-0.78754306,-0.73226184,-0.61350006,-0.16214295,0.38174015
0.059692692,4.877436,-0.33719108,-0.20744547,0.33536988,2.3923311,-0.18523382,1.7730725,0.473236,-0.51524216,-0.48798066,0.6240106,0.3414355,0.36380687
0.049328204,3.993107,2.2341232,0.38302985,0.26751417,-0.7936572,-0.05238748,2.2032351,0.45833424,-0.5669683,1.6980306,-0.4565195,-0.091650255,0.2748298
-0.030936297,-0.20428522,2.6841145,0.064912304,0.1523162,-0.110115334,-0.023053566,3.1862714,0.8440224,1.1333319,-0.05913412,-0.4374706,-0.12337633,0.033739362
-0.031040162,-0.45854616,2.490121,-0.30095422,0.18254401,0.448433,0.13493782,3.1900325,0.8687773,1.0889018,-0.685432,0.5660984,-0.10347198,-0.29519522
0.057491902,4.1409373,1.5924855,0.3568461,0.24824406,0.65102637,0.1909721,2.1396608,0.4762202,-0.5239731,1.5647525,-0.4271122,-0.07406274,0.2790975
-0.04280544,4.0993524,2.1266923,0.11902146,-0.26970428,2.0301592,0.18913081,1.7335755,0.46639377,-0.5719997,-0.02244894,-0.4277973,-0.12795417,0.31170762
-0.038136534,-4.3358765,-2.7748287,-0.23833112,0.28073293,-0.9695297,0.17420156,-1.5207745,-0.2046032,-0.76516306,-0.68228215,-0.62331486,-0.18208896,0.31267422
-0.0370516,-0.32467484,2.4913387,-0.35953704,-0.37914595,0.16674565,-0.030370459,3.1751323,0.8645187,1.2221942,-0.697223,0.07359579,-0.14089563,-0.29191148
0.05508929,0.33551353,3.1244187,0.4567484,-0.2719191,0.28267574,-0.022843827,2.467916,0.50206965,-0.63379383,1.7599803,-0.28204432,-0.08048826,0.24049608
-0.039921455,3.802713,2.6951938,-0.19563746,0.25319138,-0.76727515,-0.27172774,2.076124,0.5243002,0.6898198,0.98439044,-0.5182614,-0.10411229,0.0010287424
0.049549524,0.29786503,3.1508007,0.36520016,0.22726022,0.03172218,0.13050987,2.4792776,0.49520686,-0.5929388,1.5877906,-0.28835067,0.29194477,0.23683569
-0.04076202,4.0189433,2.0138848,0.3626746,0.17625119,1.4678832,0.1890568,1.9453872,-0.24908997,0.49080583,0.8013864,-0.29331443,-0.07475242,-0.32464164
-0.03547179,-4.2719584,-2.6765902,-0.28285208,0.23783217,-0.84345096,0.19168913,-1.9363058,-0.24506448,0.8455903,-0.57801163,-0.5200074,-0.15236048,0.30940282
0.060416993,4.083118,1.8006251,0.30325782,0.2570742,-0.7261322,-0.059376318,2.2180676,0.45273668,-0.54373115,1.3299358,0.4022661,0.31105325,0.28449914
-0.029605806,-0.32877642,2.2437131,-0.3238467,0.30896005,1.6552327,-0.17681144,2.8444219,0.7464568,0.94531083,-0.6330814,0.51653993,-0.08919559,0.27128717
0.057491902,4.117418,1.6015769,0.3568461,0.24824406,0.65034497,-0.0034176675,2.1913426,0.48002478,-0.5239731,1.5652099,-0.35730296,-0.07406274,0.2790975
-0.035594173,-4.7923408,-2.8289027,-0.25802946,0.29310602,0.6043623,0.13959274,-0.7724327,-0.21151926,-0.14938873,-0.6412545,-0.50266856,-0.14097662,-0.24941052
0.050599266,4.160943,2.1070108,-0.1361293,0.30315927,1.6124089,-0.028368859,1.887668,-0.27383846,-0.45703298,0.7198409,-0.35717458,0.2590911,-0.335945
-0.036500238,0.2825005,3.1612215,0.1164107,-0.30238795,0.009299185,0.05330894,2.4378865,0.5180887,-0.6490613,1.8121426,-0.42308024,-0.1138082,0.27258575
0.04519197,0.3807822,3.290987,0.46890917,-0.28558442,-0.6935853,0.003992476,2.448138,0.47880504,-0.6950707,1.8469478,-0.31426468,-0.0935066,0.23739463
0.057491902,4.1396937,1.5984489,0.3294906,0.2331437,0.6332703,0.19433005,2.1261828,0.47533423,-0.50399977,1.4017751,-0.34108907,0.2788725,0.27791262
-0.07489972,5.4410467,-0.21686505,0.07563652,-0.17547372,3.2763057,-0.06797537,-0.53904116,-0.6115251,0.6745378,-0.6096448,-0.4596839,-0.13814467,0.43244645
0.0608407,4.093913,1.680623,0.35735098,0.24945156,0.07390003,-0.048550293,2.2202065,0.48973295,-0.526147,1.4619346,-0.37678117,0.3162533,0.27953297
-0.036491573,-0.22197504,2.6313474,0.3542653,-0.23707499,0.20845877,0.12795599,3.104891,0.7925319,1.1620829,-0.13691927,-0.36738873,-0.13292177,0.21906526
0.05974775,4.090924,1.7768617,0.2933226,0.2768621,-0.74208623,-0.02334559,2.2274356,0.45705187,-0.5722299,1.4055982,0.5782785,-0.041077007,0.32149276
0.059549216,4.182603,1.6011425,0.26201826,0.24641983,0.18538487,0.1815323,2.2005002,0.48218274,-0.4914841,1.2294478,0.48246768,0.28575888,0.31897274
0.05397981,4.118545,1.4569781,0.3373304,0.24770777,1.6727283,0.07238772,1.9643306,0.49848518,-0.4966633,1.2167537,-0.38900077,-0.0603324,-0.0028043932
-0.056481536,4.828225,2.8960013,-0.28213978,-0.30998445,-0.4720792,0.12661092,-0.07919652,0.6050253,0.64562136,-0.74135065,0.727163,-0.134501,0.39395848
-0.037546754,-6.0867553,-1.1332583,-0.29194525,0.229623,-0.81264246,0.13531187,-0.2594827,-0.179974,-0.6857427,-0.68285006,0.45781973,-0.15201859,-0.31302842
-0.030553771,0.38579774,3.178837,0.2979785,0.28801045,-0.57974875,-0.02320072,2.5532126,0.49791506,-0.6488986,1.5912755,0.47188354,-0.08638267,0.008497855
0.05397981,4.1410346,1.4525561,0.33381963,0.24412377,1.6704466,0.18423596,1.9081293,0.4668324,-0.49293852,1.2138578,-0.3327492,-0.06018853,0.27531865
0.04479532,0.31464314,2.6345735,0.29416057,0.049774136,1.2442725,-0.033669855,2.4165657,0.50531954,-0.55697197,1.1866739,0.37552065,0.20491187,0.05003384
0.057374116,4.1247334,1.6249182,0.32139453,0.23177196,0.9220617,-0.020641917,2.1549308,0.47307125,-0.49269438,1.345976,-0.32308605,0.2453848,0.27628413
0.037048325,0.2807749,2.7042124,0.3782501,0.09475997,1.399629,-0.0182542,2.3825977,0.48804277,-0.5910004,1.3858652,-0.2397819,-0.064149976,0.23710616
0.061341714,4.7634597,-0.42549095,0.1403917,0.060843524,2.2178645,-0.16406594,1.892873,0.51149464,-0.49240932,0.6463218,0.035269395,0.28584248,-0.3420755
0.060016606,4.0305214,1.8190137,0.4082113,0.064803645,-0.74229777,0.1909721,2.1543827,0.48697758,-0.5849362,1.5212638,-0.46467394,0.3326315,-0.068698145
0.094315484,-4.651151,-3.0662963,0.35420144,0.09750444,-0.9283572,-0.033737507,-0.92104775,0.39984292,-0.7138424,-0.06913643,-0.49452794,0.48245928,-0.22999705
0.060416993,3.9998198,2.2347746,0.3833184,0.26751417,-0.79320455,-0.020641917,2.1949337,0.45791626,-0.567027,1.6920228,-0.3884236,-0.088508405,0.27446967
-0.07803297,5.0205235,2.083341,0.30986443,0.19546665,1.8258774,-0.06057854,-2.2014787,0.45088834,-0.42390746,1.3527424,-0.3733474,-0.0977325,0.35494703
0.043454926,-4.6501055,-1.0528886,0.41000193,0.02775419,-0.7056144,0.1929346,-2.9571795,-0.6337698,0.691393,-0.03145252,-0.3955407,-0.12837294,-0.13088019
-0.07795589,5.4888105,-0.22400992,0.44052106,-0.25074017,3.0924451,-0.0696452,-0.66765624,-0.21313716,-0.50893223,0.8885232,-0.371028,-0.098020956,-0.44486853
-0.036491573,-0.19929354,2.6180906,0.07608456,-0.22882466,0.20581912,-0.023053566,3.1531353,0.8099024,1.1649125,-0.15653859,-0.48423913,-0.13669154,0.21752076
0.056249615,4.2015376,1.5867431,0.21522799,0.23384528,0.9135489,0.18826844,2.125803,0.4576294,-0.4619879,1.1258066,0.47148675,0.23761697,0.31519207
0.04938477,4.083113,1.7896582,0.29995447,0.27632585,-0.8089177,0.19198327,2.1550694,0.44407216,-0.61239874,1.6791877,-0.45119458,-0.055989143,0.31966752
0.060016606,4.0005374,1.8344929,0.40068564,0.27257013,-0.7774291,-0.14645572,2.1815276,0.45859265,-0.6082197,1.6983232,-0.41964376,-0.0836865,0.2710995
0.048256353,0.3011278,3.1003785,0.34804624,0.24976386,0.2667597,0.14261314,2.4774854,0.49686363,-0.5889253,1.5624385,-0.27073306,0.2611472,0.24093403
-0.053843644,4.543577,-0.9462424,-0.36048692,-0.39044863,-1.5064355,-0.18542425,2.2683678,0.5147374,-0.76353616,-0.3756255,1.0765158,-0.1631365,-0.46325466
-0.062387265,3.5226457,-3.953436,-0.2735841,-0.23050171,1.3978164,-0.18664563,-3.547575,-0.13658841,0.5253507,-0.55832386,0.31941137,-0.13574372,-0.33688435
0.048492018,0.22667538,2.902242,-0.036154736,0.31705287,0.6575927,0.13896222,2.4916492,0.53664917,-0.57500243,1.3721015,0.44538635,0.24116218,-0.35561875
0.060218457,4.135479,1.6106905,0.39595786,0.2696086,0.17445308,0.1909721,2.2165215,0.5051182,-0.5546218,1.5879337,-0.4059076,-0.07895936,-0.006145429
-0.038619623,3.9379983,2.4213595,0.39287475,0.20283045,0.24871619,0.19324256,2.104578,-0.11357713,0.5439448,1.3158897,-0.33610192,-0.08324455,-0.33247575
-0.043487214,-4.9332767,-1.1071069,-0.2528869,0.1523932,-0.98363227,-0.04097707,-2.3331878,-0.29429185,0.8016373,-0.32252073,-0.56904817,-0.16246112,-0.2658796
0.042053696,-5.351325,-1.0393043,-0.25343326,0.1806247,-0.85015446,0.19175646,-2.020146,-0.17752187,-0.61249584,-0.60657537,-0.56726587,0.59308654,0.37493867
-0.043706417,4.146505,2.4752336,0.46512926,-0.29503456,0.32654375,-0.06457176,1.9149364,-0.1799347,-0.5352593,1.5844587,-0.3593068,-0.10196655,0.35421425
-0.029931204,0.3599859,3.112499,0.36832756,0.27371278,0.28185046,0.0012477026,2.5702155,0.53626364,-0.6095918,1.728871,-0.47758356,-0.088162825,-0.06584125
0.06548555,4.183991,2.511032,0.48685408,-0.28466722,0.30308792,-0.051755846,1.8718288,-0.6156689,-0.49468264,1.6303802,-0.36066347,-0.08210431,0.30882478
0.05397981,4.0687957,1.7268891,0.32954806,0.23999019,1.5747807,-0.048550293,1.9554906,0.49587974,-0.47067693,1.2103795,-0.37298638,-0.06810948,0.04627389
0.096964285,5.092307,2.709202,0.40950784,0.08395637,0.31530315,-0.029132387,-0.615697,-0.20151576,-0.42130128,1.687965,-0.4201387,-0.06625112,-0.085306145
0.05359011,4.1193094,1.4559293,0.34580964,0.24412377,1.666921,-0.022988696,1.9518924,0.46674544,-0.49359363,1.2043345,-0.33254135,-0.05322193,0.3070262
0.060416993,4.0298033,1.8317761,0.4003971,0.27257013,-0.80866903,-0.020641917,2.2054186,0.4625138,-0.6081611,1.7170452,-0.42869172,-0.0836865,0.2797147
0.058867615,4.0381165,2.7284315,0.4041586,0.23972212,-0.71777767,0.18423596,1.8216864,0.4191955,-0.5660842,1.6434159,-0.39669225,-0.078313865,0.28129542
0.06488294,4.1117783,1.9674134,0.14482027,0.22690645,1.5148579,0.18837501,1.9026054,-0.67208695,0.48535278,-0.55794823,0.48498476,0.29754803,-0.34062013
0.037081264,0.3095349,2.674077,0.25117695,0.249855,1.3917911,0.09305017,2.3557637,0.4841763,-0.57405156,1.3481077,-0.46054512,-0.03303471,0.26890945
0.08410154,4.959421,2.6926618,0.4218854,-0.229836,0.32264346,0.1850025,-0.29089233,0.49396873,-0.065570615,1.6119817,-0.33947173,-0.07389488,0.091798
0.05397981,4.1062455,1.7196846,0.32592225,0.23906781,1.5712211,0.035266664,1.9479547,0.46533057,-0.4669217,1.2073228,-0.37542924,-0.06796562,0.27139732
0.057869595,4.070793,2.0151978,0.36971423,0.25813523,0.27556166,-0.0034176675,2.2107408,0.5198079,-0.51378363,1.5669606,-0.35160366,-0.07662025,0.04810052
0.037767686,-4.780882,-2.861196,0.2733298,0.13868494,1.2866769,-0.0154616125,-1.5060842,-0.2670002,-0.6295705,-0.012888104,-0.34150228,-0.093306676,-0.06628113
0.059347365,4.0385413,1.820182,0.405115,0.06215279,-0.7595847,-0.0057644467,2.1721294,0.4581365,-0.59624135,1.6021296,-0.47592223,0.20028554,0.31766742
0.06790866,4.078422,2.736646,0.49230635,-0.29524788,-0.4263008,-0.051755846,1.8849727,-0.2527436,-0.5604389,1.7259946,-0.38628948,-0.09562847,0.024087273
0.057664458,4.084632,2.0000331,0.36489415,0.25721285,0.32178682,-0.020641917,2.2033947,0.4861144,-0.5056432,1.5651604,-0.3495203,-0.07647639,0.27709788
-0.039840993,3.834185,2.6509244,0.27786404,0.23762359,-0.7060637,-0.021097837,2.081436,0.4438334,0.69490623,1.3835934,-0.38663256,-0.092914596,0.2658172
-0.11089374,4.7964263,3.1749654,0.24604282,0.22145702,-0.8153188,0.24525122,-2.5302505,0.4408354,-0.62235516,-0.38188556,0.07266769,-0.21179289,0.47411793
0.062015194,3.9992774,2.7311225,0.152574,0.21924637,-0.5310883,-0.13366866,1.9756542,0.47832412,-0.5532574,1.4509516,-0.60797143,0.35157746,-0.35147867
0.05377381,4.792911,-0.4392132,0.18435729,-0.2223561,2.3030648,0.19314906,1.700937,0.43323895,-0.51991385,0.7894099,-0.3973971,0.28062356,0.3305071
-0.048217118,4.84125,-0.38347092,-0.2787261,-0.36549744,2.5618923,0.18927397,1.8942065,0.5343629,-0.06145061,-0.53343856,0.65420634,-0.11076411,-0.3866768
0.057664458,4.1073284,1.6338794,0.38226137,0.26226887,0.31715158,-0.020641917,2.221523,0.49080506,-0.54223454,1.5898442,-0.46002594,-0.07647639,0.28186882
0.076736376,4.7388687,-0.92514217,-0.26777086,0.31577885,-0.9695376,0.19239798,1.9500315,0.48805442,-0.6507955,-0.7938982,0.9482011,0.47397518,0.45627984
-0.02675326,-5.0818768,-3.5998654,-0.4178427,0.37351426,-0.8726748,-0.11367751,1.4365792,0.3985238,-0.8779732,-0.6720654,0.7793594,-0.13855188,0.26296088
0.04479532,0.36901265,2.7096667,0.34433767,0.25016847,1.3918749,-0.0182542,2.4055045,0.5186013,-0.5812949,1.3671235,-0.24666528,-0.058286484,0.050884027
0.05397981,4.1192446,1.4583937,0.3459247,0.24412377,1.6720328,-0.020641917,1.9525373,0.46688038,-0.4936241,1.2102464,-0.33273372,-0.05369109,0.27515858
0.05359011,4.1197567,1.4540768,0.33370456,0.24412377,1.6660515,-0.022988696,1.957733,0.4668463,-0.492908,1.2092608,-0.32179552,-0.060510267,0.30639535
0.054569285,3.9583092,2.3904269,0.14179215,-0.331656,0.24989729,-0.02632952,2.127629,0.5028814,0.5725424,0.73395497,0.31103668,0.28809196,-0.32455823
-0.040723875,4.8558145,-0.4293922,-0.3549765,0.30222732,3.0378442,-0.15708177,1.8393892,-0.15413104,-0.52932626,-0.7009604,-0.4893502,-0.13505849,-0.39279014
-0.047972154,4.912657,2.1523175,0.043865446,0.26384294,2.246458,-0.13794535,0.16541635,0.4764232,-0.5161277,-0.01869103,-0.32173285,-0.12289662,-0.3659016
0.05974775,4.112199,1.7748747,0.2937911,0.2768621,-0.7431207,0.1815323,2.176892,0.4563185,-0.57263434,1.4108609,0.55670434,-0.0428433,0.32310197
0.0661803,4.0470967,1.7795767,0.3498788,-0.25461006,-0.7075456,-0.14135559,2.1342692,0.44994,-0.57471234,1.3192877,0.5094924,0.33704662,0.3276694
0.05677541,4.103343,1.9979618,0.4542067,-0.26007017,0.18569437,-0.0034176675,2.1715326,0.46836182,-0.54592025,1.6095175,-0.38513085,-0.09736699,0.27575913
-0.029979296,-0.20796026,2.6445057,0.32131234,0.17529581,0.21414764,-0.03811233,3.1794353,0.8112031,1.0831895,0.018674297,-0.35638797,-0.11695229,0.03572719
0.05359011,4.162859,1.4308805,0.23051319,0.23384528,1.4714496,-0.061723094,1.9691592,0.45329508,-0.4559012,0.9982177,0.33163604,0.2517679,0.3117377
0.06254077,-0.23746513,2.614119,-0.18967685,-0.32727072,0.09635499,-0.02542394,3.1459198,0.80595654,1.1386977,-0.23533139,-0.49727067,0.4595868,-0.2737868
0.038415596,0.42103994,3.2920296,-0.15497382,0.33619365,-0.6678955,-0.025190607,2.4725838,0.5038436,-0.65614617,1.6272128,-0.42859825,0.34690848,0.27994955
0.096666664,5.1238375,2.712274,0.40890896,0.27257264,0.33967698,0.085632235,-0.70284265,-0.1002336,-0.46296704,1.6801068,-0.36305857,-0.06769848,0.37777072
-0.040109836,4.711929,-0.4910359,-0.16497172,0.34090355,2.8649435,0.18121342,1.9184397,0.4983046,-0.580142,-0.12496165,-0.52278477,-0.12706907,-0.35906485
0.056530852,4.782863,-0.396899,0.41946942,0.05861089,2.1545653,0.02290136,1.7404922,-0.12434785,-0.4496587,1.2239507,-0.3880172,0.03248966,-0.026580555
0.060812753,4.0815444,1.7339458,0.41755766,-0.23328723,1.6157538,-0.020641917,1.8990074,0.46533498,-0.4975447,1.2359873,-0.31365153,-0.0746663,0.27256057
-0.039535105,-4.197241,-2.7127898,-0.28463328,0.1376549,-0.88205,0.18988845,-1.611656,-0.27922207,0.926965,-0.61842394,-0.51482,-0.14632688,-0.23346329
-0.047800645,4.8101263,-0.45594248,-0.2920851,-0.36526167,2.7073436,0.18865137,1.791672,0.49361113,-0.60050905,-0.6576532,0.65726525,-0.11879315,-0.39418715
-0.030554757,-5.3610287,-3.5683386,-0.45992723,0.15011266,0.07585121,-0.11367751,1.5086658,0.42248195,-0.8386058,-0.6732948,0.69937557,-0.13306193,0.26189762
-0.043486815,4.195731,2.4483714,-0.23930061,0.36379233,0.1858632,-0.14169107,2.1611,0.52351606,-0.5925528,-0.24957532,0.7863347,-0.13305947,0.33727035
-0.035083566,-3.7859404,-2.5207589,-0.18937632,0.28030336,-0.75004125,-0.11505323,-2.5789604,-0.55655277,0.67396927,-0.6243957,0.55964315,-0.13248579,-0.22740483
0.056995224,4.1656127,1.5865165,0.276026,0.26620784,0.29945725,-0.02334559,2.2515552,0.48509175,-0.5069909,1.3465518,0.51482993,-0.0667092,0.31923494
0.04744504,4.1393127,1.6047252,0.37758657,0.26602462,0.31561184,-0.02334559,2.2427802,0.47252297,-0.5371361,1.5672977,-0.25932184,-0.080581896,0.31754422
0.060416993,4.0348306,1.8265145,0.4003971,0.2681082,-0.6228452,-0.020641917,2.2192738,0.4701345,-0.6081611,1.7195936,-0.41793042,-0.0836865,0.28496647
-0.04690455,5.5046706,-0.55681103,0.20379022,0.29665348,0.034163095,-0.15909597,-0.061556384,0.51638025,-0.04827493,0.89979374,0.4094094,-0.101495534,-0.015789477
0.056278255,4.783053,-0.3927339,0.37582034,0.24827237,2.148873,0.020554572,1.7224715,-0.07229784,-0.4852001,1.2411779,-0.39381632,-0.061468285,0.36173034
-0.03215256,-5.2517757,-3.6587262,-0.37016243,-0.33544376,-1.002345,-0.03840482,1.4712245,0.3947687,-0.9661488,-0.7049119,-0.67887807,-0.1777019,0.26001504
0.057664458,4.1068654,1.624582,0.38263407,0.26226887,0.33363405,-0.020641917,2.222672,0.49056998,-0.54261875,1.5923481,-0.37600836,-0.08111163,0.28062952
0.049684938,0.23396157,3.0345414,0.11698335,0.26484588,0.1535385,-0.021905115,2.569446,0.54413754,-0.5900302,1.4431803,0.4622358,0.28190574,-0.35206628
0.05508929,0.21426667,2.9658983,0.3434512,-0.2884777,0.24372639,0.14225625,2.441232,0.4873918,-0.59468585,1.4566097,0.41386002,0.28473753,0.2468027
0.057374116,4.1516747,1.8280627,0.2668855,0.2424004,0.9085446,0.18387906,2.1241179,0.491103,-0.46009955,1.2270334,0.4141993,-0.053640515,0.04783462
0.05328798,-2.1418924,-1.2903193,0.17694536,-0.18675669,0.0560451,0.16850922,-4.0951915,-0.9226149,0.68199134,-0.6932294,-0.39484364,-0.10001031,-0.29400092
0.04479532,0.3089435,2.6836567,0.31433898,0.23750317,1.3253725,0.13050987,2.3513558,0.48353168,-0.5618778,1.2554537,-0.23472469,0.23498228,0.23617105
-0.029743822,-0.1822031,2.407514,-0.12898342,0.31078494,1.8727504,0.016107773,2.8146646,0.73064524,0.9502161,-0.0693135,-0.3434619,-0.10129339,0.21306965
0.06017146,4.078325,1.8275641,0.41024286,0.24150611,-0.5791782,-0.022988696,2.1685138,0.47068867,-0.5863583,1.5142514,-0.40715212,0.33389053,0.32777125
-0.029260833,0.3196363,2.6866536,0.33255142,0.25525427,1.3875802,0.12816308,2.3761508,0.48629883,-0.5731251,1.3640357,-0.23888178,-0.07588084,0.26851776
0.076061845,5.57467,-0.14082289,-0.22858645,0.24340048,2.7807312,-0.16170906,-0.4220461,-0.21313252,0.51410574,-0.6597895,0.5756562,0.33000717,0.44720033
0.047223892,-0.25688908,2.5453258,0.38287556,0.030955346,0.20384236,0.12580477,2.9354303,0.68034375,0.8635227,1.2900302,-0.2640998,0.2460393,0.21014957
0.043663442,-0.21395786,2.499591,0.4171383,-0.2584245,0.75359684,0.12580477,2.9611323,0.6823083,0.89451504,1.2878298,-0.24319373,-0.06316519,-0.06644995
0.044816975,-0.15334313,2.7688272,0.37698025,-0.18814933,-0.5109991,0.13719586,3.0754611,0.7287523,1.1115333,0.9122367,-0.33296975,-0.088300176,-0.2858313
-0.094779015,4.904198,2.7423866,0.37631974,0.26981786,0.12099162,-0.0266995,-0.80228937,0.5639265,0.6184466,0.94135356,-0.3449576,-0.094537266,0.33565348
0.060812753,4.0656257,1.7455616,0.41557652,-0.234266,1.6191984,-0.020641917,1.8974,0.49588412,-0.5012695,1.2384453,-0.30716556,-0.07166833,0.04585076
-0.03371829,-3.916873,-2.520365,-0.29350647,0.03087016,0.23893042,-0.12788719,-2.325412,-0.5221555,-0.5574989,-0.67402095,-0.41712692,-0.16671973,-0.2298817
-0.035724618,-0.16347365,2.4108806,0.17224997,-0.19686271,1.8195689,-0.028355375,2.815133,0.71787226,0.95699596,0.37446377,-0.35104176,-0.092672564,-0.26735786
0.056835737,5.5216947,-0.2970614,0.23651242,-0.2135856,3.021437,-0.063040145,0.1349309,-0.21505214,-0.5130742,0.8621385,-0.46824574,-0.07434533,-0.017651226
0.060016606,4.028012,2.236768,0.39435253,0.26751417,-0.73941344,0.18423596,2.1236358,0.45390198,-0.56765395,1.6745715,-0.39958766,-0.0836865,0.27494383
-0.037823234,4.251992,1.9756746,-0.26011416,0.33808598,1.7372352,0.11670527,1.8501745,-0.059198435,-0.5047021,-0.12769172,0.6390577,-0.10467382,0.36101386
-0.035078347,0.26447034,2.6339066,-0.105535924,-0.2812326,1.3462697,0.13990946,2.3460307,0.49814472,-0.5879388,1.2794757,0.46050966,-0.08073465,0.2748077
0.05397981,4.0933185,1.7203326,0.32592225,0.23906781,1.5717702,-0.020641917,1.9463284,0.46491262,-0.4669217,1.2069174,-0.3065914,-0.06018853,0.27139732
0.05397981,4.1142435,1.71772,0.33265045,0.23906781,1.5731907,0.18423596,1.8949958,0.46593475,-0.46763778,1.2060796,-0.31245,-0.0603324,0.26931408
0.03742828,-0.17472805,2.6935527,0.41349205,0.1583012,-0.44785008,-0.027548932,2.9536989,0.71134,0.98317635,1.4975395,-0.31151187,-0.07339322,0.034309473
0.09445065,5.0378346,2.1056285,0.32109714,0.18277702,1.6954254,-0.03665552,-1.2435651,0.485594,-0.38529617,1.2754647,-0.30275154,-0.056105264,-0.09442172
0.060218457,4.10066,2.0091472,0.37458476,0.25721285,0.1828501,0.18423596,2.1654181,0.486567,-0.51482487,1.575565,-0.3646204,-0.07987451,0.27306557
-0.04068074,4.7574553,-0.67215914,0.13722971,0.28876513,0.8596189,-0.06375359,2.1804042,0.5759207,-0.5845857,1.1360173,-0.5483307,-0.109752834,-0.3826229
-0.029712502,0.29807812,3.0206406,0.10365226,0.28950447,0.21839413,-0.08101772,2.5705965,0.51409715,-0.5848962,1.5431597,0.5154383,-0.083538696,0.28262714
0.059347365,4.0892167,1.796584,0.44251165,0.28078642,-0.77999645,-0.05125396,2.1606357,0.4396362,-0.6121996,1.6726409,-0.43517965,-0.074728824,0.3192997
0.058867615,3.9918272,2.7324667,0.39822268,0.2406445,-0.70785564,-0.020641917,1.901206,0.44127125,-0.55695575,1.6537368,-0.3902266,-0.07845773,-0.058342382
0.05359011,4.1157184,1.4530245,0.30643454,0.23177196,1.5838825,-0.05089707,1.9445531,0.4656783,-0.47985554,1.0900261,-0.3927746,0.24842864,0.30696803
0.03873802,0.19860964,3.0152256,-0.08241096,0.3291038,0.2509882,0.12685895,2.5172384,0.5479628,-0.5936216,1.4440572,0.48094904,0.26666176,-0.3600411
-0.047574095,-1.6520941,-1.2648107,0.012291951,-0.19701873,-0.13618287,0.19200322,-4.300901,-0.8290229,0.68521756,-0.9411337,-0.47650105,-0.18855146,-0.3025017
-0.029931204,0.32564867,3.0229266,0.2786482,0.27765176,0.24794932,-0.08647473,2.5868216,0.52542186,-0.5873927,1.5635935,0.43418843,-0.079029,-0.004716747
-0.031028818,-0.26298407,2.5677443,-0.35506648,0.16632964,0.56735367,-0.07470885,3.1863682,0.8207393,1.1927513,-0.15903018,-0.48530948,-0.12057736,-0.2804485
-0.036114007,-4.333621,-2.5580893,-0.26170594,-0.27396524,0.07381592,0.1899241,-1.8902632,-0.48622236,-0.6004777,-0.65779287,0.57466346,-0.14815284,-0.24748833
0.047751833,0.33042598,2.9499075,-0.04422403,0.31799975,0.48674905,-0.08647473,2.5286999,0.5430213,-0.5672702,1.3985277,0.45307952,0.25832868,0.043973714
0.05508929,0.237651,3.0869653,0.44661668,-0.27718148,0.28355065,0.13251907,2.4244738,0.48277742,-0.6325304,1.7528425,-0.37919584,-0.059169207,0.24105148
0.057664458,4.0788975,1.6281184,0.42454204,0.0691545,0.32253265,-0.14645572,2.2052658,0.49070582,-0.5468406,1.588013,-0.37600836,-0.0772749,0.27273238
-0.031085143,-0.2700173,2.63501,-0.33091748,0.35925707,-0.5380576,-0.030806944,3.1622329,0.7931846,1.2579901,-0.71236014,0.14588468,-0.13339105,0.27829793
0.056217704,4.0614915,1.7730182,0.37273797,-0.31300843,-0.7885155,-0.02334559,2.1688232,0.45784906,-0.6043075,1.4761201,0.57240796,-0.0847969,0.32585308
-0.035171464,0.29522783,2.667767,0.40640646,-0.2610465,1.3764149,-0.02320072,2.3743505,0.4749996,-0.59347105,1.3476294,0.010564279,-0.0822448,0.23913519
-0.037087835,-0.24977528,2.7016833,-0.16146493,-0.34294388,-0.6458937,0.01575088,3.071533,0.79765135,1.187294,-0.15706675,0.68356293,-0.11822694,0.23021829
0.13509087,5.0558743,2.8221498,0.37953463,0.23397705,0.1440829,0.1970858,-0.8038139,-0.116977975,-0.47984347,1.0920153,-0.46361738,-0.03458598,-0.10563015
0.060416993,4.028012,2.236768,0.39435253,0.26751417,-0.7707916,0.18423596,2.1371171,0.45791626,-0.56765395,1.6880531,-0.39958766,-0.0836865,0.27494383
0.06670241,4.779304,-0.51681423,0.47892582,-0.2346886,1.1640496,0.17866367,1.7960008,-0.0625916,-0.53458714,1.648243,-0.45866197,-0.05074539,0.35771292
0.055022556,0.32597065,2.9466593,0.3983692,-0.2725371,0.7497694,-0.0182542,2.4294596,0.49319878,-0.600619,1.498894,-0.23593207,0.27616948,0.238104
-0.046323538,4.16883,2.346897,-0.2986326,-0.32384026,0.6397983,-0.25177032,2.0355914,0.5869713,-0.6306895,-0.24724558,0.7076059,-0.13301744,0.33626017
0.062971115,4.1873016,1.5864141,0.33260313,-0.20179196,0.8177924,0.1815323,2.0879831,0.46238855,-0.49291992,1.1980877,0.46987057,0.260892,0.32082155
0.046517856,4.778465,-0.44453076,0.39638674,0.2651775,2.1673682,0.024911199,1.7513582,0.43515867,-0.5001614,1.2412945,-0.37539062,-0.06926833,0.050110694
0.05397981,4.1219707,1.4546591,0.34394357,0.24770777,1.6764374,0.18423596,1.9079695,0.49806723,-0.49734887,1.2146364,-0.32637507,-0.0603324,0.043387987
0.07738386,4.9396663,-0.18416974,0.38070956,0.008361455,3.3304436,-0.073466174,-3.6374607,-0.60698783,-0.3759089,1.073564,-0.38427168,-0.08022804,-0.01783764
0.045832988,0.25333983,3.1328905,0.15727925,-0.21594971,0.26512727,0.12721585,2.4541638,0.54999965,-0.63820165,1.610109,-0.3771457,0.32853222,-0.35293412
0.05969615,4.1398787,2.3060105,0.2953421,0.028991716,0.20920467,-0.049363106,1.9936562,0.44919214,-0.07644706,1.1413741,0.4839235,0.24707484,0.27358502
0.05397981,4.097628,1.7268976,0.34028444,0.21206762,1.574496,0.07238772,1.9393564,0.49538347,-0.47079685,1.2092354,-0.30317712,-0.06810948,0.047053713
0.060218457,4.1014585,2.0091536,0.37458476,0.25721285,0.18218043,0.18423596,2.1583314,0.48648807,-0.51482487,1.5673172,-0.36449307,-0.058199767,0.27274293
0.04716379,4.161302,2.486202,0.4044964,0.2589758,0.26542336,0.02931634,1.9865552,-0.19668786,-0.48582608,1.5508682,-0.3719015,-0.07953567,-0.12702708
0.057664458,4.105319,2.0087287,0.37728766,0.25721285,0.32136476,0.089632645,2.1788628,0.48620757,-0.5063874,1.5608524,-0.36272484,-0.07647639,0.27662376
0.07649918,4.728888,-0.461189,-0.30992365,-0.3281004,2.836975,-0.15507194,1.785395,0.4801018,-0.59553206,-0.6362225,-0.49842224,0.43774277,-0.36965907
-0.04050927,4.809448,-0.5148069,-0.39544418,0.2902016,3.0363426,0.1894953,1.7454025,0.47830498,-0.6108305,-0.31183782,-0.6144727,-0.13485715,-0.38578743
-0.036236692,-0.1703129,2.7103336,0.36077535,-0.22861034,-0.68178934,0.12781395,3.0249228,0.6970784,1.0806472,0.9896779,-0.46762303,-0.10522491,-0.046354607
-0.1067778,4.909903,3.0565042,-0.28693938,0.3271488,-0.8453855,0.18360464,-1.0312622,0.55827796,-0.6298671,-0.7910356,0.7779941,-0.15100731,-0.5219429
0.0608407,4.076893,2.0438986,0.37787673,0.2626318,0.07092923,-0.0034176675,2.227215,0.48541722,-0.516284,1.6263963,-0.36652914,-0.08787209,0.27547282
0.05974775,4.0977244,1.7798936,0.27337474,0.26153478,-0.7281071,-0.14135559,2.1808178,0.45448178,-0.5489061,1.2983441,0.5257921,0.3178404,0.32319596
-0.041099723,-6.2940326,-1.5293804,-0.49325222,-0.3297136,-1.20961,-0.038430225,1.5772227,0.44129968,-0.94491893,-0.75258976,0.4194347,-0.16781959,-0.2968801
0.048435874,-0.2663866,2.373428,0.07382687,0.23114355,1.5982734,0.12487772,2.8219173,0.7294199,0.8953909,-0.03903556,0.26511204,0.2982966,-0.278017
0.056995224,4.132755,1.9008214,0.30939054,0.26115185,0.29554254,-0.061723094,2.2303889,0.47825634,-0.48294514,1.3534423,0.3611192,-0.07002545,0.31647262
0.037041184,-0.31691343,2.5546684,-0.24513191,0.31132376,0.18226211,-0.028000087,3.1738365,0.7989935,1.0063826,-0.09581729,0.5666461,0.31415704,0.22909479
0.06684954,3.9911416,2.2226489,0.46175188,-0.33828536,-0.7609128,-0.020641917,2.1056287,0.45423117,-0.5986415,1.7230217,-0.39244178,-0.09845338,0.27642184
-0.043207526,-2.527883,-1.2033745,-0.24729042,-0.23011637,0.46841204,-0.07327237,-3.9500318,-0.45552674,0.63556236,-0.70686585,0.57519937,-0.14383146,-0.30979022
-0.035351586,-1.9693664,-3.3577685,0.122059874,0.1527292,-0.07516766,0.19365335,-3.6557262,-0.7134371,0.58954686,-0.23950821,0.28769118,-0.13816746,0.25318202
0.10032754,4.9712043,3.101039,-0.19059342,-0.32017174,-0.69067794,-0.14196049,-0.725183,0.45746037,-0.5960133,-0.25994274,0.4692793,0.4808119,0.4412451
0.08293505,5.6360216,-0.21482684,0.35260642,0.22881785,3.2621827,-0.08561593,-1.1457858,-0.1320981,-0.50040734,0.3824861,-0.41402793,-0.0803822,0.44154155
-0.029750757,-0.16932605,2.626366,0.27781788,0.24157055,0.19644235,-0.027548932,3.1705468,0.7423118,0.94901854,0.8431708,-0.29354197,-0.09200091,-0.008877502
0.046493497,4.6874743,-0.4234889,0.3095701,0.05878291,2.207696,-0.17630017,1.8174411,0.4404248,-0.5226109,1.1787475,-0.38600636,-0.06765809,-0.020058837
0.059347365,4.0921454,1.779531,0.27046338,0.2570742,-0.7111971,-0.02334559,2.2135975,0.45353198,-0.54303914,1.2921116,0.51270086,0.3004726,0.32328925
-0.05249869,-5.081582,-0.9203349,-0.2826329,-0.25452837,0.063368164,-0.06904647,-1.989186,-0.66770214,0.7435298,-0.6630614,0.32159388,-0.1540124,-0.28252906
0.05359011,4.110841,1.4560971,0.35654598,0.21620123,1.6680642,-0.05089707,1.9554546,0.4669986,-0.49359363,1.2076406,-0.33266866,-0.0604511,0.30615872
0.05397981,4.1146617,1.7163476,0.32592225,0.23906781,1.5717702,0.18423596,1.8960798,0.46491262,-0.4669217,1.2063189,-0.3065914,-0.06018853,0.27139732
0.057664458,4.1116366,2.0000331,0.4070906,0.2633083,0.3219972,-0.059019428,2.17966,0.48713657,-0.5103181,1.5687944,-0.3495203,-0.0812555,0.27509925
-0.037204035,-5.1226034,-2.9623382,-0.19997017,0.21979214,0.052635953,-0.04248262,-0.7428326,0.43101096,-0.68799806,-0.59465164,0.6980557,-0.13751176,0.2865788
-0.04093235,4.75917,-0.42380813,-0.31320503,0.07930366,2.9583044,-0.18898594,1.9332207,0.48671743,-0.5998172,-0.23119348,-0.50673264,-0.13072526,-0.36602733
0.060416993,4.0045276,2.2378368,0.38682917,0.26843655,-0.7609595,-0.023386687,2.225675,0.47056353,-0.57075167,1.6858045,-0.44581562,-0.083830364,-0.08140995
0.037275903,-0.2507044,2.709839,0.42034143,0.12870596,-0.6746787,0.12580477,3.0049043,0.67640907,1.0493194,0.96600676,-0.38500682,-0.071321726,0.20696457
0.031979043,-4.9072785,-3.0138083,-0.2667639,0.06927166,-0.8438947,0.11992784,-0.45727715,-0.13293634,-0.6832455,-0.5785858,0.44005492,0.49992046,-0.26612726
0.03958959,-4.6405773,-2.9503913,-0.2650426,0.31922683,-0.9192776,0.13995966,-0.89025253,-0.4073114,-0.6784095,-0.30978104,-0.49585897,0.5577665,0.3254978
-0.04804476,4.760034,-0.6802219,0.14306492,-0.35729358,-0.09855466,-0.033760853,2.2815716,0.5008132,-0.6334736,-0.08333208,0.9031531,-0.14973833,0.41686955
0.056692246,4.190135,2.0611503,0.35960162,0.23884386,1.4541781,-0.023847468,1.7736287,-0.22001134,-0.45281723,1.2135001,-0.32344234,-0.05888733,0.30317342
-0.047981463,5.4597635,-0.23073004,0.41842228,-0.21082288,2.698207,0.19712624,-0.034926705,-0.1877153,0.55574477,0.852091,-0.4097889,-0.086022116,0.35878304
-0.036918327,4.0684466,2.0504968,0.33887088,0.24436463,1.4520926,-0.020641917,1.8596128,0.45697695,-0.46654168,1.1998341,-0.3115883,-0.078482345,-0.078790374
0.05974775,4.1175895,1.7761999,0.23146668,0.2570742,-0.7218266,0.18826844,2.1691601,0.45016608,-0.5442897,1.3006934,0.50428647,0.3196021,0.32355413
0.056995224,4.134851,1.6307805,0.3888745,0.26226887,0.3154079,0.18862532,2.160024,0.48635185,-0.5429202,1.5526181,-0.38414922,-0.042957574,0.31687444
0.0421785,-4.555088,-2.9453878,0.44357398,-0.20775524,-0.74207705,-0.069816746,-1.4905602,-0.13864818,-0.18241936,0.83087456,-0.3850495,-0.09401444,-0.102631025
-0.030556649,-0.25363567,2.598474,-0.1543656,0.16479869,1.1577603,-0.07793847,3.1244228,0.7572456,1.0378947,-0.13737118,-0.46312597,-0.105975024,0.21279219
-0.030379813,-5.3576317,-3.6657858,-0.31411946,0.28015748,0.6781506,0.13601345,1.5705669,0.43521887,-0.85025394,-0.38453498,-0.67863685,-0.15090685,-0.21753497
0.05628076,0.40586346,3.2951217,0.46890917,-0.25474674,-0.6929946,-0.0182542,2.4516628,0.47880504,-0.6950707,1.8422519,-0.31426468,-0.09180142,0.23750865
0.060218457,4.1277394,1.6493628,0.36645252,0.24403264,0.18554103,0.18423596,2.1672032,0.49078962,-0.52543205,1.4090831,-0.38465032,0.31515443,0.27665156
0.074970216,-3.908287,-2.6439428,0.2601679,0.20846839,-0.8733956,0.1834098,-2.293901,-0.49484316,-0.5643309,-0.33899778,-0.40223876,0.54677916,-0.22739375
0.04815315,4.897573,-0.35449085,-0.23363255,0.06624501,2.3388102,0.13403562,1.8071768,0.45602745,-0.5091948,-0.5950963,0.62618214,0.3414355,0.3557141
0.057491902,4.095194,1.9600655,0.37010345,0.21618791,0.6319975,0.089632645,2.150003,0.5071001,-0.49768516,1.5382714,-0.3439459,-0.074206606,0.04571963
-0.030387774,0.28825366,3.1543696,-0.14996083,0.35427457,0.30545837,-0.026494741,2.5586572,0.54847956,-0.63140136,1.7339156,-0.43460587,-0.09768525,-0.35652655
-0.07932976,5.451139,-0.2277474,0.09784627,0.18536285,3.4793382,0.2600079,-1.9773667,-0.12325673,0.56885487,-0.25627735,-0.4809824,-0.15027638,0.40480915
0.08902447,5.1035304,-0.14172772,0.33464754,0.15087737,3.0535214,0.2583629,-3.324933,-0.53466535,0.49029866,0.98363596,-0.31940952,-0.053710345,0.41109672
-0.045489382,5.4971223,-0.26394013,-0.18272494,0.32655925,3.328191,-0.15274437,-0.1239959,0.47107637,-0.4896355,-0.59403205,-0.49393153,-0.13773888,0.39950567
0.037805982,0.32837325,2.7138677,0.3421022,0.2503836,1.3981847,-0.03396887,2.4315026,0.52092564,-0.59160674,1.3738902,-0.23500659,-0.06258867,-0.34848082
-0.0394282,4.9914346,-0.5596516,-0.29745388,0.3092209,0.38363564,-0.03623077,2.1600296,-0.049816575,-0.6031631,-0.31790262,0.9452048,-0.139874,0.45844796
0.05397981,4.080395,1.729036,0.34165305,0.23999019,1.5749047,-0.0034176675,1.9437582,0.49547657,-0.4714825,1.2077094,-0.31405026,-0.0603324,0.049828034
0.05628076,0.4025193,3.2957263,0.47485402,-0.28155938,-0.50145423,-0.0182542,2.4538355,0.52059215,-0.7027862,1.8476992,-0.3153666,-0.09365046,0.052020375
0.04440562,0.3129109,2.6872585,0.31854743,0.23750317,1.3197718,0.14026636,2.3515787,0.48290774,-0.5618473,1.2490528,-0.23807709,0.23723859,0.26771864
0.04479532,0.36214375,2.7057676,0.34300488,0.249855,1.3894199,-0.022843827,2.405247,0.48804277,-0.573638,1.3644733,-0.24910818,-0.058142614,0.23671924
0.057664458,4.088671,1.994248,0.3655554,0.25721285,0.32776842,-0.0034176675,2.2118921,0.48754838,-0.50569147,1.5665627,-0.41869056,-0.084397346,0.273616
0.060016606,4.006669,2.2407532,0.394641,0.26751417,-0.7394577,-0.020641917,2.1741724,0.45390198,-0.56771255,1.67517,-0.39958766,-0.0836865,0.27446967
0.057664458,4.107407,1.9801275,0.3653893,0.25933957,0.32396108,-0.048550293,2.2129602,0.46758008,-0.505124,1.549226,-0.38019666,-0.083194464,0.27795333
-0.03557723,-0.36128467,2.2612498,-0.30310184,-0.3258864,1.7230082,-0.026602283,2.7507563,0.75133604,0.98356783,-0.6820814,0.5020149,-0.096693516,0.26591146
0.03864923,-0.39873642,2.532203,-0.3416388,0.2721533,0.07975705,0.12313995,3.0862498,0.76248693,1.1177574,-0.66139406,-0.5457879,0.41945946,0.25956348
-0.029979296,-0.17782141,2.648469,0.37428072,0.25839558,0.17754382,-0.006031269,3.19982,0.8112031,1.0816076,0.023262186,-0.34323075,-0.11098673,0.036266338
-0.040194158,4.8655725,-0.43296775,-0.23257193,0.35358185,2.5802858,0.17947401,1.8389299,0.48728657,-0.5460512,-0.2574548,0.700533,-0.11103162,-0.39135668
0.055248294,-0.08641729,2.675517,0.42601442,-0.22671035,-0.6173897,-0.036032896,2.916182,0.6960186,0.988064,1.4069861,-0.2963552,0.29047567,-0.0613125
-0.03290339,-4.868196,-2.877478,-0.19751316,0.34654227,0.16115026,-0.04268151,-0.5534209,-0.490127,-0.63059396,-0.66330415,0.6488026,-0.13222033,-0.2659814
0.04894728,0.21386151,2.9619963,-0.094649345,0.16033088,0.7183052,-0.026494741,2.4959598,0.53661585,-0.5869142,1.426726,-0.024099486,0.27846324,-0.35484368
0.051130813,4.9112525,-0.43869385,-0.25662214,0.2674414,2.459533,0.19107229,1.748366,0.48308876,-0.5283147,-0.15071754,0.62669986,0.3403726,-0.38716093
0.037133336,-0.3966843,2.494997,-0.25312707,0.32130042,0.1256771,-0.041661043,3.172228,0.80519813,1.0312505,-0.6722848,0.56746453,0.3415553,0.27562785
0.060701314,4.111311,1.7321523,0.4053376,-0.20783605,1.606366,0.07238772,1.8815072,0.46575293,-0.49682862,1.2299011,-0.3724777,-0.06688921,0.2727639
0.05359011,4.1576276,1.4373736,0.2901441,0.1034554,1.5933955,-0.05089707,1.9448223,0.44830686,-0.48303097,1.0809613,-0.35966584,0.26808137,0.30767053
-0.0372622,3.9295666,2.0633454,-0.17827773,0.25131783,1.7446662,-0.021433314,1.9221622,0.5215415,0.5779252,-0.07026843,-0.4160143,-0.110317044,0.27096972
0.0495872,0.3912987,3.2973313,0.39543873,0.2738572,-0.3468568,0.017926086,2.5389655,0.5320958,-0.66127145,1.8135655,-0.3110983,-0.076277174,-0.056382593
0.056995224,4.1084356,1.6418421,0.38571933,0.25974604,0.30884922,-0.022988696,2.2108586,0.49066755,-0.53647923,1.5532167,-0.38332027,0.023631506,0.31687444
0.04479532,0.4151653,2.7028096,0.33399928,0.25016847,1.3796562,-0.086117834,2.4181638,0.5163318,-0.58060926,1.3669218,-0.23601131,-0.058286484,-0.05231348
0.05166593,0.38294888,2.6909287,0.3890723,-0.23355997,1.3453418,-0.025588594,2.3637173,0.51538986,-0.59783864,1.2897438,-0.22176181,0.25995606,-0.07162922
0.057664458,4.091865,2.0161572,0.33784357,0.24364422,0.31426382,0.07238772,2.179611,0.5190855,-0.4981471,1.4792157,-0.34055316,0.18249813,0.048078146
0.040711284,-1.7042212,-3.322636,0.42659825,-0.15445404,-0.049615525,-0.10997624,-3.5869415,-0.7728545,0.6861605,-0.26909322,-0.3314014,-0.13603108,-0.0667331
0.05397981,4.1111455,1.4585615,0.34031776,0.24412377,1.6722851,-0.059019428,1.9570638,0.46692553,-0.49359363,1.212777,-0.32881793,-0.06018853,0.27563342
0.05397981,4.150228,1.4470457,0.30643454,0.23177196,1.5903506,0.1909721,1.8945022,0.46241444,-0.47985554,1.0957454,-0.31055984,0.24581815,0.27508527
0.05359011,4.169392,1.4323034,0.2897436,0.24653398,1.5404549,-0.02334559,1.9797238,0.4543122,-0.46732295,1.0972205,0.32432312,-0.056758936,0.31092831
0.05543517,4.956609,-0.27534595,-0.28829408,-0.35395813,2.3653314,0.19783217,1.7465372,-0.053235438,-0.5284334,-0.47908944,0.64945143,0.36867523,0.39971593
-0.0351858,-0.21234755,2.3474522,0.39791006,-0.19467023,1.4940331,0.12580477,2.6773484,0.6735954,0.8722441,1.1002105,-0.22370009,-0.07680139,0.03907755
0.07452805,-3.917204,-2.5888093,0.37632337,-0.15315711,-0.79757947,0.19139963,-2.4724486,-0.5601213,0.68534416,-0.5813715,-0.3412423,0.44258386,-0.07149602
0.049808484,4.009442,1.8207092,0.4003971,0.2681082,-0.57336944,-0.14099869,2.2203581,0.4830689,-0.6081611,1.7117616,-0.41745767,-0.092282705,0.3219809
-0.03509416,-4.358724,-2.5926445,-0.2515939,0.3104009,0.22470023,-0.12992175,-1.805772,-0.31156662,-0.6291858,-0.6469343,0.6350553,-0.14069565,-0.24513559
0.056143966,3.9125066,2.3866215,0.38455057,0.22438093,0.2383777,-0.14977796,2.029715,-0.12652443,0.5361357,1.373593,-0.3484564,-0.06361639,-0.10767486
0.05397981,4.084772,1.7217051,0.33265045,0.23906781,1.5731907,-0.048550293,1.9452444,0.46491262,-0.46763778,1.205656,-0.31245,-0.06018853,0.27108255
0.05359011,4.1117053,1.4539088,0.33370456,0.24412377,1.6649677,-0.05089707,1.9541708,0.4666523,-0.492908,1.2060138,-0.3216682,-0.05322193,0.3070262
0.057664458,4.0547194,2.013305,0.37860903,0.2469887,0.26721296,-0.020641917,2.2399185,0.5175383,-0.5144692,1.5658137,-0.35698837,-0.0812555,-0.080277316
0.037081264,0.34705263,2.701712,0.33255142,0.249855,1.3856068,-0.020600978,2.408657,0.48811585,-0.57292193,1.363146,-0.2389928,-0.058405187,0.26791558
0.060804848,4.7488008,-0.36751035,-0.2612228,-0.32025012,2.3791914,-0.18123493,1.848381,0.49050638,-0.5433647,0.0068019866,0.6140434,0.34830922,-0.3698732
0.057664458,4.133952,1.6392422,0.35070488,0.24403264,0.2692629,0.07238772,2.1878543,0.49084815,-0.5231331,1.406652,-0.43054232,0.30408454,0.28115803
-0.048223726,4.69873,-0.4941338,-0.34087747,-0.35645914,3.0402339,-0.13364802,1.86818,0.50181323,-0.6248594,-0.70237166,-0.5852689,-0.14196129,-0.37317446
0.051628258,0.32506615,2.667517,0.38339692,-0.19136056,1.2811315,-0.033669855,2.38633,0.50070286,-0.58916444,1.240733,0.018284943,0.25932428,-0.052691534
0.05397981,4.1239133,1.456137,0.30643454,0.23177196,1.5898025,-0.020641917,1.945083,0.46618193,-0.47985554,1.0957958,-0.31055984,0.24754615,0.27500188
-0.042650666,-6.283415,-1.5879637,-0.38992646,-0.3616778,-1.1433669,-0.05340988,1.6137224,0.4374972,-0.99394363,-0.7889676,-0.64165235,-0.18125229,-0.29731312
0.070973605,4.0388446,2.3523376,-0.2923504,-0.2943365,0.55216956,0.14730228,1.9898338,0.5543568,0.6288373,-0.6583675,0.55295163,0.36287057,-0.34346646
0.060405683,4.8949695,-0.38419923,-0.23543043,0.06653609,2.3501627,0.18105577,1.7530558,0.46586367,-0.5266163,-0.63031745,0.6375609,0.3414355,0.36723784
0.0439142,0.28098923,2.6312315,-0.1400164,-0.2895488,1.2846541,-0.0255475,2.3505456,0.50125325,-0.58617777,1.2127355,0.4299723,0.24216555,0.2747223
0.05610055,-0.20877649,2.6961677,-0.3851228,0.32982737,-0.7803586,-0.02608097,3.1099536,0.8126963,1.2547079,-0.80226314,-0.5797693,0.42374405,-0.31914267
0.060218457,4.10414,1.6371053,0.39575127,0.26585284,0.17694023,0.19433005,2.1910384,0.5237605,-0.55531955,1.6023026,-0.3893046,-0.08001837,0.041967742
-0.031169767,-0.27756584,2.6477797,-0.33091748,0.35925707,-0.5465602,-0.026602283,3.1732757,0.8150049,1.2581518,-0.75598097,0.017054852,-0.13339105,0.2744096
0.037048325,0.34798223,2.7048247,0.33266652,0.249855,1.3909112,-0.0182542,2.4144156,0.48804277,-0.5729524,1.3681953,-0.23997031,-0.064149976,0.23665284
0.076771826,4.78845,-0.73352176,0.375753,-0.26558444,0.24264342,-0.03592642,2.1765869,0.44991815,-0.5747255,0.86499184,0.16865939,0.39430285,-0.4099841
0.056539964,4.1381545,1.5888505,0.2582633,0.24641983,0.28561166,-0.14135559,2.224334,0.48235422,-0.48524624,1.214426,0.51547164,0.2739629,0.32109645
0.037048325,0.36270165,2.7041764,0.37445942,0.06255122,1.3952686,-0.03331296,2.4111493,0.48794967,-0.5757721,1.3707799,-0.23899888,-0.064149976,0.2370394
0.05359011,4.1293664,1.4560971,0.34031776,0.24412377,1.6680051,0.020352907,1.9536353,0.46693942,-0.49359363,1.2075815,-0.32862556,-0.060510267,0.30639535
0.057664458,4.0727806,1.9951903,0.36906615,0.25813523,0.31619048,0.06964295,2.231609,0.51734596,-0.5094162,1.5687188,-0.35527515,-0.084397346,-0.10151129
-0.037388418,-0.27380282,2.5477571,-0.39716128,-0.43858615,-0.64282846,0.059480388,3.0734775,0.8586378,1.2890406,-0.8194459,0.6744067,-0.12307986,-0.30774394
0.04968266,-0.19836111,2.7303777,0.3388,0.23014474,-0.64966357,0.015608853,3.0960793,0.6892733,0.98180276,0.7858077,-0.401861,0.28634775,-0.009721641
0.059950117,-0.21561752,2.6483147,-0.3760586,-0.30503207,-0.6003019,-0.030450046,3.0108168,0.76279634,1.2526083,-0.7177543,-0.45198512,0.46940976,0.2697687
-0.037466224,4.7217207,-0.44809517,0.36764076,0.22301368,2.1697037,-0.030997382,1.7999787,0.43807468,-0.49820542,1.2435194,-0.37561846,-0.08111939,0.05472806
0.045576077,-0.24670051,2.4832606,-0.34696713,-0.28047013,0.8516271,-0.20327316,3.0803328,0.8096792,1.14641,-0.6833451,-0.34979254,0.396401,-0.28471246
0.056249615,4.167069,1.5936002,0.2153458,0.23384528,0.9132317,-0.061723094,2.1767364,0.4611051,-0.46158558,1.1218122,0.47685158,0.23823462,0.31621554
-0.040676072,4.058814,2.1176302,0.29275447,0.27812785,-0.7195462,0.19397315,2.2210062,0.4836726,-0.54842514,1.4355549,0.53882843,-0.09378266,0.04889062
-0.03113568,0.3847816,3.3511584,-0.12844847,0.09167497,-0.35571098,-0.021548217,2.5507178,0.5661196,-0.68783736,1.8248775,-0.36227563,-0.10648881,-0.3685004
-0.043606933,4.7925324,-0.42552587,-0.31769633,-0.32878268,2.8674626,0.19357333,1.7630384,0.43955594,-0.60611725,-0.02628438,-0.4853007,-0.13363169,0.35645127
0.05359011,4.1411,1.4469154,0.34444097,0.21620123,1.6666995,0.19198327,1.9074844,0.46262372,-0.492908,1.2082443,-0.32276696,-0.060510267,0.30639535
-0.047920596,4.746416,-0.7060844,0.16731715,-0.3178266,-0.09067265,-0.19737273,2.1024513,0.48442924,-0.6040697,0.92283845,0.7652022,-0.11223841,0.09833578
-0.03139287,-0.18918209,2.743633,0.13053158,0.20379527,-0.50433385,-0.07506574,3.242245,0.8372492,1.1120359,-0.038004667,0.65573674,-0.10235652,-0.2995141
0.04849119,-0.23777486,2.6288855,0.35213074,0.1893093,0.20487593,-0.01634273,3.1134205,0.70477504,0.8938814,0.7445704,-0.2657327,0.27342907,0.21213998
-0.03136412,-0.20577039,2.632896,0.09626606,0.26985854,0.07939837,0.12594679,3.1741905,0.7969682,1.1199516,-0.12307124,-0.42535144,-0.12495675,0.21367069
-0.039648566,-4.55312,-2.8814454,-0.34321842,-0.2964047,-0.9688775,-0.08700146,-0.8828308,-0.1814326,-0.17759794,-0.61729294,-0.7528252,-0.16318382,0.23190378
0.04479532,0.3472529,2.7057738,0.34300488,0.249855,1.3882483,-0.0182542,2.3990815,0.4879976,-0.573638,1.3573092,-0.24898086,-0.037536643,0.23655917
0.057664458,4.1334414,1.6387786,0.35760978,0.24403264,0.31351098,0.18423596,2.1517372,0.49033096,-0.5195098,1.4026779,-0.3668808,0.30408454,0.28068388
-0.03971835,-4.4958634,-2.9992602,0.04817485,-0.25337106,-1.0130516,0.1244705,-1.1891944,0.37510535,-0.8271711,-0.28501934,-0.54457307,-0.17623404,0.20977703
0.060016606,4.0277557,2.2329438,0.39435253,0.26751417,-0.7395011,0.19433005,2.1281369,0.44958627,-0.56765395,1.675236,-0.39958766,-0.088508405,0.27494383
0.03761129,-0.33490574,2.2903712,-0.2823189,0.048872948,1.5944422,-0.026165804,2.8334413,0.7681071,0.9386932,-0.63220626,0.4662655,0.2771967,-0.2995576
0.0608407,4.093913,1.6779062,0.35735098,0.24945156,0.07405737,-0.059019428,2.2202065,0.4886041,-0.526147,1.4619017,-0.37525412,0.31859306,0.27938753
0.06519521,4.233276,2.3171701,0.46393603,-0.26469418,0.8658942,0.19788067,1.7835736,-0.5849379,-0.48037812,1.5149455,-0.337025,-0.07081074,0.3042121
0.03835903,0.285088,3.2651923,0.42799735,0.18652384,-0.48767582,0.13986836,2.4842038,0.49370992,-0.6753835,1.8117313,-0.42021418,-0.080941305,-0.05098411
0.05397981,4.1239133,1.4554889,0.30643454,0.23177196,1.5891545,-0.020641917,1.945083,0.4660888,-0.47985554,1.0962137,-0.3203497,0.24754615,0.27500188
0.044069044,-0.097749636,2.6698468,0.23268563,-0.34094796,-0.6766023,-0.19264762,3.0529885,0.7196566,1.0923243,0.91154397,-0.36014947,-0.088300176,-0.009743056
0.04938477,4.10291,1.7766783,0.29378864,0.2768621,-0.767821,0.19162638,2.1990242,0.45258394,-0.57263434,1.4328514,0.5362834,-0.081883065,0.32240435
0.05397981,4.114471,1.7203326,0.32603732,0.23906781,1.5719843,0.07238772,1.9345913,0.46491262,-0.4669522,1.2067641,-0.3065914,-0.06482378,0.27108255
-0.030553771,0.25145274,3.2257078,0.40948695,0.1858709,-0.6240035,0.13216217,2.473548,0.46613833,-0.65851897,1.7044717,0.1588399,-0.09407523,0.24320018
0.059419524,-5.7888865,-0.8962967,-0.2673939,-0.29093266,0.030304141,-0.08415062,-1.0416493,-0.5283637,-0.6508675,-0.53272486,0.64249927,0.49967438,-0.29771465
0.049328204,4.050035,1.8425372,0.40622786,0.27257013,-0.80939806,0.07238772,2.2013075,0.46260694,-0.60884666,1.7182654,-0.42676467,-0.091650255,0.27960068
0.10950765,5.4443254,-0.1733187,0.44170007,-0.16350383,3.000418,-0.071259625,-2.100874,-0.21700343,0.5427922,0.95655954,-0.34991577,-0.057344157,0.10360239
0.06042305,4.0910077,1.4474376,0.4131199,-0.27174878,1.7085156,-0.05089707,1.8932701,0.46726862,-0.5228149,1.239147,-0.32971522,-0.06721095,0.31111282
0.060416993,4.0491533,1.8300176,0.36250412,0.254334,-0.8039241,0.07238772,2.1702707,0.46091688,-0.5765365,1.5268582,-0.39934206,0.33220792,0.27885854
0.037059344,-0.09509821,2.7369125,0.019524205,0.26330936,-0.65044415,-0.20275463,3.0917926,0.78781635,1.086297,0.65086764,-0.40536264,-0.08421808,-0.001005348
0.06748495,4.1075177,2.719732,0.4818542,-0.29862678,-0.74826044,0.18103041,1.8142809,-0.22071475,-0.5129174,1.7040067,-0.3956827,-0.08641003,0.31368345
0.03672404,-0.16386344,2.387198,0.31983027,0.22073779,1.5583801,-0.027548932,2.7884603,0.68237996,0.8409087,0.7781036,-0.22825249,-0.054243997,-0.063094966
0.04440562,0.36192626,2.7097318,-0.112636134,0.10523787,1.358164,-0.020600978,2.3913505,0.5131293,-0.56469077,1.2536285,-0.27004492,0.26616666,0.26968694
0.04013469,-4.3207254,-2.676988,-0.21783571,0.03729567,-0.807855,0.18388203,-1.6299158,-0.2868493,-0.6335101,-0.5947244,0.668196,0.4909929,-0.24931334
0.059347365,4.0565023,1.8181618,0.36250412,0.254334,-0.7496461,0.18188916,2.1217601,0.45787978,-0.57996297,1.5214843,-0.3988693,0.3137985,0.31703538
0.043802768,0.2887748,2.6427004,0.15609577,-0.20931493,1.3368062,-0.08101772,2.3685803,0.49477473,-0.58548445,1.2665178,0.44294363,-0.033904754,0.27514935
0.056995224,4.1285024,1.6323252,0.39436635,0.26226887,0.3166206,0.19198327,2.1667635,0.48682988,-0.5429202,1.5744901,-0.38937914,-0.07700566,0.3156029
-0.039154213,-4.0402184,-2.6085255,-0.21543173,0.16541633,-0.58024454,-0.10567694,-1.8931919,-0.5777625,0.75427336,-0.63681,0.6334328,-0.1311082,-0.23867097
-0.029890923,-0.155434,2.4135213,0.25690964,0.23544598,1.8084927,0.1373379,2.8322358,0.716353,0.9368433,0.09696904,-0.28219604,-0.09324258,-0.2672792
-0.03677667,-0.31978226,2.5375226,-0.35932165,-0.43741795,-0.7105742,0.12177262,3.0509682,0.8057294,1.245475,-0.80816126,0.6853333,-0.124920234,0.27279922
0.03784442,-0.3709026,2.486472,-0.31503278,0.26220837,0.5349651,-0.026602283,3.1342082,0.7659647,1.0692043,-0.7082587,-0.35587978,0.39782867,0.2654325
-0.038800094,-2.7779763,-2.2280111,0.017735712,0.30329832,-1.1984061,-0.04460653,-0.87683195,-0.32625344,-1.0001016,-0.46440375,-0.6473931,-0.17352635,-0.4339014
0.051628258,0.40045238,2.7009404,0.41942945,-0.25073105,1.4220796,-0.07910665,2.3551505,0.51670897,-0.6102843,1.3896182,-0.23863555,-0.0443812,-0.062793635
-0.089460775,5.4189696,-0.19853841,-0.19524978,0.2560709,3.3015063,-0.1029635,-2.1870728,-0.63055086,0.55639577,-0.5434365,0.38814482,-0.14394443,0.41962382
0.060016606,4.0646453,2.1387029,0.32873082,0.27180615,-0.68968445,-0.020998811,2.2117474,0.4439164,-0.5447275,1.4458516,0.37837487,-0.0853398,0.28011033
-0.037490588,4.738937,-0.45075902,0.1381816,0.251956,2.4029477,-0.06274295,1.8473547,0.47805443,-0.5284526,0.88243306,-0.47372735,-0.089818,0.05001727
0.06495592,4.1868525,2.4840384,0.48402053,-0.28466722,0.31762716,0.18103041,1.8219678,-0.22544536,-0.5077082,1.5960528,-0.36482722,-0.0814084,0.31341982
0.057664458,4.0551543,2.007288,0.3686897,0.25813523,0.2673979,-0.020641917,2.2371676,0.5175383,-0.51378363,1.5680752,-0.34954026,-0.07662025,-0.08054628
-0.030200392,-0.31239665,2.3008285,-0.30876476,0.32718405,1.8795288,0.013380503,2.8499193,0.7537623,1.0050349,-0.61107516,-0.32098874,-0.10514473,-0.2778344
0.055537265,4.1081767,2.0776684,0.10203779,0.2392559,1.5634247,0.18980865,1.8161644,0.48990878,-0.4636195,0.76067996,-0.33832836,0.2768096,-0.32192945
0.060416993,4.0668535,1.8028221,0.36271074,0.25653794,-0.7809583,-0.020641917,2.1879358,0.44351143,-0.57938516,1.5334139,-0.42192042,0.3090865,0.28033352
0.03821603,0.20747255,2.9130895,-0.1063956,0.11605593,0.6798856,-0.0783918,2.4907098,0.5423387,-0.59744895,1.3850621,0.44806576,0.23882245,-0.35296333
0.04984654,4.2469597,2.3996353,0.36513484,0.23884386,1.0410273,-0.023847468,1.9720396,-0.60233927,-0.46464393,0.90228313,-0.33868083,-0.06251148,0.3030883
0.043881264,0.34245032,2.6852787,0.41265884,-0.22305328,1.4227159,-0.022843827,2.375785,0.49754083,-0.6094307,1.4035243,-0.3460724,-0.06492861,-0.046689644
0.057209205,4.168313,1.5890279,0.2596513,0.2515103,0.2858727,-0.020998811,2.2402954,0.48630333,-0.49949932,1.3263688,0.5310805,0.12348725,0.28685006
0.053204905,4.0853267,2.071309,0.37060484,0.053630583,1.4599221,-0.020641917,1.7800245,0.46882942,-0.47063097,1.1986117,-0.30265385,-0.058854196,0.0018923704
0.060364213,4.029778,2.0128646,0.37838402,0.25813523,0.18123463,-0.06176419,2.27583,0.51829255,-0.5186083,1.5811951,-0.35853967,-0.08001837,-0.13800971
-0.035526644,-1.1925789,-3.3469927,-0.29111576,0.22592606,-0.78259546,-0.1083731,-3.3507674,-0.73993325,0.7453936,-0.8160881,-0.4529015,-0.16666266,-0.27544126
0.057664458,4.107433,1.9900186,0.3655554,0.25721285,0.32708052,0.18423596,2.1451488,0.48593625,-0.50569147,1.5453603,-0.34769452,-0.044022538,0.2750618
0.06397509,4.0746455,2.488789,0.44851047,-0.28544873,0.3363548,0.035266664,1.8818883,0.47451675,-0.5238311,1.5750217,-0.33798105,-0.07425571,-0.010436925
0.057374116,4.0943623,1.9088002,0.38486522,0.05386465,0.8819735,-0.020641917,2.155606,0.4713512,-0.48202747,1.4756582,-0.32039335,-0.06920605,0.27252856
-0.035083566,-3.7154992,-2.5366013,-0.20728727,0.2733354,-0.8325437,0.010529332,-2.5512455,-0.592982,0.7168773,-0.64029664,-0.51849794,-0.1539779,-0.2187112
-0.038720883,4.7821236,-0.44873568,-0.3014126,0.08281068,2.9105113,-0.036257137,1.8829753,0.47022,-0.58289516,-0.6841669,-0.53730315,-0.13512026,0.35455847
0.055109475,4.6048074,-0.9541028,0.51445085,-0.23742203,-1.2762523,0.06195106,1.8244437,0.3761866,-0.65193546,1.9394304,-0.44796252,-0.10396258,0.363505
-0.040623844,4.7946534,-0.42602924,-0.22161776,0.3566084,2.5312393,0.14551169,1.9279127,0.5133924,-0.54134077,-0.7491688,0.68843406,-0.11103162,-0.376528
-0.034438506,-4.016734,-2.546542,0.31039277,-0.15432844,0.40549868,-0.072506316,-2.638488,-0.5908695,0.59380585,-0.22481096,0.43181914,-0.1266902,-0.22582571
0.0495872,0.4449888,3.2973313,0.3911152,0.2738572,-0.4865411,-0.025588594,2.5445392,0.51797134,-0.67203057,1.803994,-0.31492707,-0.07762523,-0.056382593
-0.029605806,-0.37197715,2.249002,-0.34214246,0.2687095,1.6593015,0.055917576,2.8002465,0.7479063,0.9442793,-0.66365206,0.5064425,-0.08919559,0.26529312
0.066727616,4.072405,2.663563,0.4627876,-0.3105788,-0.54293114,0.19788067,1.799435,-0.103272006,-0.5431266,1.5044092,-0.39283192,0.34265977,0.31503958
-0.035537988,-0.14190893,2.5486145,0.4447648,-0.21494491,0.19618817,-0.02820187,2.977882,0.7251731,0.93590164,1.4450979,-0.26573882,-0.09147265,-0.07282645
0.057664458,4.108029,1.991913,0.36489415,0.25721285,0.32113162,0.19433005,2.144682,0.48223084,-0.5056432,1.5457071,-0.41803288,-0.044022538,0.27677524
-0.0458687,4.204538,2.6697636,0.48034608,-0.23627636,0.28342566,0.19000134,1.9759429,-0.6443822,-0.5442466,1.0423558,-0.3729177,-0.111254,-0.3452308
0.05628076,0.38714612,3.2716641,0.43988875,-0.26049072,-0.65581065,0.020670855,2.4355822,0.51020783,-0.6771394,1.6613283,-0.30017987,0.33920318,0.018252607
0.05308531,4.018501,1.9958423,0.3557094,0.20894738,1.3344326,0.1809137,1.8221877,-0.15938555,0.5053429,1.0846696,-0.31052297,-0.02355805,-0.017937232
0.045142975,-4.40602,-1.0499443,-0.20335715,0.25928023,-0.78061706,-0.12389363,-2.8546295,-0.65848994,0.7151793,-0.6308408,-0.43767253,0.5169966,-0.2507702
0.07716571,5.2049994,2.142765,0.3409768,0.21002237,1.9460276,-0.14993067,-0.86572313,-0.23671637,-0.46164164,0.83648247,-0.32810247,-0.058492634,0.35720283
-0.03781085,-0.3458932,2.571838,-0.46656132,-0.3124623,-0.08341485,0.1225625,3.1680555,0.8769913,1.2709694,-0.84033763,-0.017726554,-0.14308509,-0.3110594
-0.040939618,-2.2176046,-4.035595,-0.32365745,-0.31864223,-0.16796553,-0.080174774,-1.4132694,0.61195934,-0.9352588,-0.8302363,-0.5104415,-0.17420444,-0.2954276
-0.04462352,-5.9788127,-1.1868825,-0.33754015,-0.38559413,-1.0503917,0.1380062,-0.39488396,0.5333714,-0.8695726,-0.7156167,-0.004070107,-0.18160103,-0.29223278
0.056539964,4.1667485,1.5908778,0.26027298,0.25016502,0.2485992,-0.02334559,2.2398534,0.4846998,-0.50020546,1.2794021,0.52434874,0.1662793,0.32064345
-0.040619507,4.0933585,1.7824857,0.37221426,0.28226137,-0.7380995,0.18826844,2.2406902,0.4477255,-0.5983756,1.572336,0.059053548,-0.103394926,0.3221882
0.060016606,4.0886197,1.807458,0.38033506,0.07951529,-0.7224657,-0.020998811,2.224436,0.45169342,-0.5779427,1.471128,0.39467418,-0.07813003,0.2855036
0.059347365,4.090788,1.8201451,0.40441203,0.20321839,-0.7562357,0.18188916,2.088761,0.4559109,-0.59431976,1.5081998,-0.40907916,0.33389053,0.32251948
-0.03819932,4.074105,2.010834,0.3748098,0.25146562,0.281496,-0.020641917,2.243392,0.48917094,-0.5112309,1.5715402,-0.3615586,-0.09610454,0.2783258
0.05397981,4.076768,1.7289097,0.33616117,0.23999019,1.5766354,-0.020641917,1.9462836,0.4954618,-0.47136256,1.208114,-0.31000713,-0.0603324,0.04627389
0.09053254,5.4436555,-0.28922197,-0.21537024,-0.2940151,3.3174498,-0.14323558,-0.61834794,0.49000823,-0.5720358,-0.19577625,-0.46820846,0.45758152,-0.42029113
0.05616114,4.0233655,2.1451502,0.41066623,-0.3450435,-0.7450663,-0.048907183,2.1548657,0.4824145,-0.5802454,1.5159984,0.37250733,-0.09625808,0.047462303
0.04563601,-0.1431308,2.3991761,0.30237082,0.21234623,1.5259248,-0.074614584,2.800492,0.6857146,0.8497946,0.7351877,-0.22144063,0.14750113,-0.26401165
-0.04430449,4.728688,-0.4691932,-0.21618998,-0.34754375,2.9453304,-0.06158802,1.7757143,0.453784,-0.62447906,-0.24795052,-0.59237355,-0.13839479,0.35980368
-0.039721366,-4.258525,-2.6941173,-0.30508497,-0.28601167,-0.8707328,-0.10587672,-1.4429722,-0.4464999,-0.6464448,-0.66102624,0.733658,-0.16037317,0.32396904
0.060812753,4.1494412,1.4344438,0.3776974,-0.22661348,1.5459151,-0.020998811,1.9102134,0.4522584,-0.5011188,1.0536771,0.04540783,0.26973662,0.28231347
0.046265762,4.190881,1.4250653,0.25763804,0.24653398,1.527968,0.1815323,1.9319884,0.45538568,-0.46704584,1.0709348,0.4689064,-0.053268924,0.31100228
-0.027983986,-5.4520288,-3.6021726,-0.30689734,0.3178706,0.19050045,0.11738789,1.4897557,-0.19570029,-0.83348113,-0.6880075,-0.52962536,-0.16042681,0.28678215
0.058867615,4.07274,2.7207448,0.4190121,0.26951012,-0.7351849,-0.051755846,1.9074348,-0.14946446,-0.5392358,1.6565771,-0.4087306,-0.08653818,0.31523317
0.07860762,5.539643,-0.2125005,0.4341442,-0.23326565,2.5467453,0.06270469,-0.16126774,-0.18274227,-0.50118196,1.3690027,-0.3724452,-0.06519072,0.36576706
0.05974775,4.1134887,1.7729839,0.31237382,0.059727374,-0.72585493,0.1815323,2.16857,0.45550084,-0.5547761,1.3206469,0.5331534,0.25940204,0.3224112
-0.044096857,4.77397,-0.4553043,-0.21098754,-0.25440216,2.8656642,0.142669,1.7765336,0.5000869,-0.06038284,-0.60648173,-0.60513633,-0.13419108,0.35627806
-0.036039125,-6.0440326,1.4150133,-0.2917641,0.3625215,-0.8187346,-0.08107312,-1.2695524,0.43878314,-0.8310146,-0.38067612,-0.6381928,-0.16588135,0.22292928
-0.04022628,4.0614715,2.6004643,0.3331634,0.27461758,-0.6777121,-0.1468126,1.9818656,0.43852973,-0.5357402,1.4058957,0.4904897,-0.08841003,0.037590485
0.046232823,4.111964,1.706345,0.33291063,0.23107065,1.5669899,-0.0037745615,1.9720002,0.47685403,-0.46610817,1.1989331,-0.21464045,-0.067825176,0.047445867
-0.03419923,-1.9590619,-3.3637583,-0.11869222,0.29090312,0.8991604,-0.068973355,-3.2674823,-0.7354874,-0.51015615,-0.63918227,0.5418437,-0.124669895,-0.26009524
-0.031106599,-1.5746455,-5.493257,-0.16048345,0.09771222,-1.0761118,-0.03737637,2.0584676,0.42851812,-1.0858679,-0.88111037,-0.6896595,-0.16908441,-0.33595437
0.0608407,4.076338,1.8281745,0.44610432,0.2849723,-0.5983075,0.07238772,2.1802344,0.51451874,-0.61668074,1.7257606,-0.4154876,-0.083830364,0.04693942
0.06432483,4.0736365,1.9704952,0.4387824,-0.27054754,0.6602587,0.07238772,2.1236005,0.5040726,-0.52747214,1.5777022,-0.33598608,-0.0823868,-0.011470091
0.06351774,4.7227526,-0.7631588,-0.30029806,-0.34032825,-0.11885237,-0.14476725,2.2180989,0.5535282,-0.623223,-0.11357785,0.9056762,0.4776895,-0.42798066
-0.029670872,0.2484544,2.9627192,0.1498211,0.27547982,0.50783867,0.0012888,2.5609424,0.4976679,-0.57341856,1.5214747,0.46781963,-0.08077972,0.27817822
-0.03626933,0.37539375,3.1554692,-0.09822762,-0.39080355,-0.6123103,-0.08647473,2.4582894,0.49258795,-0.67842394,1.6229991,0.55926645,-0.103351824,0.23792301
0.06031839,4.071396,2.5054815,0.3907672,0.25711045,0.18377712,-0.020641917,1.9739822,0.4829506,-0.503597,1.5503083,-0.37051126,-0.074645735,-0.0017424806
-0.050165802,-5.568961,1.8499439,-0.22403938,-0.25213987,-0.53160906,-0.07916508,-1.776397,0.53728104,0.94196814,-0.14877866,-0.49411115,-0.14761199,-0.26180306
0.060416993,3.9990497,2.2320576,0.3833184,0.26751417,-0.7707853,-0.059019428,2.1898015,0.45791626,-0.567027,1.6924543,-0.38689655,-0.0836865,0.27446967
-0.029690161,0.22784226,2.626201,-0.09050433,0.334784,1.3260354,0.09174603,2.4011977,0.5333563,-0.5855415,1.2780379,0.4634363,-0.073676035,-0.3557782
0.049447816,0.41480953,3.2857814,0.38588274,0.27831915,-0.6537836,0.13251907,2.4928572,0.50961834,-0.67134494,1.8051958,-0.3063657,-0.08200032,-0.027546715
0.053260673,0.2801187,2.8584735,0.20533013,-0.21923693,0.80408514,-0.0255475,2.468281,0.487666,-0.5790113,1.3166175,0.4141156,0.253533,0.27724442
-0.036859155,-1.8988657,-3.28284,0.1740951,-0.2328722,-0.6767335,-0.042294364,-3.270781,-0.70507115,-0.6190944,-0.7070677,0.6295669,-0.15726802,0.008766325
0.051516827,0.29490882,2.6847212,0.3877395,-0.18786219,1.3466533,0.13050987,2.306651,0.48331267,-0.59018177,1.2813431,-0.2364821,0.25953248,0.23654099
0.06377822,4.6651635,-0.4539977,0.40307468,-0.24867797,2.1409626,-0.15681116,1.6651785,0.4447607,-0.53241193,1.2397636,-0.3610224,0.13133116,-0.08498559
0.09163569,5.0558486,2.7057843,0.039014164,0.16945519,0.48963475,0.25259975,-2.7516766,0.49196705,-0.058245327,-0.6004247,-0.3338598,0.5585872,0.4304928
-0.043044608,-4.8859277,-1.0773097,-0.26895168,0.2711252,-0.82008845,-0.0690777,-2.0508106,-0.5510706,0.7851491,-0.7107926,-0.60035706,-0.16731364,0.35170087
0.049047437,0.4233998,3.2941442,0.40051875,0.2500831,-0.63313437,-0.022843827,2.5006268,0.4743684,-0.6643737,1.7840494,-0.3192945,-0.08356162,0.23646975
0.060416993,4.067105,2.2155921,0.43261933,0.20599052,-0.5929072,0.06964295,2.1957076,0.47818422,-0.589988,1.6999817,-0.40086973,-0.087593265,-0.08139751
0.05508929,0.341035,3.0877378,0.41875464,-0.2855053,0.27311063,-0.0182542,2.4570549,0.53503627,-0.63145524,1.6820862,-0.33006358,0.22157313,0.052464873
-0.034147806,-4.692135,-2.955719,-0.3334622,-0.2946822,-0.818736,0.13534354,-0.50995475,-0.27674076,-0.8272747,-0.7067759,-0.5216907,-0.17871587,-0.26315242
-0.036556803,0.36669177,3.2704132,0.46550468,-0.26329547,-0.5055308,-0.011637626,2.4896898,0.49834305,-0.7020678,1.8581991,-0.41276398,-0.10510728,0.006518282
0.04479532,0.30671358,2.6312995,0.24371189,0.23957652,1.2327307,-0.08647473,2.4105983,0.4749132,-0.5453826,1.1699806,0.37967908,0.21960217,0.23478267
0.0644974,4.083499,1.9953885,0.4486881,-0.28954902,0.32864892,-0.0034176675,2.1635613,0.49772075,-0.54051155,1.5926172,-0.37697658,-0.07939878,-0.013236228
-0.030769372,-0.35466957,2.493215,-0.25319213,0.33769163,0.44175717,-0.026165804,3.2607236,0.8755384,1.0811261,-0.68293965,0.5809035,-0.10207318,-0.2893591
0.094304755,5.5545077,-0.17966183,0.4362639,-0.20392837,2.9565094,-0.18377519,-1.8184642,-0.18122128,-0.49289694,1.3280003,-0.37026706,-0.082094945,0.39332956
0.057117198,4.8765044,-0.39047924,0.34375826,0.23592056,2.281136,0.17866367,1.686305,-0.14649674,-0.48085,0.767076,-0.38628674,0.24659905,0.32434034
0.0374839,-4.1891437,-2.5636532,0.053590264,0.14333043,1.026579,0.18313248,-2.482388,-0.5458155,0.55546784,-0.5461087,-0.27116242,0.364518,-0.216084
0.0608407,4.0792456,1.8251774,0.4447333,0.2849723,-0.45341992,0.19433005,2.171086,0.52254474,-0.6049889,1.7237709,-0.40839893,-0.08248231,-0.0037295206
0.040126912,-4.17027,-2.8121257,0.013746595,0.21852629,-0.9483126,-0.0389446,-2.0475614,0.44136313,-0.2158483,-0.28382388,-0.56791806,-0.0691668,-0.2180825
0.056530852,4.7731566,-0.42966875,0.32808307,0.20515995,2.0918927,0.1806735,1.7142507,0.40346563,-0.48690373,1.1685007,-0.3693301,0.16098961,0.2887736
0.059549216,4.1139092,1.6515641,0.39856514,0.26226887,0.17311093,0.03291988,2.2257402,0.491505,-0.5521019,1.5862821,-0.3987228,-0.07709866,0.31157053
0.04479532,0.38414067,2.7097063,0.38624564,0.06005263,1.3957037,-0.022843827,2.3986893,0.5185615,-0.58466476,1.3518723,-0.24547853,-0.028783329,0.051763196
-0.047119856,5.483918,-0.33263817,0.40123117,-0.25647622,2.8568861,0.18335573,0.10856888,0.41454363,-0.51979786,0.94783676,-0.37468538,-0.09255687,0.33553916
0.05397981,4.1143756,1.7217051,0.33265045,0.23906781,1.5731907,0.089632645,1.9226844,0.46491262,-0.46763778,1.2050575,-0.31245,-0.06018853,0.27108255
0.05397981,4.181619,1.4514375,0.34834257,0.25167632,1.603822,0.18423596,1.86695,0.4671481,-0.48420298,1.1041982,-0.37928775,0.23546302,0.27532923
0.05397981,4.120646,1.7196846,0.36794528,0.25897217,1.5796957,-0.059019428,1.9181383,0.4648195,-0.46980232,1.2095021,-0.30561998,-0.06018853,0.2713265
-0.04913035,4.208374,2.5888875,-0.16033943,0.36039075,0.25019354,0.1766576,2.1456087,-0.64565027,-0.5794715,-0.35307336,0.12342578,-0.16455087,-0.36380458
0.03967403,-1.4182842,-3.3640864,0.29384094,-0.16121069,0.4052829,-0.10554295,-3.5984669,-0.77738863,0.5898873,-0.7113245,0.37942207,-0.075870894,-0.2667862
0.056692246,4.2435856,2.0257611,0.40514094,0.2137261,1.4311904,0.06906548,1.7802086,-0.22585624,-0.084898524,1.1466448,-0.32331392,-0.060675178,0.30076215
0.057664458,4.089099,2.0009897,0.3759083,0.22567417,0.3586112,0.089632645,2.181067,0.5195728,-0.5093256,1.5679559,-0.34711283,-0.07662025,0.047512766
-0.04476221,4.7940464,-0.401848,-0.3312502,-0.37874216,2.9373639,-0.074648276,1.8275049,0.45725438,-0.5448151,-0.6943071,-0.49603322,-0.14136653,0.36732012
0.086500496,5.16272,2.1214511,0.11498463,0.2863279,2.1728923,-0.058470674,-1.933144,0.5391148,-0.47577742,-0.044149473,0.59372586,-0.0723797,0.123525426
0.051116113,-0.29963917,2.5370624,-0.27340895,0.04133551,0.43996036,-0.07283836,3.1372325,0.75790125,0.9932509,-0.09769344,0.5272505,0.33000574,0.2705704
0.057664458,4.072229,2.0044177,0.3723724,0.2469887,0.3277049,-0.0034176675,2.2128537,0.51970863,-0.5094162,1.5668548,-0.3481517,-0.0812555,0.047161486
0.0608407,4.061539,1.6828275,0.3677634,0.2530356,0.07417416,-0.048550293,2.2529037,0.5236127,-0.5340425,1.4857087,-0.37986183,0.29954225,-0.07202559
0.08463611,4.546046,-0.20944455,0.32173094,0.15844218,3.5690281,0.2612151,-4.2704263,-0.17511284,0.4765344,-0.24647388,-0.3931481,-0.08899924,0.35972807
-0.036689702,-3.7767847,-2.5191855,-0.25563976,-0.2669931,-0.9307744,-0.1289325,-2.2544107,-0.5123534,-0.63158447,-0.6588981,-0.5491664,-0.1816516,-0.22860461
0.039867066,-4.094533,-2.5728874,-0.20702235,0.15686361,-0.5747988,0.16785997,-2.306053,-0.5135616,-0.5245289,-0.6188048,0.6078423,0.47584134,-0.24100628
0.06088065,4.824873,-0.44000337,-0.25760028,0.31816587,2.6980448,-0.03367964,1.8205287,0.4507827,-0.5554833,-0.20260687,-0.5548199,0.414659,0.3486809
-0.038686242,4.914179,-0.3661202,-0.20779061,0.35014802,2.4631066,0.19311325,1.8765068,0.47999847,-0.5325152,-0.5235026,0.6821578,-0.11139056,0.36075404
0.04479532,0.34054798,2.7055998,0.3386813,0.249855,1.3890527,-0.011637626,2.4025927,0.4879976,-0.573638,1.3619428,-0.24543612,-0.05164518,0.23655917
-0.035581436,-3.9434788,-2.4995258,-0.2032022,0.016581967,-0.07863654,-0.103920884,-2.6560853,-0.57938635,0.6026234,-0.6062961,0.55783695,-0.12861077,-0.22588852
0.05397981,4.0762854,1.7270154,0.34028444,0.21206762,1.57305,-0.020641917,1.9540446,0.49538347,-0.47079685,1.2098339,-0.30317712,-0.06810948,0.049828034
0.09043065,5.162784,2.0614254,0.33922732,0.21204336,1.6565173,0.1970858,-0.7117026,-0.5474087,-0.41871533,1.2906696,-0.3185259,-0.054749914,0.36237115
0.060016606,4.047466,1.8344799,0.44610432,0.25158155,-0.7856087,-0.0034176675,2.1510985,0.4952391,-0.62120056,1.6893394,-0.4152861,-0.05005717,0.0378067
-0.03769964,-0.090688795,2.7916641,0.11103372,-0.22967005,-0.7933893,0.015395595,3.165508,0.82305527,1.3071687,-0.21352191,-0.5362817,-0.14118145,-0.2883205
0.054511156,-0.15645106,2.3953142,0.114249386,-0.22596395,1.7959497,-0.07793847,2.7281928,0.70771307,0.95670915,-0.030689074,-0.29986256,0.33902466,0.20823668
0.059347365,4.1134887,1.7756166,0.2699973,0.2570742,-0.6870294,0.08692898,2.1822891,0.45098788,-0.54303914,1.2814215,0.55232364,0.29985493,0.32095924
0.038693875,-4.7359715,-3.0713508,0.045649625,-0.26315597,-0.99914676,-0.088811785,-0.80206513,0.4787804,-0.84031355,-0.27883163,-0.53285384,0.0065761423,0.20890166
-0.036456935,0.34403205,3.2586875,0.46270803,-0.29146272,-0.50490254,-0.0182542,2.4685948,0.46778703,-0.6944109,1.85495,-0.42360008,-0.10507536,0.244279
-0.030209307,-0.50591785,2.4621432,-0.2748491,0.17854957,0.44149694,0.12239808,3.1340036,0.81884754,1.0535009,-0.6993933,0.576379,-0.10531236,0.26811868
0.05397981,4.1439486,1.6623217,0.28983957,0.2424004,1.467465,0.19397315,1.9324847,0.4746481,-0.45359203,1.0843159,0.3027161,-0.025722604,-0.010579429
0.0553809,4.1835556,2.586941,-0.315089,0.29287615,-0.845861,-0.024597058,2.0206609,0.50217795,-0.16024321,-0.6378798,0.7472063,0.38150206,0.36230046
-0.076223254,5.450118,-0.2304207,-0.25217715,0.26691967,3.0538242,-0.13422017,-0.5278661,-0.6437024,0.61205626,-0.63623357,0.56023526,-0.11357623,-0.45971116
-0.040109836,4.7719965,-0.45711604,-0.2878284,0.29884398,2.8933947,0.15583488,1.8999722,0.4871854,-0.58631295,-0.09876735,-0.47404695,-0.12688486,-0.36121225
0.05397981,4.1331906,1.7210456,0.36794528,0.21136801,1.5801227,-0.0034176675,1.9141568,0.46533057,-0.48149127,1.2098314,-0.3752408,-0.06018853,0.27244914
-0.031293,-0.016012898,2.799839,0.08149772,0.0943429,-0.77699834,-0.028355375,3.2270195,0.8186719,1.2158242,-0.08658026,-0.46992293,-0.12482807,-0.287114
0.05359011,4.1130824,1.453756,0.33370456,0.24412377,1.66353,-0.05089707,1.9504777,0.46716338,-0.492908,1.1910613,-0.39030808,-0.02841523,0.3070262
0.060812753,4.091718,1.4498357,0.4131199,-0.27174878,1.7127293,-0.059019428,1.8938227,0.4677658,-0.5228149,1.2444835,-0.39868784,-0.06688921,0.28035086
0.03835903,0.3386283,3.2950294,0.4277907,0.15383759,-0.4930089,-0.0012319027,2.4991667,0.5195084,-0.6839182,1.8138615,-0.3079251,-0.08200032,0.052536786
-0.031033365,-0.28120714,2.6543558,-0.4055497,0.18934487,-0.73066735,0.12313995,2.9900074,0.78303,1.3102218,-0.74109685,-0.54071105,-0.134646,0.26030827
0.059347365,4.0990543,1.817357,0.405115,0.2616525,-0.7651672,-0.022988696,2.145986,0.43898788,-0.59624135,1.589702,-0.4678283,0.20018236,0.3187527
0.057491902,4.1114764,1.9522184,0.36081234,0.21526553,0.6302416,0.07238772,2.1586,0.47601995,-0.49378186,1.536218,-0.3408089,-0.07406274,0.27432662
-0.036962833,-0.15960155,2.7233765,-0.18628165,-0.312106,-0.7148822,-0.03034687,3.1248596,0.7769665,1.2400602,-0.18962355,0.14014488,-0.14289936,0.2639618
0.056969594,4.0782204,2.4045744,0.35976887,0.24308567,0.6188064,-0.0034176675,1.9430789,0.46153414,-0.48679224,1.5103164,-0.33808908,-0.06883397,-0.08386082
0.053597856,-0.43482947,2.4827394,-0.2797688,0.32176223,0.06784312,0.056189634,3.1141312,0.80161273,1.0422611,-0.65616864,0.39580017,0.37816265,0.2699796
-0.0357107,0.22377075,2.935395,-0.1383723,-0.32204077,0.55094385,0.09269327,2.44185,0.5107756,-0.6134102,1.5737079,0.47850186,-0.091091454,0.28073254
0.038564608,-0.41657627,2.4977305,-0.30053774,0.32130042,0.06473047,0.056189634,3.1129074,0.79632914,1.0909749,-0.705907,0.023087038,0.4177941,0.2725221
-0.043934826,4.5751,-0.38831535,-0.3627635,-0.31314254,2.6949217,0.13887495,1.7655058,-0.06207258,0.62519056,-0.71244115,-0.5711774,-0.12884739,0.38872853
0.040271506,-4.7288103,-2.9250283,0.0731361,0.24910462,0.05124475,0.13562948,-0.82703793,-0.45269856,-0.6558338,-0.22854109,-0.50293785,0.2793032,-0.25211224
-0.036537345,-0.12550825,2.717207,0.075514235,-0.38660893,-0.7873631,0.013407594,3.081152,0.7621018,1.2264724,-0.0832929,-0.5428051,-0.1389401,0.25006735
-0.042643983,4.119745,1.9752287,-0.15212959,0.25218856,1.5592303,0.1810623,1.9314947,-0.6344175,0.50244445,-0.042556792,0.558306,-0.09360601,0.320597
0.057664458,4.0597205,2.0065358,0.33713686,0.23989905,0.26141718,-0.020641917,2.2202806,0.51637864,-0.49032518,1.3857447,-0.32923865,0.30450806,-0.0806896
-0.0363167,-3.7730813,-2.4958282,-0.1820404,-0.23260887,-0.7573836,-0.12249172,-2.5536141,-0.603312,0.6886825,-0.6214419,0.59770334,-0.13893758,-0.22591966
0.05397981,4.141558,1.4588513,0.33716252,0.24160098,1.6507427,0.089632645,1.9272257,0.46688038,-0.49028558,1.1945546,-0.32680222,0.024311386,0.27547336
0.03721365,-0.20137124,2.761795,0.1455284,0.16348545,-0.5243577,-0.07248146,3.1160853,0.73351645,1.0784485,0.6496942,-0.3994483,-0.08433793,0.25168613
0.05397981,4.1146617,1.7163476,0.32603732,0.23906781,1.5718853,0.18423596,1.8961949,0.46491262,-0.4669522,1.2063189,-0.3065914,-0.06018853,0.27108255
0.060416993,4.057112,1.8275328,0.41696423,0.24018557,-0.6221968,0.19433005,2.1573462,0.46583298,-0.60884666,1.6969242,-0.42557788,-0.051339876,0.28464383
-0.029260833,0.2730754,2.6793787,0.3317956,0.25748125,1.3825548,0.018324073,2.413107,0.47149435,-0.57295704,1.3641596,-0.34668556,-0.07564223,0.26897633
0.05397981,4.1676373,1.4298394,0.29828203,0.23384528,1.5123743,-0.020998811,1.963296,0.4523843,-0.47270918,1.0296508,0.16531649,0.23421119,0.2796884
-0.035171464,0.28030097,2.6521266,0.40559804,-0.29972646,1.3762997,-0.018611096,2.3694146,0.47397745,-0.59344053,1.3466073,0.010564279,-0.08210093,0.2412184
0.057664458,4.108917,1.6473831,0.36119968,0.24761663,0.26916897,0.07238772,2.2167432,0.5229317,-0.5318133,1.4258592,-0.36668968,0.2756,-0.011396777
0.048715435,4.1362224,2.6836286,0.30621803,0.27078137,-0.7731024,0.15550227,1.9749489,0.41321582,-0.5669787,0.84954375,0.41383782,-0.07983259,0.28067192
-0.078058824,5.441791,-0.25718224,0.1785005,-0.28684124,3.5371888,0.19817953,-0.67794895,-0.08065832,-0.621321,-0.18666714,-0.50855255,-0.14330237,-0.45356703
0.13034065,4.99947,2.9585896,0.45937705,-0.24939439,-0.5882931,-0.06782664,-0.7441675,-0.22068973,-0.57168335,1.8466966,-0.38812712,-0.08527697,0.39597368
-0.04722515,5.4297905,-0.31486824,0.396276,-0.25432384,2.7064145,-0.033121932,-0.03396155,0.4134492,-0.51352733,1.2130331,-0.36400914,-0.09063599,0.33585393
0.0677595,5.4916353,-0.3412089,0.10928969,-0.28165847,3.4580135,-0.14882042,0.13641137,-0.16414654,-0.58731073,-0.20357004,-0.5755655,0.021889538,-0.40806198
0.04994247,4.0652137,2.0299177,0.38499716,0.25813523,0.17982635,-0.0034176675,2.2274756,0.52018213,-0.51941377,1.5816623,-0.36962566,-0.087795466,0.049561303
0.038415596,0.41349822,3.292096,-0.16324992,0.28925866,-0.67531556,-0.020600978,2.4725304,0.5038436,-0.65614617,1.6272128,-0.41886598,0.34690848,0.27994955
-0.04430449,4.742513,-0.4708595,-0.20685631,-0.34754375,2.9559724,-0.03367964,1.7686619,0.45661288,-0.62447906,-0.23702307,-0.59294194,-0.13839479,0.35980368
-0.036564916,-3.8481221,-2.5473776,-0.3312949,-0.2810258,-0.933739,-0.104921125,-2.1396632,-0.441067,-0.6356905,-0.67386425,-0.5496063,-0.1816516,-0.2319442
0.047587115,0.20807524,2.9655125,0.10795259,0.2643173,0.20210725,0.03449872,2.49506,0.50310194,-0.56920123,1.4095914,0.45482108,0.2668218,0.277625
0.057491902,4.103742,1.9462396,0.34375134,0.2431881,0.6310583,0.035266664,2.1688488,0.47601995,-0.49315488,1.5389247,-0.33336085,-0.07406274,0.27385247
0.05464061,4.9349957,-0.47917643,-0.24664755,0.06524105,1.170411,0.060030703,2.213437,0.48717073,-0.08668109,-0.13692853,0.68044645,0.31210434,0.3903448
0.13769723,4.977464,2.6602707,0.42200017,-0.19447042,0.13910657,0.076774344,-1.3305229,0.50078106,0.63014925,1.6130575,-0.53502524,-0.07334056,0.35300303
-0.029260833,0.2504776,2.625314,0.10730534,0.26983076,1.3007864,0.1278062,2.398391,0.49013877,-0.5566981,1.2547581,0.44592208,-0.073275335,0.2730051
0.05974775,4.0196652,1.8221469,0.36250412,0.254334,-0.8032552,-0.05089707,2.186121,0.46179092,-0.57996297,1.5354613,-0.3988693,0.3136953,0.31733805
-0.041169737,3.9382207,2.7597585,-0.3841522,0.14125104,-0.5469816,-0.05537177,2.1439657,-0.13857748,0.84008914,-0.7657283,-0.5567838,-0.14892615,0.37881124
0.18168044,5.2696853,-0.75209457,0.43188134,0.2706937,-1.2325867,0.17524633,-0.7879102,-0.22134164,-0.5774302,-0.27512604,-0.58631194,0.5480058,-0.52900755
-0.029693527,-0.16855235,2.6044602,0.26739314,0.19950153,0.7446783,-0.038018066,3.121578,0.7125707,0.8938291,0.78996223,-0.27672642,-0.08349034,0.00018631644
-0.040676072,4.0100284,1.8317916,0.4003971,0.27796942,-0.8118254,-0.059019428,2.258758,0.46579537,-0.60870606,1.7274947,-0.48783252,-0.10393526,0.28094256
0.056995224,4.188105,1.5884674,0.25859937,0.24641983,0.24978256,0.1815323,2.1859841,0.48245353,-0.48992932,1.2197381,0.51077455,0.27468896,0.3214337
0.046265762,4.143354,1.4500661,0.2419081,0.24160098,1.6556633,0.18188916,1.9073775,0.46832633,-0.49072957,1.1903605,-0.4152174,0.026050404,0.30738246
0.05974775,4.06134,1.8308425,0.41024286,0.084580116,-0.781526,0.07004095,2.1626248,0.46198723,-0.5818385,1.5125219,-0.40770355,0.33093315,0.31727934
0.063600235,4.7504544,-0.4805943,-0.3148436,-0.3170612,2.8251193,-0.036180686,1.8008484,0.504623,-0.61996335,-0.20347314,-0.54361933,0.43891567,-0.37843385
0.057491902,4.106311,1.9324226,0.34731844,0.2462372,0.63307077,-0.020641917,2.180664,0.48845774,-0.49671158,1.5297159,-0.36128312,-0.073147595,0.047678474
-0.030437103,-0.33095807,2.574783,0.0762332,0.27408427,0.15792404,0.12324312,3.1935534,0.8021683,1.0184399,-0.08292195,0.6033632,-0.10221146,0.26362684
0.048778575,0.38644516,3.277369,0.38426143,0.2780057,-0.66199136,0.001645694,2.4973915,0.4781044,-0.6636295,1.7720276,-0.38008872,-0.043732543,0.2749554
0.0382819,-0.21751471,2.7472558,0.0370092,0.24196112,-0.5799999,0.12594679,3.124317,0.77028316,1.1731709,-0.16262697,-0.5868149,0.009697833,0.21634078
0.037512,-0.27646565,2.598571,-0.30367124,0.33359033,-0.65620625,-0.031463973,3.1310878,0.7787284,1.1273671,-0.736701,0.63417536,0.35477743,0.2762431
-0.030521726,-0.32131153,2.4814036,-0.35880518,0.085699596,0.19579075,-0.17438759,3.178102,0.8093514,1.1907188,-0.7347157,-0.53648543,-0.12978087,0.26373217
0.05397981,4.092663,1.7217051,0.3381423,0.23906781,1.5731907,-0.020641917,1.9441651,0.46491262,-0.46763778,1.205656,-0.31649315,-0.06018853,0.27108255
0.04479532,0.36239576,2.7023957,0.33984968,0.2473322,1.3762479,-0.022843827,2.3983407,0.4879976,-0.5710051,1.3472214,-0.24709244,0.022137832,0.23655917
0.051628258,0.34526908,2.7069662,0.423753,-0.21989322,1.422884,0.020670855,2.3652883,0.51670897,-0.6102843,1.3967603,-0.2421803,-0.05848973,-0.050894357
0.059494305,4.044205,2.7114165,0.4151723,0.2683547,-0.7065158,-0.051755846,1.917175,-0.1056875,-0.5391261,1.6375594,-0.4142234,-0.07857443,0.30934954
-0.04796655,4.7806735,-0.57217026,-0.13472253,-0.3388272,1.247721,-0.036261898,2.2373362,0.4781364,-0.5287601,0.7153398,0.6261168,-0.09041921,-0.39419505
0.06388242,3.9604542,2.5906084,-0.25169277,0.3195467,-0.7580059,0.1790518,1.9740038,0.5199392,0.6681387,-0.6889353,0.68196124,0.3620752,0.34536794
0.05359011,4.1435823,1.4445162,0.3174999,0.20817645,1.6246561,0.19198327,1.8974633,0.4623366,-0.4891141,1.1827128,-0.31649432,0.11565056,0.3070262
0.063196994,4.071751,1.9560248,-0.28648767,-0.24894494,1.5005318,-0.21150966,1.8445143,-0.21622182,0.53777194,-0.16775012,0.5195078,0.3232339,0.35905755
0.05397981,4.115136,1.7156996,0.36794528,0.052577607,1.5763576,0.18423596,1.891244,0.4648195,-0.46980232,1.2089036,-0.30561998,-0.06018853,0.2713265
0.102666005,5.5740166,-0.18766452,0.4099116,-0.23550002,2.8873918,-0.01966476,-0.569534,-0.21403074,-0.49632138,0.75340945,-0.35737878,0.27352923,-0.07459558
0.08005263,4.073633,2.8125796,-0.19403309,-0.3744908,-0.9097384,0.06635674,1.9199828,0.51553226,-0.6778461,-0.40956652,0.49163496,0.52789515,-0.40264815
0.033576537,-5.044449,-2.9443457,-0.26930895,-0.301702,0.14345838,-0.057787713,-0.4355704,-0.2164603,-0.65502983,-0.6063735,0.5883878,0.46410364,-0.2660726
0.060016606,4.028012,2.236768,0.394641,0.26751417,-0.7394577,0.18423596,2.1239243,0.45390198,-0.56771255,1.6745715,-0.39958766,-0.0836865,0.27446967
-0.035082,-1.8318208,-3.3499246,-0.24986438,-0.23207809,-0.7702223,-0.13235389,-3.4543061,-0.40776563,0.7411437,-0.7015648,0.6412988,-0.14419813,0.32537425
0.059961732,4.083093,1.7826197,0.23066294,0.2570742,-0.7209735,-0.048907183,2.2220793,0.45691216,-0.5439638,1.3059888,0.570053,0.3154317,0.28416243
-0.029931204,0.26739258,3.1444552,0.107029684,0.19641891,0.291738,0.13251907,2.4866998,0.5586218,-0.61533785,1.7295963,-0.32744536,-0.09816569,0.052189544
0.05974775,4.0562882,1.8146588,0.4003971,0.2681082,-0.6211472,0.18188916,2.1680295,0.47027868,-0.6081611,1.7078456,-0.41745767,-0.08431895,0.3217063
0.04479532,0.30351144,2.6937606,0.33405563,0.25076643,1.3827184,0.003992476,2.420673,0.49568424,-0.5804412,1.3699157,-0.35579872,-0.058002178,0.0031866443
0.05359011,4.1411,1.4540768,0.33370456,0.24412377,1.6661106,0.07004095,1.9415989,0.4669986,-0.492908,1.2088146,-0.3219818,-0.0604511,0.30615872
-0.044727568,4.838787,-0.3899258,-0.27278072,-0.32931483,2.5372953,-0.07218581,1.8686213,0.47235456,-0.5686623,-0.19237746,0.630107,-0.11927444,0.36537716
0.05397981,4.119692,1.4565412,0.33381963,0.24412377,1.6704466,-0.020641917,1.958378,0.4668324,-0.49293852,1.2144563,-0.3219879,-0.06018853,0.27531865
0.037081264,0.32539088,2.6963851,-0.08728632,0.31392732,1.3620638,0.12816308,2.351983,0.5096373,-0.56550545,1.2599628,-0.28080627,0.25367016,0.26971325
0.058892112,4.0631413,1.7685196,0.2696596,0.2570742,-0.68488437,-0.14135559,2.194235,0.45014793,-0.5427133,1.2731508,0.5636302,0.2997465,0.32164547
-0.037996255,4.697234,-0.3665968,-0.23533416,0.25687617,2.2257965,0.18812686,1.9276793,0.49608847,0.637177,-0.5011268,0.62868387,-0.09981665,0.3526402
0.056131747,4.0418177,1.8262916,0.47981238,-0.2366851,-0.790198,0.18188916,2.086503,0.45926237,-0.6398342,1.7312323,-0.41414118,-0.094160736,0.3213697
0.056450445,4.1434093,1.6204449,0.35833237,0.21620123,1.1349653,0.18423596,2.1177578,0.4733058,-0.49844164,1.3654757,-0.33555472,-0.060407687,0.27585882
-0.04093235,4.7817855,-0.48463777,-0.3236117,0.28786135,2.9890637,-0.14083022,1.898449,0.491584,-0.59697974,-0.59693617,-0.5423134,-0.13466121,-0.36776575
0.06477155,4.155856,2.2917602,0.32439893,-0.31966963,0.30061114,0.19316384,1.9220244,0.5132255,-0.081997894,1.0955466,0.33249944,0.29915053,0.28039917
0.08410154,4.95255,2.7634032,0.42363515,-0.23702277,0.32681307,0.073610194,-0.2931011,0.4889816,-0.49608564,1.6987555,-0.33876634,-0.07792325,-0.00047234655
0.05397981,4.093962,1.7196846,0.33844972,0.20451322,1.5712371,-0.020641917,1.9464436,0.4663527,-0.4669522,1.2084984,-0.37542924,-0.0603324,0.26931408
0.13024312,4.7960067,-0.71251005,0.3016939,0.022304589,-1.3220319,0.23934637,-3.234076,-0.21386747,0.6608326,-0.36124888,0.6821134,-0.094854586,-0.5106639
0.05906946,4.0739717,2.5176945,0.40189528,0.23034321,0.19106558,-0.0034176675,1.939015,0.47231087,-0.5050841,1.5586054,-0.37001142,-0.074645735,-0.00043902383
0.060016606,4.0285883,2.231991,0.3833184,0.26751417,-0.73956114,0.07238772,2.1684358,0.45431992,-0.567027,1.6790863,-0.46625182,-0.091650255,0.27446967
0.05974775,4.069,1.8345844,0.45362768,0.22684431,-0.8370914,0.03291988,2.1687393,0.46275115,-0.625152,1.7049702,-0.4297836,-0.089140855,0.32106054
0.06017146,4.098413,2.0138707,0.37557065,0.25951645,0.12627096,-0.05089707,2.2150204,0.46719992,-0.51525676,1.5827758,-0.39526588,-0.07934477,0.3151111
-0.048223726,4.7801166,-0.46674475,-0.30593422,-0.34932777,2.7356157,-0.1336818,1.9030893,0.49440745,-0.57967854,-0.6280471,0.40123034,-0.13022286,-0.38310856
-0.038686242,4.8245378,-0.44421378,-0.18663283,0.28810614,2.8069296,0.1788322,1.8643562,0.45754582,-0.57777256,-0.1999493,-0.50813645,-0.13091052,0.34811354
-0.031796087,-4.206534,-2.53781,-0.20341952,0.13852893,0.724566,-0.12580185,-2.5721343,-0.57927996,0.5543265,-0.598075,0.49993336,-0.11542692,0.30054253
0.059494305,4.007033,2.708558,0.37161562,0.26741174,-0.70392203,0.18423596,1.8954562,0.46228036,-0.48645204,1.6290936,-0.37836394,-0.07624925,-0.061797276
-0.030729534,-0.21848254,2.6450903,0.3571345,0.24676268,0.07732206,0.12795599,3.1575215,0.7955915,1.0057467,0.6397158,-0.30081978,-0.09122432,-0.004557779
0.057664458,4.140907,2.0087287,0.41890708,0.2704931,0.3232436,0.07238772,2.1566954,0.48620757,-0.5109451,1.5630192,-0.36272484,-0.07647639,0.27734184
-0.030556649,-0.32801098,2.5787468,-0.3776439,0.16176249,0.9295078,0.01444958,3.0759826,0.77862066,1.134744,-0.27737197,-0.43050933,-0.11396509,0.21635932
0.047884624,4.8026843,-0.44395766,-0.24654698,0.33304888,2.7567506,-0.15061983,1.7429411,0.45835742,-0.55072933,-0.5531013,-0.49447346,0.4143056,0.3565706
0.055548374,4.023947,2.820839,0.10696004,-0.28697702,-0.82626885,-0.020641917,1.9389701,0.4425483,-0.5845931,0.916254,-0.43400604,0.41870904,0.27713227
0.060416993,4.081267,1.7900281,0.29378864,0.2768621,-0.7465087,-0.048907183,2.2373626,0.45665228,-0.57263434,1.4397043,0.53615165,-0.07339003,0.28509048
0.05974775,4.038031,2.195233,0.3453435,0.25148192,-0.7603261,-0.022988696,2.168051,0.4386691,-0.5347659,1.4739062,-0.39022756,0.32728612,0.31359404
-0.03012769,-5.0775824,-3.533225,-0.29862908,0.09735946,-0.88606703,-0.04039262,1.5461788,-0.4919317,-0.8686192,-0.6861004,0.71398014,-0.13968933,-0.24313712
0.05397981,4.08408,1.7217051,0.3381423,0.23906781,1.5732899,-0.059019428,1.948447,0.46593475,-0.46763778,1.2071233,-0.31649315,-0.06496764,0.26931408
0.05397981,4.0931277,1.7196846,0.32603732,0.23906781,1.5713363,-0.020641917,1.9507254,0.4648195,-0.4669522,1.2077805,-0.30561998,-0.06482378,0.27108255
0.056995224,4.1293354,1.6381668,0.38887402,0.26226887,0.31878355,0.087285876,2.1911683,0.49046513,-0.54290986,1.5683966,-0.38486904,-0.06857772,0.31717712
-0.040938955,4.792294,-0.4554141,-0.32939887,0.3560502,3.0102491,0.17059316,1.8728411,-0.11335307,-0.62288606,-0.73183304,-0.58866733,-0.13618498,-0.4023575
0.057664458,4.121136,1.9893421,0.36890003,0.26026198,0.32282642,0.089632645,2.1827722,0.5011952,-0.5089686,1.5502359,-0.37993547,-0.07556124,0.04837453
0.05974775,4.0634146,1.7963638,0.32992452,0.27433935,-0.739025,-0.14135559,2.2149305,0.4545315,-0.5623743,1.4273194,0.41324472,0.048749108,0.32302955
0.0608407,4.0749035,2.0529199,0.381676,0.2635542,0.064598195,0.07238772,2.2326286,0.5157688,-0.5200674,1.6324333,-0.43186104,-0.08023887,-0.014504984
0.089301914,-4.4494424,-1.069852,0.41000193,0.0033744255,-0.69318336,-0.08253769,-3.032025,-0.65821236,0.69440293,-0.25670403,-0.40433922,-0.12171881,-0.13034073
-0.041150134,-5.889133,-1.1535661,-0.3336208,0.20202568,-1.0529675,-0.1146923,-0.41798818,-0.24731933,-0.1899009,-0.66750515,-0.6125625,-0.15365352,-0.30452368
0.03837405,-0.27714455,2.6713061,-0.4401265,0.14742498,-0.47519317,-0.026517447,3.1086571,0.7984039,1.206845,-0.80564874,-0.5144931,0.4272193,0.26736373
-0.029260833,0.260122,2.6418526,-0.09512323,0.33408862,1.3103961,0.01796718,2.4233286,0.503962,-0.5671531,1.2623117,0.46013647,-0.07394357,0.27451703
0.05974775,4.057068,1.8143375,0.36159658,0.254334,-0.779936,0.19198327,2.1352692,0.45612058,-0.5765365,1.5122367,-0.46867856,0.33433494,0.31791347
0.057664458,4.1147704,1.6295847,0.3964153,0.050269876,0.31224215,0.18423596,2.1576056,0.52531415,-0.52716535,1.4092847,-0.35527653,0.3068478,0.044931516
0.0608407,4.1483393,1.6483195,0.30914855,0.21239513,0.11983557,-0.059376318,2.2515116,0.48049295,-0.4932444,1.2892356,0.36972505,0.29633954,0.2881154
-0.03837113,4.839079,-0.38677064,-0.21587777,0.29285365,2.4326718,-0.15177086,1.9288427,0.45916337,-0.5334952,-0.16923296,0.69101685,-0.10715115,0.35607073
0.037109274,-0.13600177,2.7806747,0.31028676,0.23089427,-0.4383603,0.12795599,3.1303825,0.80483496,1.1505588,-0.025273679,-0.4146137,-0.09256182,0.029817156
0.057664458,4.0676045,1.9981645,0.36906615,0.25813523,0.33729753,-0.020641917,2.2109365,0.51947963,-0.50981075,1.5696771,-0.3464384,-0.07662025,0.04271759
0.051289402,-5.0929666,-1.0466013,-0.26607534,-0.25675267,-0.8610441,0.19175646,-1.9376324,-0.5133919,-0.67995805,-0.6158724,-0.550892,0.6354398,0.377245
0.038805377,-2.1900105,-3.6102366,0.34767282,-0.21049948,0.11774315,-0.113161065,-2.7364836,-0.37336436,-0.7553243,-0.32612464,-0.4202149,-0.14383675,-0.06800444
-0.03458542,-3.9752088,-2.6788867,0.3525038,0.20487244,-0.9010684,-0.041055214,-2.4378514,-0.45279792,-0.24074623,-0.27736408,-0.4954301,-0.15295564,0.22709331
0.053457506,4.085695,2.0416892,0.36764455,0.21290822,1.4489394,-0.14966126,1.8130302,-0.12251358,-0.4545136,1.1824758,-0.3974249,-0.02783753,-0.113676675
0.067249924,4.0261445,2.2362773,0.4624452,-0.26440963,-0.5967782,0.07238772,2.1138277,0.46661466,-0.5986415,1.7138475,-0.5841468,-0.059858274,0.28213352
-0.048203923,-2.5156054,-1.4396045,-0.3579267,-0.2985871,-1.032337,-0.13783927,-3.011098,-0.46772447,-0.7872794,-0.86515903,0.8094518,-0.18119416,-0.33159673
0.03803693,0.23090921,3.1037338,0.40715033,0.17800006,0.28158662,0.12816308,2.4724443,0.497579,-0.6069104,1.7147113,-0.2738029,-0.071184516,0.2748232
0.037978303,-0.2239423,2.5628796,-0.15019901,0.3164398,0.19470464,-0.07141164,3.1527367,0.77951336,1.0630122,-0.64262325,-0.3945609,0.4142219,0.26447436
0.059267994,4.052748,2.7271547,0.43762007,0.276463,-0.5656971,-0.059019428,1.8738058,0.4176805,-0.55811906,1.6662555,-0.39669225,-0.078313865,0.2802161
0.048016798,3.8586814,2.7768552,0.1613239,0.24846879,-0.520248,-0.023780093,2.1147168,0.4707027,0.79275936,0.3395009,-0.46494964,0.009553418,0.3239043
0.056309666,4.1230307,2.3735301,0.40272698,-0.32858926,0.20193946,-0.05125396,1.9191461,0.5016936,-0.51168257,1.3837863,0.3322167,-0.07972251,0.31121925
-0.043688204,-6.2673564,-0.952071,-0.30848622,-0.34740415,0.17963557,-0.10771431,-0.29180568,-0.13529468,-0.7145171,-0.6636556,0.4343629,-0.15956606,-0.314508
0.07319401,-4.2193155,-2.6255445,0.18847373,0.17466082,-0.11520497,0.19012925,-2.621579,-0.51315534,0.55345124,-0.24546154,0.4366476,0.40301502,0.00826386
0.048929513,4.09272,1.7791338,0.22874987,0.27433935,-0.7362998,-0.02334559,2.2355046,0.4569487,-0.5659226,1.3992666,0.6011962,0.04297244,0.32240722
0.04519197,0.3601957,3.2831779,0.46890917,-0.28558442,-0.6860647,0.14261314,2.4045227,0.47448933,-0.6950707,1.8467569,-0.31426468,-0.087426335,0.23739463
-0.041795626,-4.1618104,-2.658435,-0.30653256,-0.2584658,-0.86267686,-0.12992175,-1.5423002,-0.28325638,-0.7290996,-0.6681668,0.727832,-0.15931404,-0.24636461
-0.035204224,-0.25610194,2.3898945,0.40366155,-0.17968892,1.6211767,0.13790804,2.6959193,0.65334105,0.8772372,0.7445577,-0.23857872,-0.07825251,0.20813504
0.08962776,-1.4815005,-1.24107,0.44815734,-0.16525967,-0.006628705,-0.06852076,-4.340055,-0.9442676,0.6534013,-0.5224002,-0.35025403,0.05794742,-0.30354622
-0.03819932,4.170677,1.5934224,0.3540748,0.27160707,0.2511634,0.1906152,2.2370577,0.4759226,-0.53680617,1.4920106,0.15613103,-0.094931744,0.28888556
0.038356967,-0.22477184,2.715486,-0.09958303,0.16289489,-0.6604668,-0.07283836,3.1413698,0.76053566,1.0822494,-0.13103963,0.6269912,0.30268103,0.26863924
0.058496114,3.842584,2.6248333,0.36341968,0.23281683,-0.63583636,-0.021097837,2.0066311,0.46409738,0.6315418,1.4414827,-0.3667153,-0.066288784,-0.004951628
-0.030150097,-0.16727449,2.6235995,0.38064283,0.043589268,0.7470195,-0.023671485,3.1595654,0.7105634,0.9149626,0.79647535,-0.25214502,-0.07877364,-0.26758492
0.05397981,4.149772,1.71772,0.37455845,0.25897217,1.5817485,0.18423596,1.8709725,0.46491262,-0.47048795,1.2076694,-0.31245,-0.06482378,0.2713265
0.05974775,4.0562882,1.8186438,0.4003971,0.2681082,-0.62115407,0.07004095,2.2021437,0.4703819,-0.6081611,1.7079488,-0.41745767,-0.084215775,0.32140362
-0.030458868,-0.16286893,2.729307,0.3763955,0.24641094,-0.37973237,-0.01634273,3.1065276,0.70828164,1.0071386,0.95779,-0.3181301,-0.08838935,0.21133216
0.074971065,-3.9177475,-2.6638727,0.3944566,-0.12727652,-0.6846748,0.19294852,-2.3930974,-0.53157896,0.6950727,-0.20896636,-0.41050932,0.41794991,-0.221808
0.060016606,4.024793,1.8307694,0.37423196,0.23015656,-0.7599972,-0.059019428,2.1755524,0.4588924,-0.59168357,1.6137636,-0.40829903,0.1990767,0.27714944
0.065818496,4.8618464,-0.36026493,-0.2574246,-0.32651526,2.332507,0.17875099,1.755486,0.4612497,-0.536816,-0.041408315,0.5730616,0.3508742,0.3598996
0.0608009,-0.27056772,2.54418,-0.17606592,-0.30815613,0.57897335,0.1242886,3.0370686,0.7744508,1.0637587,-0.26119843,-0.35927418,0.43012124,0.2139971
0.045114834,-0.25670964,2.6553056,0.079768814,-0.22237493,-0.11129467,0.09083387,3.0736105,0.7900483,1.1285325,-0.1653936,-0.47034687,0.41380382,0.21328135
-0.043375272,4.63959,-0.4213781,0.29038388,-0.22982632,2.0732234,0.19669028,1.7921088,0.4556959,0.57813853,0.6613025,0.49478233,-0.079054594,0.062018238
0.057300437,0.30981964,3.2081907,0.42990586,-0.26435933,-0.64484876,-0.13594931,2.4531906,0.49907422,-0.6821109,1.5696303,0.16482668,0.33624446,-0.37815157
0.10068236,4.922648,2.953573,-0.17885089,-0.31010666,-0.5854925,0.06824994,0.11186771,-0.1647143,0.6187905,-0.26201725,0.65807396,0.4233113,0.3646544
0.05397981,4.132645,1.7199934,0.3406753,0.22755641,1.5101862,-0.020641917,1.9041867,0.46462408,-0.46355164,1.0977232,-0.29303208,0.22368956,0.27190098
-0.029200654,0.30804825,2.6398866,-0.10354726,0.28715363,1.3070858,-0.0255475,2.4295676,0.503962,-0.5668567,1.2598711,0.46737283,-0.0738539,0.27451703
0.060016606,3.9779942,2.2437203,0.38682917,0.26843655,-0.73647135,-0.05238748,2.2131069,0.4837425,-0.57075167,1.6846526,-0.38369173,-0.09179411,-0.0042137597
0.060416993,4.028012,2.2407532,0.394641,0.26751417,-0.7708359,0.07238772,2.17152,0.45791626,-0.56771255,1.6880531,-0.39958766,-0.0836865,0.27446967
0.057664458,4.08426,2.0000088,0.40342563,0.10575912,0.31938016,-0.020641917,2.204938,0.4861144,-0.50815064,1.5673271,-0.3495203,-0.07647639,0.27662376
0.03912915,-4.541787,-2.7014337,-0.23971257,-0.22013174,0.60605353,-0.108529784,-1.6886586,-0.20719092,-0.16382226,-0.57613224,-0.38264665,0.4892997,0.2311866
0.04823438,-5.512717,1.1725909,-0.0071186544,0.25260806,-0.032324277,0.12051463,-2.0257742,-0.3712751,-0.6882067,-0.24281855,-0.43240955,0.49817008,-0.26684615
-0.03997762,3.9839904,2.7413316,0.42210886,0.27583176,-0.70388234,-0.14966126,1.9567707,-0.13198295,-0.5448269,1.6545411,-0.40588978,-0.09921746,-0.093037136
0.05359011,4.1461554,1.4540417,0.37561256,0.23240604,1.6749371,-0.05089707,1.9267735,0.4668463,-0.50319535,1.2116159,-0.32160708,-0.060510267,0.31100136
0.05397981,4.0860105,1.7210487,0.32954806,0.23999019,1.5643382,0.089632645,1.9499379,0.4931923,-0.47067693,1.2107476,-0.3018473,-0.0603324,-0.0811396
0.06309925,4.605607,-1.045665,0.4102878,-0.3216981,-1.1112416,-0.14476725,2.0024016,0.46595645,-0.6938967,0.8658957,0.4906643,-0.066276945,-0.4381575
-0.03486014,-3.9385705,-2.5423114,-0.22651,-0.218821,-0.75602365,-0.12510355,-2.5166235,-0.5564421,0.6881977,-0.6312308,0.60629857,-0.14438894,0.30900848
-0.031818356,-0.11713368,2.730302,-0.15280657,0.34089738,-0.14052051,-0.023765747,3.261407,0.8549927,1.1791185,-0.20116128,-0.46197942,-0.12783991,-0.28070644
0.06017146,4.1550465,1.679353,0.29031634,0.27197975,0.014870772,-0.02334559,2.2702093,0.48503566,-0.5181402,1.3997102,0.5540708,-0.07032782,0.32101223
-0.04731387,-5.629128,1.1394243,-0.32280928,0.22872977,-0.5979556,0.10140008,-1.5941931,-0.45712718,-0.746555,-0.7911915,0.70370346,-0.14590563,-0.2920988
-0.03769964,-0.18947034,2.7225947,-0.3421473,-0.3144562,-0.73519593,-0.02412264,3.1432645,0.8418872,1.2852923,-0.16189043,0.6261449,-0.11848228,-0.32077864
0.03687935,0.27806675,2.6346996,0.10550276,0.25174278,1.2438122,-0.018611096,2.4188714,0.49444348,-0.5452642,1.1751865,0.4200223,0.22723499,0.2411725
-0.029293772,0.28947926,2.7054772,0.38847336,0.10705912,1.402747,-0.0182542,2.3850029,0.49063462,-0.5918587,1.3771585,-0.24899502,-0.075618275,0.23802312
0.055131998,4.8643303,-0.43582824,-0.31332138,-0.3076167,2.7759433,0.19365454,1.6430451,0.45115966,-0.61016726,-0.19229078,-0.44778302,0.43827492,0.3670733
0.06814532,4.71822,-0.678794,0.49993944,-0.29209206,0.29295868,0.19549583,1.856588,0.47797847,-0.585754,1.72236,-0.46354437,-0.055894107,0.09571526
0.061577085,-2.2488906,-3.7387695,0.3335547,0.20762832,0.047151588,-0.06502423,-2.6539135,-0.38014767,-0.56914973,1.5182965,-0.34905738,0.33465922,0.25358567
-0.044368356,4.055405,2.6718082,-0.37072524,0.26713377,-0.8945282,-0.24953297,2.0622063,0.5114096,-0.733186,-0.45338628,0.84534043,-0.14105171,-0.40879765
0.037167713,-0.41591525,2.266309,-0.26474252,0.30757,1.6035708,0.10506554,2.7467053,0.72701955,0.90651476,-0.58221364,0.2919218,0.3115276,0.2619829
-0.030346142,0.34044325,3.0808978,0.36064118,0.26006997,0.56119484,-0.0780349,2.5491648,0.5336206,-0.6139218,1.6991422,-0.26271847,-0.08574918,-0.3470527
-0.048692472,5.520031,-0.23465769,-0.20641328,0.31176975,3.394813,-0.03546725,-0.0911253,-0.20807372,-0.53587276,-0.21017262,-0.5180233,-0.13327108,0.38626224
0.04024943,-5.0761466,-3.644016,-0.403533,0.3004519,-0.5688796,0.13292594,1.4837922,0.4458169,-0.81578517,-0.61614615,0.6650112,0.44235846,-0.22825877
-0.05034087,4.649174,-0.87920225,-0.32079366,-0.40499783,-1.4048773,0.1811032,2.1310265,0.48747626,-0.7289194,-0.81623375,1.0626609,-0.16455404,0.45384005
0.03835903,0.3466419,3.171199,0.2974091,0.27783576,-0.4393199,-0.08647473,2.5475798,0.47574666,-0.64069664,1.5986897,0.4349241,-0.072847225,0.24084182
-0.030398797,-0.1385224,2.7456558,0.37579128,0.25157622,-0.6691276,0.12580477,3.1005588,0.7119503,1.0382164,0.8800305,-0.31293228,-0.08931638,-0.011846369
-0.03306709,-4.232546,-2.562392,-0.19858338,0.13063431,0.7468698,-0.07381261,-2.426584,-0.55307007,0.622117,-0.58545053,0.47117746,-0.11290256,-0.2294459
0.04780278,0.22934754,3.0066826,-0.11686984,0.15034609,0.15312213,-0.08101772,2.5049136,0.5149932,-0.59038794,1.4190984,0.50875115,0.28353772,0.2806569
-0.029383125,-0.21063603,2.3942652,0.33226582,0.19980614,1.7890457,0.12360002,2.7732682,0.6778121,0.9099549,0.096639715,-0.28107065,-0.08943137,0.24046281
-0.041378003,5.576606,-0.25945282,0.27450237,0.2343449,2.9153237,-0.07585606,0.0054204483,-0.12447831,-0.50216043,0.80282164,-0.36529967,-0.0910572,0.40592635
0.04984353,5.0786476,2.7540822,0.12859099,0.31180057,0.61271614,-0.1507324,-0.29140773,0.5934667,-0.5215519,-0.10441009,0.65273505,-0.076742746,0.31866392
0.04818962,0.24100973,2.968398,0.36756992,0.15329413,0.72842747,0.13251907,2.4224966,0.49277645,-0.57516533,1.4673678,-0.24535827,0.25208434,0.23799257
0.06017146,4.0457587,1.7885746,0.2926103,0.25207597,-0.5759632,-0.14135559,2.2104185,0.45867407,-0.5719138,1.4984199,-0.28539345,0.35424376,0.3235821
0.069722265,4.084796,2.7141545,-0.13469198,-0.26504362,-0.70200574,-0.04924266,1.9550563,0.462026,-0.55589443,0.2991117,0.6156762,0.4099915,0.29017243
0.060416993,4.0286527,2.2280726,0.38302985,0.26751417,-0.770741,0.18423596,2.1392646,0.45791626,-0.5669683,1.6918559,-0.38689655,-0.0836865,0.27494383
-0.06255706,4.980299,-0.12464987,0.3301266,0.15852767,2.752974,-0.11435119,-3.4336588,-0.1330512,0.4347302,1.4135407,-0.306901,-0.094896555,0.41563857
0.05397981,4.1135635,1.4565412,0.33381963,0.24412377,1.6704466,-0.05238748,1.9561296,0.46734348,-0.49293852,1.2135406,-0.39179713,-0.056883406,0.27531865
-0.05152084,5.0777006,2.9287155,-0.3263423,0.3009305,0.3288077,-0.05733385,-0.043029506,-0.26663435,-0.5725632,-0.67508066,-0.62096983,-0.16709025,0.36134225
-0.044281524,-2.2160604,-1.1166701,-0.24093534,-0.22007163,1.2134295,-0.073774256,-4.0345244,-0.87682205,0.5852769,-0.7071056,0.4975664,-0.12228298,-0.29712835
0.057664458,4.0678573,2.010193,0.37942976,0.23021264,0.3209684,-0.020641917,2.209371,0.5198079,-0.50954646,1.5664957,-0.34879076,-0.07662025,0.048752066
0.05397981,4.142749,1.6955397,0.3226845,0.2424004,1.4947604,0.072030835,1.9393011,0.4814607,-0.4621227,1.1231022,0.16285159,-0.029016681,0.048635785
0.0608407,4.031254,2.2384584,0.42873707,0.2772548,-0.5753056,-0.020641917,2.2043352,0.5025488,-0.5753681,1.702233,-0.4533147,-0.083830364,0.0012537811
-0.029769069,0.28200853,3.0155919,0.27907658,0.2773383,0.25115475,-0.031031743,2.5756497,0.49506965,-0.579468,1.5520017,0.44020486,-0.07877319,0.24696274
0.049999036,4.12807,1.6315719,0.39032802,0.26226887,0.17709744,0.18862532,2.1906495,0.486993,-0.5514163,1.5942299,-0.40032268,-0.0806189,0.3123147
-0.029743822,-0.21867676,2.388327,0.067575164,0.21257034,1.8665551,-0.027643196,2.825085,0.70551133,0.9463229,-0.07179814,-0.44502965,-0.10043051,0.2122099
-0.041436158,-6.5098524,2.1032913,0.07692574,-0.2988714,-0.6079762,0.12303729,2.0403106,0.47952548,-0.9927712,-0.31404385,-0.5358374,-0.17252032,-0.2351135
0.04818962,0.28831398,2.884971,0.30377325,0.25257868,0.80391365,-0.01199452,2.522687,0.5106974,-0.5723333,1.4485005,0.25112253,-0.05597746,0.052115288
-0.029293772,0.28668326,2.6386192,0.26290885,0.25766447,1.2921733,-0.020957872,2.4401178,0.47723338,-0.55576307,1.2661709,0.3342337,-0.0699074,0.26662117
0.06781939,4.0126495,1.8285877,0.49434566,-0.2758366,-0.46134293,0.1814912,2.144059,0.5255011,-0.6327312,1.7635376,-0.41369775,-0.092427276,-0.098396875
0.060016606,4.0080857,2.231991,0.3833184,0.26751417,-0.73947346,-0.020641917,2.1763425,0.45431992,-0.567027,1.6790205,-0.4564096,-0.0836865,0.27446967
0.056515466,4.136837,2.503721,0.42337254,0.27154607,0.3339845,0.18423596,1.826928,0.4782057,-0.50051874,1.5452942,-0.35775536,-0.07588287,0.050625104
0.05397981,4.1155367,1.7154452,0.32592225,0.23906781,1.5692432,0.18423596,1.8886615,0.4647743,-0.4669217,1.1889726,-0.30443323,-0.028884389,0.27159283
0.037081264,0.306337,2.6374035,0.26284197,0.25226521,1.2843066,-0.08101772,2.4243727,0.47507527,-0.5555599,1.2532557,0.39410877,-0.052104272,0.27382854
0.056285325,4.7632008,-0.4374124,-0.3045147,-0.32345065,2.7645693,-0.14343764,1.7510759,0.45841187,-0.5835077,-0.65253794,-0.48624057,0.4386347,0.35617006
-0.03034702,-0.10757242,2.7549562,0.16447377,0.26374245,-0.62129605,-0.01634273,3.0861475,0.73216003,1.0438586,0.87542397,-0.36758357,-0.09572536,2.0701205e-05
-0.04677624,4.83967,-0.58833486,0.13559654,-0.30271906,1.4089242,-0.07172021,2.0674627,-0.13547151,-0.64696676,-0.1921525,-0.5385808,-0.15288842,0.37082165
0.044396717,-0.32234937,2.5577347,-0.395771,-0.2845305,-0.61539626,0.055917576,2.9997857,0.7748916,1.181252,-0.7705403,0.62755984,0.39876235,0.27319014
-0.029260833,0.31977457,2.6741502,0.26595372,0.25525427,1.3968372,0.09305017,2.372025,0.4863328,-0.57425475,1.364448,-0.2521588,-0.08023078,0.26875442
0.07435568,4.0514193,2.6523132,-0.18933848,-0.3335914,0.22373247,0.19031414,1.9650847,0.5277299,-0.6182179,-0.17795846,-0.51823026,0.56448257,-0.33353812
-0.03609442,-0.34465837,2.2673063,-0.4019702,-0.27764234,1.7186254,0.1225625,2.7967675,0.78500235,1.0178528,-0.6867206,0.5008366,-0.09621668,-0.30661738
0.096791714,5.122321,2.6489832,0.38919598,0.2803834,0.66222423,-0.14993067,-0.6956164,-0.18814443,-0.4523533,1.65858,-0.4058842,-0.05756819,0.0785586
0.057664458,4.083844,2.0087287,0.37728766,0.25721285,0.32136476,-0.020641917,2.2014227,0.48722968,-0.5063874,1.5624729,-0.36272484,-0.07662025,0.2748553
0.046517856,4.7306137,-0.44331673,0.35504603,0.21735056,2.1505985,-0.030997382,1.7837664,0.43517348,-0.4971274,1.2427144,-0.3631812,-0.06926833,0.05335325
0.05669346,4.341469,2.0152042,-0.29220554,0.26205143,1.6629195,-0.026886621,1.7783037,-0.15187919,-0.4834821,-0.13361472,0.56075436,0.32258934,0.3628576
0.044050895,-0.37907386,2.502722,-0.12993866,-0.2670192,0.16066311,-0.026217315,3.1389742,0.7894811,1.0268939,-0.6174657,0.5677981,0.37844878,0.2723415
0.04479532,0.32423443,2.6954348,0.3082091,0.23750317,1.3232445,0.003992476,2.3929229,0.48790294,-0.5611617,1.2602749,-0.29917523,0.23498228,0.23648582
0.074478954,5.2682896,2.169286,0.2995372,0.21486166,2.2739136,0.19759127,-0.852593,-0.17917061,-0.52869153,-0.18721065,-0.4797646,-0.044476148,0.08364204
0.049447816,0.4474938,3.2984798,0.43368173,0.12686542,-0.6553032,-0.0182542,2.5270321,0.5097115,-0.6744794,1.8036124,-0.31847185,-0.07762523,-0.027546715
0.04430219,-5.411639,-3.6953285,-0.2722003,0.35093045,-0.8316921,0.13588063,1.5071912,0.40991783,-0.7341325,-0.5409222,0.67972594,0.4449033,0.26595968
-0.037384827,-1.2926967,-3.2715864,-0.24611174,-0.24045588,-0.6799332,0.184304,-3.4312127,-0.78576934,0.7140164,-0.82707226,0.6060978,-0.1512193,-0.28002608
-0.037087835,-0.20623232,2.6747193,-0.18893471,-0.4167103,-0.67704046,0.09012358,3.0153205,0.7800429,1.2404388,-0.201221,-0.03353856,-0.14087181,0.22463432
-0.04093235,4.8199925,-0.45169404,-0.27915326,0.34616992,2.7646375,0.17620249,1.9219602,0.50474495,-0.5731283,-0.21149245,-0.03385256,-0.13041158,-0.3813932
-0.035319123,-3.9776685,-2.5154078,-0.18874067,0.27518484,-0.20445013,-0.07390056,-2.5542727,-0.55746555,0.59677553,-0.63359755,0.56578666,-0.12939534,-0.23188365
-0.028973835,-5.237513,-3.6397321,-0.27326426,0.19171049,-0.9125751,0.13297337,1.4820573,0.44083425,-0.8853561,-0.6593787,0.7368881,-0.13648549,-0.23218396
0.06063286,4.5075607,-0.47763047,0.42744848,-0.23053429,2.0784073,-0.06383264,1.7735004,0.45565146,0.6579948,1.1578693,-0.3415251,-0.06286548,-0.35090044
0.049549524,0.42725992,3.2661252,0.34867924,0.25562105,-0.28680038,-0.022843827,2.5284555,0.5284506,-0.6358315,1.6209542,-0.34834307,0.30112097,0.00087096705
0.059093956,4.182668,1.5957332,0.2612145,0.24641983,0.1873796,0.1815323,2.201843,0.48281294,-0.4911582,1.2252928,0.5263077,0.2850328,0.31740138
0.057664458,4.1314263,1.8941643,0.25803125,0.24228622,0.24266285,0.19122839,2.2020123,0.50418186,-0.46950153,1.227887,0.47368467,0.27270386,-0.10441167
-0.043975033,-4.957279,-0.9191662,0.047330044,-0.2033631,0.69059104,-0.108256765,-2.789579,-0.3077139,-0.5862036,-0.3034845,-0.6208901,-0.17973074,-0.2530678
0.05359011,4.1608515,1.6795889,0.31905863,0.24147801,1.498172,0.18826844,1.9114641,0.4462529,-0.45824754,1.1293814,0.05138258,-0.060053017,0.3048315
0.037236106,-0.2627357,2.7133012,0.1889289,0.17481896,-0.6263444,-0.023316199,3.1353493,0.71320397,0.99367267,0.7574378,0.53423166,-0.06603824,-0.011329945
0.061887983,4.906201,-0.46486422,-0.2721747,-0.30473775,1.2504447,0.18363324,2.0624385,0.4817345,-0.5767163,-0.1529656,0.6912442,0.36308318,0.39718506
0.05397981,4.1143756,1.7217051,0.33265045,0.23906781,1.5731907,0.089632645,1.9226844,0.46491262,-0.46763778,1.2050575,-0.31245,-0.06018853,0.27108255
0.052544158,-0.28690398,2.554601,-0.30161378,0.28642935,-0.640862,-0.17681144,3.1000683,0.7728185,1.1325127,-0.69968,0.63715297,0.35477743,0.2802861
-0.03996052,-3.840593,-2.5933797,-0.26766366,-0.23121116,-0.867114,-0.07323248,-1.8913811,-0.59091115,0.82082325,-0.5734605,-0.4729444,-0.16001351,-0.23086762
0.04883137,4.073988,2.7310903,0.46414414,0.27308345,-0.71597826,-0.051755846,1.8691597,-0.111559466,-0.54570425,1.6459017,-0.41281873,-0.08653818,0.31597197
0.0620449,4.010995,2.7665868,-0.10480425,0.32881597,-0.7240225,-0.053428575,2.0463762,0.4850408,-0.53248805,0.7868083,0.19056177,0.38980845,-0.3637354
0.044000648,-0.34341335,2.2270064,-0.36930674,-0.3000713,1.6182848,-0.17681144,2.7506988,0.7256158,0.9693763,-0.6542407,0.46506053,0.30303788,0.27289462
0.08593887,4.844526,2.9783998,0.43656123,-0.28157422,-0.7716792,0.073610194,-0.12709409,0.48216176,-0.5850736,1.7987716,-0.3783871,-0.08513337,0.081552304
-0.03965777,4.7913423,-0.4510859,0.17992237,0.271707,2.3016987,-0.14443178,1.9117558,0.44254604,-0.5030011,0.8316412,0.02226444,-0.089419916,-0.34540913
0.03758167,0.2404945,2.9797685,-0.054872613,0.2816402,0.24206533,0.1278062,2.5067852,0.5105322,-0.566665,1.4079335,0.48897952,0.26719475,0.2814624
-0.03641609,-4.7220917,-3.0153656,0.061840776,0.26645312,-0.80720013,-0.05632772,-0.8087324,-0.18266712,-0.76134497,-0.09426876,-0.60149884,-0.16126363,-0.064391114
0.037980366,0.3243876,3.13597,0.36890346,0.26831353,0.23075148,0.020670855,2.539834,0.5353363,-0.614377,1.7301037,-0.346412,-0.076694526,0.05245459
-0.029200654,0.24350615,2.6116555,-0.09527114,0.33408862,1.3070858,0.052952044,2.3785498,0.49964637,-0.5668567,1.2597029,0.46737283,-0.0738539,0.2699475
0.047223892,-0.18395431,2.5659025,0.37999934,0.20824875,0.19419987,-0.022959305,3.0018363,0.7224795,0.8910056,1.4096862,-0.27452254,-0.06434896,-0.011821093
-0.038720883,4.7536116,-0.4041979,-0.2612154,0.34741205,2.8893623,-0.18390203,1.8919988,0.46274167,-0.5795818,-0.672548,-0.5382902,-0.13512026,0.35050714
0.044976052,-0.171658,2.413027,-0.15963015,-0.23556979,1.8228109,0.015395595,2.7886784,0.7454276,0.99292237,-0.048185714,-0.50923157,0.3170752,-0.271226
-0.04003724,-4.7605186,-0.82522607,0.21686971,0.19685103,0.4944079,0.18933156,-3.050599,-0.6607401,0.58862096,-0.6294398,-0.067453265,-0.14895935,-0.25848854
0.05085407,-6.2295976,-0.89816827,0.47330478,-0.22868143,0.111632094,-0.04466003,-0.6692075,-0.51801866,-0.6363334,1.7719561,-0.34730107,-0.09683415,-0.10281456
-0.035138525,0.2933529,2.6375759,-0.14559333,-0.31449455,1.3571845,-0.0255475,2.3676243,0.5021589,-0.59614265,1.2946881,0.41989568,-0.08076516,0.2754737
0.03818019,-0.2674933,2.7047484,-0.07078715,0.32377455,-0.6548866,0.12594089,3.137372,0.7650613,1.0592998,-0.23859924,0.6273156,0.347346,0.22089995
0.03763883,-0.19887958,2.5601716,0.3297041,0.22095288,0.8730864,0.13719586,2.9766054,0.6826459,0.86406565,1.2514446,-0.2347172,-0.057492252,-0.26678902
-0.030957567,-0.23373453,2.617405,0.21721789,0.24589147,0.08406524,-0.039087143,3.2421553,0.74089116,0.9273026,0.76577604,0.4385865,-0.081530936,-0.26934463
0.04479532,0.34027797,2.6981668,0.31567177,0.23781666,1.3249471,0.13251907,2.3666713,0.5172591,-0.56953466,1.257001,-0.23192827,0.23713383,0.01509051
0.03788108,-0.29711634,2.290579,-0.25337908,0.30848843,1.5991759,-0.07120991,2.829656,0.7491382,0.9389,-0.5291803,0.46454483,0.27621478,-0.28371167
0.051566858,-6.2796016,-0.9967526,0.048040092,-0.27585113,0.2699985,0.13735929,-0.49467108,-0.20743509,-0.7137733,-0.22081213,-0.55989724,0.5332616,-0.2972035
0.05397981,4.122002,1.4549488,0.30687866,0.23551716,1.6221607,-0.020641917,1.9481031,0.46628115,-0.48628628,1.1508073,-0.31398582,0.1570008,0.27515858
0.06377822,4.756367,-0.43963996,0.39258793,-0.23354094,2.0930376,0.06203227,1.6887431,0.4036956,-0.5107453,1.1416534,-0.35860276,0.2743572,0.2936319
0.046325076,-0.25754085,2.5831275,-0.31396458,-0.2889693,0.09805261,-0.07506574,3.1651192,0.8394312,1.1377242,-0.10463383,0.56281686,0.35108525,-0.28521666
-0.11728421,4.766425,3.2539463,0.12005891,0.23997389,-0.8727119,-0.17874834,-2.5932915,-0.55416864,-0.51854885,-0.4139798,-0.38574693,-0.21291012,0.43492216
-0.049695313,4.8180227,3.1954389,0.2571906,0.27341247,-0.921318,0.196058,-0.06495493,0.41703165,-0.644865,-0.1634497,-0.5623201,-0.1622215,0.320477
0.052166585,-0.42866892,2.4711318,-0.34252223,0.32130042,0.12115961,0.087013096,3.1366384,0.7995529,1.0609993,-0.7155168,0.5620445,0.3415553,0.2778189
0.059763197,4.1005855,1.5947336,0.22555962,0.2500038,0.18690109,-0.1468126,2.2777395,0.5199449,-0.49619207,1.2448202,0.5377926,0.30114156,-0.09149953
-0.027848223,-5.5262423,-3.6465135,-0.29459107,0.36642262,0.20462249,0.12297961,1.5221612,0.39226353,-0.85406595,-0.699621,-0.46644595,-0.15620716,0.2592459
-0.04790201,4.790162,-0.4142299,-0.27969918,-0.36124334,2.611002,-0.14091143,1.9069264,0.50202525,-0.57977057,-0.2645287,0.68271595,-0.118411645,-0.3780558
-0.03042532,-5.200876,-3.0182235,-0.267296,-0.31025767,0.09844181,-0.08473465,-0.27687544,0.4847478,0.8351865,-0.5560994,0.33234623,-0.13469326,0.28063604
-0.036792155,-0.34414518,2.456508,-0.4135523,-0.3411535,0.16134234,-0.18520133,3.2168474,0.8832173,1.1811849,-0.75648624,0.6041096,-0.11897385,-0.31413224
-0.039310906,-4.6333795,-2.780654,-0.27115467,0.21744947,-0.07443068,0.12481423,-1.0952473,-0.1873872,-0.6710241,-0.66490436,0.69974357,-0.1410327,-0.25277916
-0.027297225,-5.167701,-3.628307,-0.2880181,0.37463853,-0.8858857,0.13554937,1.4998757,0.42232266,-0.8835955,-0.6289892,0.78502434,-0.13648549,-0.2315589
0.04480314,0.22704323,2.891412,-0.14604333,-0.29017848,0.70581436,0.12981538,2.4098055,0.50485927,-0.59420425,1.4127604,0.2734954,0.28817755,0.28160724
0.060416993,4.0429106,2.2405853,0.43105713,0.27197474,-0.77774894,-0.020641917,2.1565688,0.4578373,-0.5723289,1.687828,-0.39541718,-0.07674963,0.274391
0.03788108,-0.20276056,2.387353,0.076854154,0.22044626,1.7863963,0.12357642,2.8089964,0.7343976,0.939131,-0.1873315,-0.3022174,0.32706589,-0.27137434
0.043881264,0.25485063,2.6916537,0.41202313,-0.22038287,1.430028,0.020670855,2.3557162,0.46925175,-0.60174334,1.3996418,-0.3577769,-0.06904124,0.2379909
-0.03700997,-0.19529895,2.539519,-0.18334535,-0.3949513,0.5955212,0.12322302,3.1411712,0.83145416,1.1613414,-0.30963397,-0.38654083,-0.13534226,-0.27681386
0.04479532,0.323731,2.711451,0.38624564,0.14853138,1.3970457,-0.03331296,2.385045,0.51485234,-0.5886649,1.353864,-0.24377401,-0.028783329,0.0031457704
0.0608407,4.1041207,2.1068196,0.28817007,0.2673442,-0.36004013,0.18387906,2.1882842,0.47866213,-0.5327569,1.4224807,0.5268003,-0.07204197,0.2832226
0.12523423,4.94164,2.9461794,0.4260878,-0.26735592,-0.77805966,0.19353518,-0.7832263,0.43049318,-0.5325302,1.7918811,-0.37378404,0.03848631,0.35844022
0.04975192,4.167659,1.6471164,0.33151433,0.27197975,0.0719407,0.034909774,2.2699869,0.48245943,-0.51833403,1.4450767,0.3863686,-0.07378456,0.28577033
0.046209607,4.109418,1.6592743,0.25842744,0.2424004,1.4496393,-0.023743581,2.0130696,0.4823652,-0.45306996,1.0812482,0.44604605,-0.06077848,-0.11092026
-0.035298537,-4.026993,-2.5797498,-0.13497612,0.30806762,-0.84204686,0.18986629,-2.242725,-0.5201051,-0.61154115,-0.59342086,0.6704309,-0.1513702,-0.24161156
0.055441912,-0.35356265,2.614302,-0.26576668,0.33038384,-0.17464277,-0.03075543,3.2041452,0.8606072,1.0858619,-0.71720904,0.59069484,0.33975038,-0.30369863
0.045106012,0.42325366,3.3094854,0.47053048,-0.22629696,-0.64339757,-0.0182542,2.4639478,0.50838906,-0.7027862,1.8311768,-0.31105986,-0.09365046,0.018315893
-0.043550342,4.710144,-0.4661084,-0.23185372,-0.3108522,2.4964583,-0.15681116,1.8017398,0.4570323,-0.47583297,0.8345485,-0.50473857,-0.10084343,0.30316544
0.18107665,5.416117,-0.64250517,0.31284824,-0.27571392,-1.0118057,0.17766112,-1.45925,-0.6242715,-0.584644,-0.75636816,0.7191629,0.5917992,0.47420862
-0.03504529,-4.540736,-2.706697,-0.25031027,-0.26475027,0.10336139,-0.12026681,-1.8396453,-0.18450193,-0.638881,-0.2917395,0.6919228,-0.14700912,0.25366023
-0.037457787,4.8036838,-0.34884313,-0.2206071,0.328796,2.2065275,-0.18592072,1.8587476,0.44685307,-0.48490345,0.6877805,0.56960446,-0.08248244,0.34480193
0.05556223,5.4576344,-0.45314267,-0.24293871,0.24968095,0.74269307,-0.06803206,0.16716583,0.538014,0.58249885,-0.2318604,0.45596805,0.38059652,-0.4163635
0.04479532,0.34698755,2.7043848,0.33266652,0.249855,1.3881215,-0.0182542,2.4072726,0.48804277,-0.5729524,1.3657417,-0.23997031,-0.058142614,0.23671924
-0.043398134,4.0600586,2.6012173,0.17710072,-0.30708078,0.33303025,-0.14099869,1.9271191,0.474641,-0.5717026,1.077727,-0.4979857,-0.116841435,0.320453
-0.028973835,-5.1212206,-3.627494,-0.29958507,0.37463853,-0.93488467,0.123033315,1.5181696,0.407565,-0.9237331,-0.66529155,-0.022447018,-0.164721,-0.23139885
-0.049117066,-2.8071635,-1.6906877,-0.23904647,0.069001935,-0.7079302,-0.05860797,-1.8101501,-0.50639176,0.8273679,-0.74351186,0.6859612,-0.12763275,-0.435289
-0.032073714,-4.790261,-2.9541056,-0.26717952,0.33609545,-0.6840912,-0.042764615,-0.32347795,-0.1843374,-0.15551212,-0.6513217,0.70197743,-0.12544674,-0.2628891
0.05397981,4.084284,1.7196846,0.32603732,0.23906781,1.5713363,-0.048550293,1.9544514,0.4648195,-0.4669522,1.2077805,-0.30561998,-0.06796562,0.27108255
0.051238555,0.26408237,2.628248,0.15399846,-0.2500748,1.2680235,-0.020957872,2.3612113,0.4960644,-0.57430404,1.1970637,0.41681945,0.25328776,0.27386817
0.060016606,4.06619,1.8346183,0.44230506,0.2770307,-0.7837202,-0.020641917,2.1537874,0.4585137,-0.6127775,1.6964793,-0.4195164,-0.060692403,0.27963603
0.060016606,4.005829,2.2407532,0.394641,0.26751417,-0.7395454,-0.020641917,2.1823995,0.45390198,-0.56771255,1.6758344,-0.39958766,-0.091650255,0.27446967
0.057374116,4.1228414,1.627063,0.34135336,0.24412377,1.1124595,-0.020641917,2.164352,0.47336546,-0.50041014,1.3880217,-0.39670968,-0.060737986,0.27699485
0.1501615,5.3612685,-0.6144627,0.5078975,-0.2609409,-0.87474316,-0.07246454,-1.3421178,-0.1843192,-0.59424865,2.235762,-0.4537668,-0.09574084,0.4462127
0.04752038,0.30772948,2.9460452,0.32881156,0.2095806,0.73659194,0.14026636,2.4487977,0.488196,-0.5716296,1.4504124,-0.23544483,0.25178257,0.2727061
0.061089117,4.774465,-0.49643567,0.3365908,0.23831616,2.3659396,0.1920027,1.7349999,0.4317227,-0.5000327,0.7055997,-0.3642922,0.2619845,-0.3571516
0.07838003,5.065422,2.703736,0.3752402,0.23817377,0.2930869,0.1949268,-0.062355485,-0.5654842,-0.44131956,1.6755669,-0.35640016,-0.030803293,0.38108826
-0.03908115,-1.8776572,-3.6803408,-0.33602363,0.054879524,-0.8946789,0.18579923,-2.415378,0.45069072,-0.86203647,-0.8019616,-0.5908544,-0.18170969,-0.2665968
-0.030975876,0.21164797,3.0401871,0.29583472,0.2780337,0.1548453,0.13896222,2.5629876,0.5270807,-0.60730404,1.5715284,0.45318985,-0.081977524,-0.3522537
0.058867615,4.041838,2.717133,0.41810402,0.07453041,-0.71872634,0.089632645,1.8654509,0.4100896,-0.5589809,1.6476152,-0.38554606,-0.078313865,0.27487606
0.049353678,4.0503063,1.8298565,0.40068564,0.27257013,-0.77758783,0.18423596,2.1546426,0.45849952,-0.6082197,1.7080675,-0.41793042,-0.091650255,0.27912652
-0.040200807,4.018767,2.7048714,0.37505788,0.2718886,-0.72116727,0.035266664,1.9600163,0.43375537,-0.53337485,1.6331403,-0.38293412,-0.09856263,0.28010488
0.05359011,4.2278094,1.4275645,0.28413343,0.24918805,1.4653941,0.06968405,1.9229889,0.45448577,-0.45798087,0.9879713,0.4341306,0.22347789,0.31589547
-0.03067911,0.31491286,3.1765556,0.29996857,0.2788182,0.034737676,0.037915785,2.5476668,0.50337607,-0.6183642,1.7709527,-0.30643198,-0.097584926,0.23953056
-0.03285002,-4.809056,-2.9900398,-0.2966104,-0.33271322,-0.89551616,0.13051811,-0.3036379,0.43202278,-0.8120256,-0.67897785,0.7261049,-0.15078455,-0.25194472
0.047861584,-4.574294,-0.9035983,0.3524489,0.19743706,0.09537634,-0.06973188,-3.0572035,-0.66912305,0.61691004,-0.66475284,-0.332984,-0.12032245,-0.24480835
-0.041450888,4.9072075,-0.5417536,-0.21765393,0.36736038,0.38327897,0.13661312,2.256267,0.5339876,-0.6193493,-0.23476397,0.94406825,-0.13266401,0.41991988
0.0608407,4.0214267,2.239385,0.38682917,0.2639746,-0.572235,0.07238772,2.1875393,0.5022017,-0.5708716,1.6953616,-0.38751748,-0.083830364,0.04934269
-0.04098623,5.4935846,-0.27217746,0.40300554,0.05748405,2.5464637,0.20427911,0.034836918,-0.12156887,-0.510143,1.3413619,-0.38174197,-0.0843817,-0.0055438355
0.05027738,4.4216137,1.9933369,-0.2978964,0.26620436,1.6783911,0.19315243,1.7283918,-0.24713583,-0.48580316,-0.58993113,0.55032367,0.332303,0.37230936
0.037931107,0.2894423,2.9594967,-0.046568323,0.33181563,0.5034434,-0.033669855,2.546782,0.5127099,-0.57270145,1.5232434,0.45545527,0.02278138,0.24436702
0.051968694,4.0916343,2.8716743,0.052746534,0.27476883,-0.8809196,0.17769565,1.9779598,-0.23656094,-0.61472344,-0.25611138,-0.56782496,0.54327285,0.3150198
0.038547836,-0.40033185,2.529011,-0.2953277,0.16532832,0.16189842,-0.06986536,3.2009945,0.86384875,1.0639404,-0.66196483,0.5552225,0.33172208,-0.2900206
-0.040720537,4.8176103,-0.5824989,-0.2836176,0.28606582,0.75914735,-0.16406594,2.229766,0.5132861,-0.5365893,0.85808563,0.67781276,-0.09632927,-0.39141732
-0.040817816,-4.3672147,-2.7733512,-0.25217342,-0.3324766,-0.8905424,0.13468514,-1.1624545,-0.2942355,-0.7778458,-0.69105804,0.70377403,-0.1575523,-0.25357908
0.059561353,4.030043,1.7765504,0.27316156,0.26065814,-0.67712855,-0.13980141,2.2325554,0.48627406,-0.5464966,1.2966933,0.5596047,0.29848748,-0.08669191
0.037993763,-0.19643067,2.7739682,0.4172255,0.14822279,-0.690358,0.12710178,3.0949085,0.7168018,1.0776339,0.8824074,-0.3121796,-0.07363851,-0.28203818
-0.029233592,0.31205332,2.5967882,-0.09544943,0.33386266,1.3111095,-0.21704967,2.4225807,0.4966512,-0.5755743,1.2620184,0.47066045,-0.07353217,0.2412155
0.056515466,4.0748577,2.4955919,0.38146827,0.25826582,0.33214396,-0.020641917,1.9443344,0.4682477,-0.4959024,1.5481848,-0.35546204,-0.07902471,-0.008062713
0.051901508,-0.26051706,2.6165314,0.15746832,0.16345976,0.2237776,0.09012169,3.1288552,0.78300583,1.0271628,0.03652204,-0.35793492,0.3832042,-0.27125508
-0.042397447,4.0720134,2.7504487,-0.3573329,0.30097854,-0.93636495,-0.053764053,2.0941405,0.5176694,-0.7158144,-0.34688905,0.84348625,-0.14007576,-0.41192254
0.049097862,4.046231,2.0556188,-0.15266193,0.27696735,1.6630446,0.06957096,1.8834945,-0.24052186,0.5311916,-0.15992408,-0.5759724,0.35157123,0.30006683
0.060016606,4.03753,1.8028896,0.35811788,0.25653794,-0.7443598,-0.1468126,2.178758,0.43837315,-0.57072186,1.485902,-0.27393764,0.32828817,0.27157292
0.13107057,5.366087,-0.3417934,0.4318088,-0.18753017,0.84589005,0.18043903,-1.4886329,-0.71645665,0.55284274,1.4707249,-0.32594746,0.3298518,-0.48244578
0.037337814,-0.13328102,2.7627633,0.40295,0.05825055,-0.3859162,-0.022959305,3.1380668,0.73878783,1.0320973,0.8913375,-0.3112657,-0.073336,-0.01797269
0.062249277,4.0389314,2.062114,0.14212054,-0.27976057,1.4659681,-0.13366866,1.7795349,0.47941917,-0.48653647,1.1002283,-0.38771498,0.29256153,-0.31594157
0.099227145,5.1675534,2.0941803,0.34586352,0.24520612,1.8507314,-0.06600526,-1.1644711,-0.17547762,0.44660327,0.64865726,-0.2971553,0.25965708,0.3737633
0.048453033,-0.0819,2.6805465,0.37032506,0.24617693,-0.62135184,-0.023612246,2.9864545,0.70085955,0.97607815,1.4937036,-0.3032204,-0.06400783,-0.061497368
0.044035286,-0.34864533,2.236271,-0.28840327,-0.3460383,1.6190418,-0.07212193,2.7112527,0.70993954,0.95050013,-0.5503677,0.43305036,0.30260515,0.26551363
0.08304882,-2.2302814,-1.2825087,0.37739035,0.12740606,0.07243962,-0.06587893,-4.2815003,-0.89216673,0.6068867,-0.29099536,-0.32038096,0.43243378,-0.095260404
-0.036314797,-0.27134648,2.6157627,-0.21257544,-0.32136086,0.18883531,0.013760993,3.1194391,0.7850867,1.1835005,-0.16381286,-0.5625684,-0.13919447,0.2557404
0.07152039,4.7139673,-0.49031088,0.1977376,-0.257433,2.3862715,-0.07422273,1.7423426,0.4610782,-0.55566126,0.7990811,-0.3927504,0.3027066,-0.35663885
0.050324406,4.1785054,2.4965034,0.41521806,0.22906628,0.3138037,-0.023847468,1.9274127,-0.2321006,-0.47786102,1.574071,-0.36949402,-0.07924052,0.31238896
-0.048217118,4.763602,-0.5032278,-0.33950165,-0.33585268,3.0384247,0.19085,1.8325264,0.48071322,-0.63115275,-0.30091915,-0.58461314,-0.1420571,-0.38212377
0.057664458,4.107013,1.972861,0.3602194,0.26096863,0.31944618,-0.059376318,2.2275016,0.46758497,-0.5005447,1.5495323,-0.2326675,-0.083194464,0.27842748
0.057664458,4.1068134,1.9960368,0.3684889,0.24606629,0.3202634,0.18423596,2.1468368,0.4860355,-0.5057018,1.5462005,-0.34833354,-0.045449115,0.2763011
-0.029817691,-0.20651315,2.6130702,0.25062305,0.23191287,0.7523199,-0.040459108,3.1261876,0.7082725,0.92145276,0.5903849,-0.28179222,-0.08722711,0.24175307
-0.041137137,-4.4525285,-2.78843,-0.31027055,-0.30986762,-0.6434555,-0.10708655,-0.9207082,-0.29910704,-0.75041026,-0.70378435,0.71583074,-0.15378806,-0.25743958
0.108348444,5.564122,-0.20506807,0.43936813,-0.21726911,2.7028544,-0.04459184,-1.3738004,-0.2045244,-0.057111453,1.4051615,-0.36222774,-0.05840045,0.10548016
0.03742828,-0.19801034,2.6845827,0.41223302,0.1583012,-0.44811454,-0.01634273,2.9709322,0.71124685,0.98192513,1.486665,-0.3045935,-0.07168804,0.032771938
0.05974775,4.026585,1.8288776,0.3690379,0.2580792,-0.80963594,-0.022988696,2.1844106,0.46173286,-0.59231055,1.6095941,-0.41494718,0.20028554,0.31742346
-0.0762859,5.632643,-0.4050863,0.08511608,0.10381297,0.39784536,-0.045881692,-0.71734035,-0.09638408,-0.5669686,-0.7289491,0.8458808,-0.14226325,-0.48741066
-0.043441955,4.7396317,-0.45530447,0.4202236,-0.23836805,2.234655,0.19685054,1.6909022,0.42252234,-0.5465924,1.2016032,-0.3742033,-0.08774499,0.309214
-0.030106664,-0.27461964,2.356874,-0.24906969,0.3172156,1.6631241,0.015038697,2.8620465,0.76596576,0.9576309,-0.040431697,0.5176261,-0.0851846,-0.28458235
0.05359011,4.1214113,1.4545048,0.31886858,0.23551716,1.6190616,-0.022988696,1.9451797,0.46629852,-0.4869414,1.1432751,-0.32466668,0.15752912,0.30678958
0.065700546,4.004563,2.7471185,0.46922165,-0.29975495,-0.76631105,-0.020641917,1.8124412,0.41048214,-0.5857068,1.7015855,-0.38761935,-0.093080744,0.2761984
-0.03444882,-4.02279,-2.5027602,-0.2394035,-0.22660531,0.023951488,-0.11454501,-2.4255748,-0.60447717,0.61884975,-0.63664097,0.5486491,-0.13440134,-0.23495805
0.048849616,5.427253,-0.31943187,0.3573133,0.08079416,2.726867,0.19945373,0.15791455,0.4478349,0.5427002,0.7361437,-0.34857732,-0.053844776,0.3146566
-0.04722515,5.5023336,-0.2697714,0.42736098,-0.25960115,2.8422716,0.07994962,0.024757264,-0.06586905,-0.46377084,0.9532478,-0.38153398,-0.09210952,0.36955696
-0.07860321,5.594907,-0.21087088,-0.22140077,0.3242374,3.2443864,-0.049871627,-1.2078049,-0.21545579,-0.4456162,-0.7736372,0.6582653,-0.13131265,0.48321655
0.058892112,4.09173,1.7680403,0.23066294,0.2570742,-0.686145,-0.02334559,2.2076015,0.45109773,-0.5439638,1.2772028,0.57792395,0.31711432,0.3219827
0.045832988,0.26364905,3.148144,0.45547298,-0.24163719,0.27602512,0.12922505,2.4664087,0.5377591,-0.6517729,1.7740393,-0.26561904,-0.08663949,-0.35353768
0.060416993,3.9910398,2.2416606,0.38682917,0.26843655,-0.7728164,-0.020641917,2.1989899,0.49187848,-0.57075167,1.6978852,-0.45407668,-0.088652276,0.044272944
-0.041092116,4.0409527,2.0633879,0.38136992,0.26895344,0.049310774,-0.020641917,2.3031454,0.518451,-0.52061236,1.6457256,-0.44217518,-0.10015581,-0.013426561
-0.029260833,0.28583056,2.6425107,-0.056459326,0.33408862,1.3047664,0.0012888,2.4371326,0.5033564,-0.5592457,1.256607,0.4192142,-0.07394357,0.27452162
0.06767363,4.0645986,2.0736089,0.43051445,-0.2055749,0.07862553,0.07238772,2.1681328,0.51648504,-0.53787684,1.568477,-0.35680133,0.2191943,-0.069447525
0.05422141,4.0930862,1.9925431,0.44831532,-0.25871116,0.31384733,0.19158529,2.1457334,0.49501747,-0.54052186,1.6005242,-0.3774198,-0.09411274,-0.10068547
0.060416993,4.006669,2.2407532,0.394641,0.26751417,-0.7708359,-0.020641917,2.187654,0.45791626,-0.56771255,1.6886516,-0.39958766,-0.0836865,0.27446967
0.048256353,0.37780786,3.1337519,0.37434235,0.26831353,0.27721637,-0.03331296,2.549592,0.53155327,-0.61069506,1.7183167,-0.27996153,-0.07068716,0.006398529
0.055712957,4.06317,2.7079754,0.45665604,-0.31589964,-0.57232445,-0.14966126,1.883594,-0.18357654,-0.57123107,1.6862845,-0.46183047,-0.09199845,0.3131798
0.04798108,-4.632859,1.147166,0.06643316,-0.21456383,-0.50188357,-0.078158624,-3.7135885,-0.77896816,0.64751977,-0.6586922,0.5821719,0.033210248,0.2586502
0.04479532,0.38240612,2.7018354,0.33399928,0.25016847,1.3789417,-0.02099897,2.4322686,0.51638734,-0.58060926,1.3731513,-0.31589723,-0.058286484,-0.07074518
0.060416993,4.0288043,1.8311363,0.36630338,0.25345603,-0.6023224,0.035266664,2.2225049,0.5022051,-0.5803198,1.5351125,-0.39668792,0.33029175,-0.013970032
0.04440562,0.24738325,2.633282,-0.13041912,0.05563064,1.2663717,0.13990946,2.364343,0.4945588,-0.5588182,1.1889757,0.26730776,0.25154474,0.274722
-0.027848223,-5.550338,-3.5754383,-0.3444091,0.16926628,0.19464444,0.11143847,1.4621675,-0.158571,-0.84901774,-0.7228025,-0.5805618,-0.15936778,0.28910333
0.06017146,4.083547,1.7606676,0.30079788,0.24092941,-0.5800166,0.09455274,2.1459117,0.45248774,-0.577405,1.5062791,-0.43337628,0.35757706,0.3215202
-0.03672489,-0.27344763,2.5836227,-0.36762723,-0.35562685,-0.6487083,-0.031463973,3.0460622,0.81211334,1.2411654,-0.7940305,0.6853333,-0.124920234,0.27279922
0.07910594,4.8404355,2.953499,0.35382324,0.24975197,-0.74531657,-0.024226246,-0.020924041,0.4527068,-0.4662798,1.7792726,-0.38218966,-0.08372717,0.090857305
-0.032534257,-1.7906952,-3.5972617,0.39443135,0.13531926,-0.6766724,-0.080532975,-3.4420974,-0.677342,0.7178546,0.91505396,-0.32709518,-0.10534117,0.00028482056
0.073945075,5.550108,-0.27762523,0.059311666,0.25120908,2.8042746,-0.15935239,0.27774543,0.47172862,-0.4760383,-0.14567202,0.59973973,0.3262165,0.3303282
0.051238555,0.3318026,2.6976197,0.13947853,-0.24720135,1.3839192,-0.020600978,2.3395026,0.5094315,-0.5906447,1.2811874,-0.2684314,0.28788984,0.2696175
0.03738656,-0.21901034,2.61752,0.1192984,0.26960343,0.15355621,-0.028712265,3.267747,0.81983536,1.050124,0.03680867,0.099027365,-0.0927135,-0.28067872
0.060016606,3.9936707,2.2443776,0.38682917,0.26843655,-0.74153215,-0.0034176675,2.1892345,0.48744622,-0.57075167,1.6832597,-0.38598076,-0.09179411,0.044272944
0.048880283,0.35991448,3.2724233,0.38426143,0.27354375,-0.48645556,0.13017228,2.4777038,0.48687446,-0.6636295,1.7955368,-0.38127548,-0.07801064,0.27863288
-0.05627499,4.9224796,2.846649,0.36385968,0.21177478,0.09129773,0.19478719,-0.26492006,-0.6469286,0.5529347,-0.14916149,-0.4234392,-0.13509451,0.41162458
0.03887876,-3.9270601,-2.6771493,0.42337143,-0.14890784,-0.8377089,-0.11031393,-2.5172343,-0.5144017,0.72802216,-0.07988444,-0.37216523,-0.12641634,0.22031
0.057664458,4.0678425,2.0161903,0.37530655,0.25813523,0.32139507,-0.020641917,2.2071896,0.5198079,-0.51023203,1.563789,-0.35623887,-0.07662025,0.048752066
0.057491902,4.0654283,1.9598976,0.35387525,0.24411048,0.6308111,-0.059019428,2.1718574,0.5070211,-0.49768516,1.5358795,-0.33823875,-0.06726974,0.051784623
0.056342904,4.10105,2.4198947,0.35625327,0.24331869,0.6287109,-0.020641917,1.8750813,0.4491359,-0.48498517,1.5086299,-0.34195665,-0.07332535,0.27324665
0.05381084,4.1927137,1.4237009,0.20746613,0.23384528,1.4599533,0.18387906,1.9198426,0.4551397,-0.45545775,0.98823273,0.47114468,0.23512755,0.2801105
0.071778715,5.106256,2.9084575,0.105231225,0.21499264,0.35647288,0.1763317,-0.7344726,0.4782731,-0.5332969,-0.31943038,-0.47485322,0.5174024,0.40837574
0.05397981,4.0656385,1.7194302,0.32592225,0.23906781,1.5693834,-0.14645572,1.9283524,0.4652854,-0.4669217,1.185615,-0.37424245,-0.028884389,0.26309618
0.055760216,0.31175768,3.100677,0.43153268,-0.2855053,0.15303367,0.13251907,2.4172397,0.5347634,-0.63383836,1.6062152,-0.27920255,0.30519265,0.0522286
0.044832993,0.28458434,2.6958303,0.37958288,0.101327196,1.3880066,0.13986836,2.3569574,0.51204187,-0.59865725,1.3761226,-0.23569559,-0.05178904,-0.07183658
0.060405683,4.898861,-0.38373157,-0.22598992,0.2726396,2.326292,-0.1434714,1.8279227,0.46654102,-0.5079239,-0.56090766,0.6289721,0.3414355,0.35447136
0.057664458,4.080618,2.0074704,0.37942976,0.23021264,0.32072836,0.035266664,2.2075255,0.51972955,-0.50954646,1.5670605,-0.34707746,-0.0812555,0.04918061
-0.07806672,5.2570214,2.752901,-0.18199721,-0.28418207,0.6939648,0.06893459,-0.985504,0.6062925,-0.5672529,-0.64801747,0.66725343,-0.14317289,0.4129878
-0.036257613,-4.3789806,-2.5794106,-0.22910018,0.093269974,0.07637531,0.1899241,-1.8058107,-0.49695298,-0.6040262,-0.6674824,0.6277864,-0.14167012,-0.24821387
0.03737761,-0.15599658,2.6915617,0.37419626,0.24101166,-0.4392253,-0.022959305,3.0707228,0.6790887,0.9675281,1.3978106,-0.31903237,-0.07154417,0.21128853
0.05328339,4.167419,2.0065036,0.09224709,0.23993075,1.4084829,-0.05125396,1.8406622,0.45494133,-0.43978184,0.61272836,0.4839353,0.23805605,0.30592218
0.065139055,4.5900545,-0.4151425,0.43137825,-0.17624442,2.2976341,-0.07175588,1.8176798,-0.086388215,0.645255,0.5067748,-0.35959062,0.27843785,-0.016441504
0.04346184,-0.16749848,2.6173415,0.07533611,-0.2745754,0.20508964,-0.07793847,3.110261,0.7917519,1.1096925,0.010725036,-0.4152908,-0.10672436,0.21048482
-0.037335183,4.1127224,1.4376911,0.33376092,0.250121,1.6676081,-0.14099869,1.9844986,0.4510824,-0.49294317,1.197094,-0.36010382,-0.07985411,0.30821484
0.04479532,0.3881302,2.700121,0.30965695,0.23781666,1.3230006,-0.022843827,2.4078972,0.51346225,-0.5688491,1.2588555,-0.22536375,0.23713383,0.006073788
-0.036311693,0.30070347,2.94382,0.42864642,-0.2971443,0.9362846,-0.014931643,2.4675617,0.5277898,-0.6294788,1.5778518,-0.3164841,-0.08295124,-0.35237035
0.056278255,4.720968,-0.4485573,0.34428456,0.24979667,2.1498368,-0.058905758,1.7089987,0.43559942,-0.5008351,1.2316233,-0.35841247,-0.028469305,0.05314011
0.04479532,0.34118444,2.7005472,0.33399928,0.25016847,1.3875962,0.14261314,2.3807042,0.5143412,-0.58060926,1.3718204,-0.3073275,-0.058286484,0.01515463
0.06017146,4.105941,1.8164895,0.41024286,0.24726425,-0.58009785,0.18862532,2.1278062,0.46637297,-0.5818385,1.5131015,-0.40770355,0.33389053,0.3234092
-0.036750525,-0.38123935,2.4193547,-0.41110137,-0.40309456,0.45980147,0.0779337,3.1584368,0.8639343,1.1571786,-0.7686098,0.5570087,-0.11493708,-0.30722523
0.05974775,4.13148,1.780373,0.31237137,0.2595943,-0.72732276,-0.00612134,2.188847,0.45353198,-0.5476555,1.3025106,0.51099664,0.3004726,0.3235332
0.04899256,0.30832702,3.145074,-0.103546366,0.33893383,-0.62044024,0.13216217,2.458289,0.49338338,-0.6348582,1.4642507,0.52737755,0.29639128,0.24635482
0.04744504,4.1315455,1.604101,0.38246748,0.26602462,0.32126024,-0.061366204,2.2241957,0.47231567,-0.5416464,1.5663755,-0.39411578,-0.07604983,0.3178469
0.049280886,-4.5693927,-0.9510914,-0.22360574,-0.22234124,-0.8139212,-0.115031295,-2.8399444,-0.6021731,0.6526428,-0.64975613,0.61819804,0.48759854,-0.26572233
0.060218457,4.099885,2.0104153,0.37458476,0.25721285,0.18304288,0.07238772,2.2075403,0.4864739,-0.51482487,1.5770131,-0.36290708,-0.087651595,0.27306557
0.07807472,-5.105364,-3.1558607,0.19457188,-0.1931869,-0.8066793,0.12291993,-0.5607714,-0.16761547,0.7567022,0.6648794,-0.37283722,0.34814352,-0.057173617
0.05397981,4.07582,1.7291873,0.34165305,0.23999019,1.5748799,-0.0034176675,1.9669358,0.49175802,-0.47136256,1.2095736,-0.31253418,-0.0603324,-0.0117855705
0.060016606,3.9916785,2.2442608,0.38682917,0.26843655,-0.740714,-0.020641917,2.169762,0.4873673,-0.5708716,1.6634797,-0.38479397,-0.05005717,0.044301577
0.057043176,5.441477,-0.64696634,0.1614671,0.23675433,-1.2433755,0.20470338,-0.35772187,-0.19998565,-0.6214167,-0.31410146,0.7890138,0.3835758,0.42324224
-0.04633506,4.082603,1.7392229,0.37093642,-0.3203198,-0.7665713,0.15315548,2.1638508,0.45437986,-0.60411066,1.4711062,0.5850918,-0.104921065,0.3273699
-0.029293772,0.38442665,2.7109082,0.13698938,0.26742056,1.4272703,-0.086117834,2.413651,0.49824056,-0.5742852,1.3709695,-0.34327832,-0.08237291,0.23111355
-0.03155891,-0.3256883,2.5148175,-0.35376433,0.3542877,-0.06757691,-0.18520133,3.287982,0.88243455,1.1630828,-0.75832963,0.6364245,-0.1079334,-0.3146803
0.096964285,5.1063256,2.6561978,0.36670408,0.218788,0.33101702,-0.06794335,-0.6628317,-0.17049526,-0.06632115,1.5868905,-0.35786343,-0.06249587,0.37054068
0.056278255,4.7490706,-0.4513453,0.37183964,0.046722192,2.089876,0.06203227,1.7040176,0.43438077,-0.49119848,1.1315031,-0.3605792,0.25195852,0.007871553
0.060416993,4.0004053,2.2320576,0.3833184,0.26751417,-0.7707853,-0.05238748,2.1898015,0.45782313,-0.567027,1.6923611,-0.3867103,-0.0836865,0.27446967
-0.029293772,0.41007668,2.7013803,0.37590727,0.06484509,1.388853,-0.022843827,2.4363823,0.5189792,-0.5836627,1.3787805,-0.3062402,-0.07576214,-0.045905173
0.05397981,4.1806664,1.4472414,0.35201815,0.17834741,1.5980399,0.19433005,1.8612168,0.4617731,-0.4979034,1.1101536,-0.3094,0.24754615,0.2796079
0.04850949,0.27571988,2.9654543,-0.03484723,0.31821483,0.48836267,-0.0783918,2.5476384,0.5454155,-0.57826775,1.4046729,0.4518237,0.25832868,-0.35101137
0.036985468,-0.061297316,2.7793813,0.025953162,0.27544504,-0.76432025,-0.023053566,3.1524777,0.8164538,1.1877913,-0.10045121,-0.47408348,-0.072219454,0.03571288
0.049447816,0.40524888,3.277122,0.35523158,0.26351476,-0.6492968,-0.0182542,2.4931746,0.47766036,-0.65089434,1.7158258,-0.30857304,0.18669675,0.23662123
-0.030579243,0.38509536,3.2822998,0.38426143,0.28340495,-0.6658882,0.13251907,2.4852777,0.4808814,-0.6641745,1.8105562,-0.31093588,-0.09524802,0.23743209
-0.03061388,-0.22438128,2.6110628,0.02280949,0.26985854,0.1984471,0.12594679,3.1708083,0.8076082,1.128249,-0.17846613,-0.41992334,-0.1242911,0.21630658
0.07196382,4.944336,2.0838265,0.42565885,-0.21308072,1.6415821,-0.055456877,0.1287352,-0.119417086,-0.06573368,1.1861563,-0.3166293,-0.02512405,-0.01441492
0.057664458,4.1061883,1.9960237,0.36489415,0.25721285,0.32102704,0.18423596,2.158683,0.48662552,-0.5056432,1.5651479,-0.4193296,-0.08111163,0.27709788
0.060214523,4.2303505,2.6743846,-0.30975398,0.34857646,-0.7648604,0.066984,1.9700614,-0.12920488,-0.5980592,-0.2431237,0.71847147,0.45555353,0.39898917
0.05397981,4.1146617,1.7203326,0.32603732,0.23906781,1.5718853,0.089632645,1.9238836,0.46491262,-0.4669522,1.2063189,-0.3065914,-0.06018853,0.27108255
0.049447816,0.43599832,3.285431,0.38454992,0.2780057,-0.6644279,-0.086117834,2.5040462,0.47828954,-0.66368806,1.7983911,-0.3107331,-0.07748137,0.23032825
0.044764046,0.29723203,3.031385,0.4111873,-0.27767402,0.59696364,-0.0182542,2.4827342,0.5061919,-0.63164467,1.7374064,-0.36921206,-0.077740535,0.0036199067
0.060812753,4.091517,1.4339839,0.3894757,-0.25838074,1.613994,0.19433005,1.8656888,0.49098012,-0.5135176,1.1275578,-0.37288943,0.27079195,-0.09124016
-0.078058824,5.450367,-0.30336836,0.09905617,-0.28950837,3.5332055,0.1934332,-0.65808696,0.4838002,-0.59888506,-0.19894728,-0.6807716,-0.14311177,-0.44269982
0.052319232,-6.4245524,-1.5355818,-0.33694795,0.1303009,-1.0484943,0.12306498,1.6440648,0.4472325,-0.886436,-0.6960326,-0.5970651,0.5508541,-0.29268253
0.0648364,4.8581567,-0.4741175,-0.2965273,0.06961436,2.8331718,0.17467296,1.7343409,0.49165624,-0.550216,-0.55024433,-0.47155386,0.41243452,-0.38716212
-0.030167531,-0.13495943,2.63133,0.37599906,0.24195248,0.16308749,-0.074614584,3.1684504,0.74823934,0.964721,0.92229235,-0.28348598,-0.08571554,-0.26941177
0.063058056,4.082942,2.2890558,0.43419796,-0.3560435,0.9868098,0.18388256,1.751567,0.4707408,-0.5055731,1.3814404,-0.31537825,-0.06610434,-0.0791636
0.0608407,4.0352154,2.231012,0.34756514,0.2457384,-0.37379378,0.18423596,2.140696,0.51838857,-0.53308845,1.5258391,-0.4272477,0.30842495,0.047396597
0.037980366,0.2360424,3.0743766,-0.12369512,0.32857522,0.23919477,0.02031396,2.5264528,0.51239204,-0.5852468,1.486737,0.11448924,0.3110446,0.24823086
0.074447796,4.2082047,2.500478,0.13809109,-0.27661788,0.71964335,0.15991527,1.8994697,-0.58397335,-0.5520199,-0.1486919,-0.45294398,0.5288272,0.30737454
-0.033325583,-4.2662373,-2.5552268,-0.22007649,0.09754333,0.4900564,-0.06918732,-2.2556095,-0.4944586,-0.550406,-0.61297345,0.56921816,-0.13637741,-0.241179
0.058892112,4.09173,1.7708502,0.24139929,0.22915156,-0.6867198,-0.02334559,2.2076015,0.45109773,-0.5439638,1.2772028,0.5756887,0.31711432,0.3219827
0.04440562,0.25665414,2.6212714,-0.049380273,0.31600064,1.2381443,0.1278062,2.3726258,0.4953308,-0.5477835,1.1672556,0.39139026,0.23121972,0.27420115
-0.05380321,4.5140376,-0.9974081,-0.39744654,-0.42577106,-1.4808065,-0.16967192,2.0291276,-0.06381969,-0.75896984,-1.0151149,1.0678672,-0.16467799,-0.48819885
0.057491902,4.0744348,1.6036483,0.40916643,0.06252581,0.64634657,-0.048550293,2.2169125,0.5121172,-0.53129226,1.5675849,-0.36209694,-0.074206606,-0.0835486
0.06717181,4.1424,2.8685613,-0.42981666,0.18893507,-0.84985334,-0.026529728,1.8997405,-0.55927205,-0.60746634,-0.33306164,-0.6008507,0.55667543,0.38957804
-0.056267314,5.2862186,-0.73643166,0.05989824,0.30614978,-1.3098326,-0.1685358,-0.035216257,-0.24986576,-0.57984877,-0.34852883,0.9545545,-0.14405996,-0.5081307
0.03672404,-0.21151863,2.385318,0.33213615,0.19281526,1.5568547,0.12781395,2.7446878,0.68544805,0.84188396,0.7824062,-0.2351291,-0.054263145,-0.06336394
-0.03843621,4.7119284,-0.6576778,0.41182315,0.24780898,0.36804038,-0.058905758,2.1062777,0.45990983,-0.4988396,1.6517894,-0.4297965,-0.09577997,-0.008254892
0.057374116,4.0792336,1.9095008,0.3438656,0.23999019,1.0135372,-0.020641917,2.1507595,0.5014838,-0.47929516,1.3815804,-0.31774986,-0.060881857,0.047475953
0.057142157,4.071003,2.443158,0.38976353,0.2151873,0.32430345,-0.021097837,1.9832096,0.49496683,-0.0892827,1.4322908,-0.35197875,-0.06721924,-0.0073031606
0.039218392,0.25360912,3.3134139,0.45324156,0.1109052,-0.35473078,0.12922505,2.4699688,0.5367118,-0.6960072,1.831285,-0.309944,-0.08235744,-0.36720628
0.060016606,4.034773,1.8387132,0.3683349,0.254334,-0.75035876,-0.020641917,2.1712239,0.4569957,-0.57722205,1.5102656,-0.4081763,0.33220792,0.27885854
0.060091514,3.9626863,2.6794348,-0.16389915,-0.39324787,-0.7085433,-0.0653105,2.0445864,-0.66694057,0.6079312,-0.30036753,0.6395106,0.40636128,0.32188234
0.038651295,0.3305173,3.1357524,0.39584035,0.23375887,0.14169747,0.13050987,2.520947,0.5273828,-0.6198872,1.7289816,-0.29398733,-0.07964304,0.003321198
-0.03107045,-0.3897987,2.5085087,-0.260724,0.3055793,0.13158756,0.12321952,3.2203922,0.86942697,1.1384307,-0.6342504,0.60683984,-0.10607001,-0.2913924
-0.033249263,-4.286554,-2.8072212,0.43670827,-0.18289526,-0.8686077,-0.06597198,-2.1696045,-0.26336938,-0.636546,1.0626659,-0.36383554,-0.1252178,-0.06555586
0.055781204,4.1799884,1.5865197,0.27383178,0.23384528,0.93919426,-0.00612134,2.1783454,0.46042812,-0.45911312,1.1203402,0.33926192,0.2363881,0.31638208
0.060016606,4.0338936,2.2290306,0.34513685,0.24927793,-0.7135897,0.18423596,2.1068504,0.453434,-0.53877026,1.50972,-0.3698352,0.31273353,0.27423304
0.03788108,-0.43392557,2.2806704,-0.2764837,0.15380265,1.6070005,0.12321952,2.7661946,0.7452688,0.94022924,-0.5523655,0.4043134,0.2823589,-0.28565693
0.057664458,4.075072,1.999407,0.37766036,0.25721285,0.33688945,-0.048550293,2.1995444,0.48597243,-0.5067716,1.5635096,-0.36208582,-0.07647639,0.27538446
0.04720031,-0.16699664,2.3878088,0.15071994,0.22539076,1.723287,-0.07793847,2.7845564,0.69375056,0.89890814,0.051551998,-0.3898718,0.29829007,0.031617858
0.043881264,0.32347536,2.6775732,0.41873613,-0.32449722,1.4369612,0.020317461,2.3407214,0.5170119,-0.610804,1.4000182,-0.24027894,-0.070994526,0.051478136
0.04818962,0.33628064,2.9421148,0.3237052,0.23781666,0.8450687,0.14261314,2.4603837,0.5156975,-0.58353525,1.4690112,-0.24108411,0.16424839,0.007018365
-0.031729832,-0.25845718,2.6194842,-0.35078135,0.36434242,-0.68262935,0.059833784,3.2096562,0.8620949,1.2508601,-0.8006676,0.6600426,-0.11017602,-0.30670467
0.050333884,4.7380047,-0.9369178,-0.11827627,0.14425015,-0.93542004,0.19357333,2.0209522,0.47716558,-0.6370231,-0.30805996,0.90089995,0.45761973,0.4502065
-0.04093235,4.7290225,-0.48926887,-0.28618544,0.343473,2.9715588,-0.14468604,1.9421246,0.4822214,-0.59683514,-0.27428326,-0.5260783,-0.13495725,-0.36816728
0.04509635,-0.39636093,2.3694317,0.16565949,0.10997733,1.4304912,0.015608853,2.7477763,0.64450914,0.81332594,0.6149697,0.37369946,0.21304451,0.21150582
0.060416993,4.0389657,1.8300176,0.36279264,0.254334,-0.78284645,-0.0034176675,2.1867745,0.46246937,-0.5800216,1.5499107,-0.39934206,0.31315708,0.2773288
0.060812753,4.098833,1.7237607,0.4120658,-0.2641249,1.6156548,0.18423596,1.8339313,0.46533498,-0.4975447,1.2349436,-0.30960843,-0.06688921,0.27256057
0.04479532,0.3486176,2.7083168,0.33399928,0.25016847,1.3894047,0.003992476,2.400022,0.5185561,-0.58112895,1.3605398,-0.2374001,-0.037680514,0.051465828
0.060016606,3.9952865,2.2416606,0.38682917,0.26843655,-0.74135065,-0.0034176675,2.1810071,0.48786417,-0.57075167,1.6837391,-0.45407668,-0.083830364,0.044272944
0.057664458,4.0853577,1.999466,0.3686934,0.25813523,0.31815785,0.19433005,2.183388,0.5122064,-0.50942653,1.5686204,-0.42469445,-0.07662025,-0.010923284
0.059961732,4.0659094,2.1214495,0.30315313,0.24480592,-0.7119681,0.19397315,2.1970985,0.4808313,-0.547185,1.4239697,0.5397982,-0.07329735,0.0032066575
0.061493684,4.8994594,2.9750514,0.43189913,-0.25000358,-0.7066693,0.19372296,-0.34163627,0.40615046,-0.5601499,1.7597334,-0.38073698,-0.09573676,0.3248741
-0.040848788,3.843664,2.6135175,-0.13906433,0.07865929,-0.732806,-0.14214699,2.2108123,0.5327589,0.7785397,-0.20845696,0.75588304,-0.1136748,0.33575597
0.055350002,-0.21984108,2.5946622,0.44624156,-0.21607085,-0.031770878,-0.022959305,2.9215379,0.68882674,0.93686604,1.4820497,-0.28062415,-0.043464772,0.20943996
0.038880844,-2.6254766,-1.4131737,-0.17287165,0.2899536,0.14370318,-0.105929546,-3.7995002,0.62599003,-0.6870947,-0.37817875,0.6821052,0.284075,0.2761511
0.063951604,4.8903513,-0.4185209,-0.25383294,0.25905216,2.397309,-0.06595496,1.8294724,0.53698134,-0.07576329,-0.46034527,0.61823446,0.3131701,-0.38595834
-0.037147325,-0.20279066,2.6565022,-0.2570423,-0.30200392,-0.48807397,0.05654653,3.0718198,0.82469314,1.2811897,-0.8145528,-0.49748507,-0.1468227,0.25921234
0.037048325,0.3603344,2.7034016,0.37445942,0.059739154,1.3944079,-0.03331296,2.409152,0.4881912,-0.5757721,1.3729398,-0.44679824,-0.058142614,0.23740245
0.059894685,4.043151,2.7048335,0.404373,0.23856671,-0.75147617,0.19433005,1.8756068,0.40530977,-0.5511585,1.6478655,-0.39719206,-0.078313865,0.2748943
0.049047437,0.36769414,3.2772472,0.40238136,0.113865584,-0.6135508,-0.0182542,2.4608538,0.5031964,-0.6626891,1.6152052,-0.30164292,0.3031458,0.0066305697
0.04440562,0.29541838,2.6779585,0.30826545,0.23776425,1.314917,-0.020600978,2.3942318,0.46767536,-0.5609937,1.2506402,-0.34943053,0.23661366,0.2688272
-0.037062615,4.0996766,2.0624511,0.37062708,0.25823963,1.4616967,-0.023386687,1.8142812,0.4576072,-0.47090527,1.2062118,-0.3008782,-0.078482345,-0.10432873
0.0608407,4.0945163,2.129337,0.38002363,0.2626318,-0.03511235,0.089632645,2.195948,0.48532888,-0.5186622,1.6442713,-0.37194955,-0.08787209,0.2757349
-0.036999483,-4.7424755,1.1106863,0.37163395,0.006274213,0.83364797,0.15970054,-3.6927085,-0.7456773,0.5743506,-0.29547986,-0.33905536,-0.12604637,0.24160747
0.056692246,4.179641,2.044679,0.36387405,0.20313387,1.4473243,-0.06222498,1.8120896,-0.22687167,-0.44937962,1.205905,-0.31501713,-0.06352257,0.30735517
-0.029664895,-0.27153414,2.379712,0.2780919,0.15803076,1.8106141,0.08848709,2.7486079,0.69671685,0.9472018,-0.047345214,-0.30346274,-0.099213324,0.24369091
0.060016606,3.9865143,2.243654,0.38682917,0.26843655,-0.73645,-0.020641917,2.2049026,0.48786417,-0.57075167,1.6840361,-0.45320475,-0.083830364,0.004802946
0.06325866,4.097322,2.7195811,0.4283029,0.26705718,-0.67910457,-0.0066232225,1.9473166,-0.56175214,-0.52897686,1.6825475,-0.39848366,-0.08419137,-0.08326908
-0.044025075,-4.989505,-0.8174952,-0.18011469,-0.24336204,0.2772521,-0.07363697,-2.7192442,-0.6173729,-0.16310003,-0.5981815,0.63069284,-0.15067673,-0.275261
0.038517304,0.36033124,3.3046548,0.14230222,0.28570995,-0.4637409,0.13017228,2.4740481,0.5036959,-0.66844493,1.7798045,-0.35494217,-0.05407514,0.28081894
-0.035010133,-3.7936218,-2.5242422,-0.18951839,0.27584141,-0.62225974,-0.07429605,-2.5902205,-0.5902866,0.67255574,-0.63179386,0.6030035,-0.13239624,-0.23218378
0.0640075,4.1337304,2.4505126,-0.17832598,-0.35447693,0.31547436,-0.14135559,1.9603521,0.4840122,-0.5137256,0.75364256,0.35997495,0.35691404,0.32870463
-0.036936384,-0.13844103,2.6921268,0.11111638,-0.23852445,-0.10520005,-0.074614584,3.1441991,0.76439756,1.033306,0.89721686,-0.36238173,-0.10795953,-0.274756
0.05521113,0.3306641,3.089425,0.35497898,-0.35459322,-0.5781973,-0.033731923,2.4328802,0.46030396,-0.6477763,1.4748735,0.44968724,0.31330872,0.2787532
0.046232823,4.1816006,1.4260082,0.325437,0.24653398,1.5948702,0.19397315,1.9356029,0.44826397,-0.48423386,1.1433456,0.040198676,-0.067567535,0.27847594
0.0608407,4.0584307,2.2092452,0.42894372,0.2651226,-0.5705712,-0.059376318,2.1955264,0.4835083,-0.57479024,1.6863862,-0.40211678,-0.087593265,0.05109823
0.06042305,4.1822577,1.4107206,0.28798187,-0.22661348,1.4892266,0.17093588,1.8643662,0.45012933,-0.48541504,1.0132074,0.46251154,0.25945234,0.31593618
0.06397509,4.1608334,2.3124278,0.29828405,-0.30102867,0.32330185,0.19397315,1.8426791,0.43135285,-0.481601,1.2146378,0.48110276,0.2990468,0.28060457
0.0608407,4.127231,1.9373436,0.32349908,0.26207423,0.17254895,0.072030835,2.2641726,0.50784737,-0.49660227,1.403149,0.3503875,-0.078343175,-0.07945051
-0.03549859,-0.2677572,2.2635927,-0.18295255,-0.25193116,1.9120682,-0.18851088,2.7650068,0.70802623,0.9962886,-0.62034726,-0.45249322,-0.11275094,0.2558912
0.07744579,4.8854566,-0.71009225,-0.24557081,0.30228284,0.2607685,-0.0379201,2.164304,0.5363657,-0.59841245,-0.27256027,0.87627155,0.43343216,-0.4287101
-0.02827965,-5.2312374,-3.693112,0.44938597,-0.26400313,-0.85008615,-0.089166634,1.4111227,-0.19091284,-0.80611235,1.7006056,-0.39360976,-0.11368641,-0.22307697
-0.03650257,0.35458678,3.1636655,0.113596946,-0.26236665,0.13025045,-0.025190607,2.4968793,0.5235601,-0.6476022,1.769427,-0.33896384,-0.113308124,0.27312997
0.044869866,0.28473866,3.1154306,-0.18949881,-0.31851518,0.26803887,0.12816308,2.4052348,0.5223987,-0.6263328,1.5829525,-0.38004622,0.35036463,0.28008437
-0.037457652,4.8038874,-0.34317467,-0.24931714,0.28186104,2.1994672,-0.19191575,1.8531046,0.42933255,-0.48161298,0.78263384,0.38316923,-0.088337064,0.34487197
0.0608407,4.097735,2.0136645,0.37585917,0.2611455,0.11547102,-0.059019428,2.216305,0.46688282,-0.5153154,1.5956721,-0.38346687,-0.07881549,0.27974135
-0.04459945,-5.8266454,-1.0174036,-0.23848693,0.08543389,-0.7948452,-0.049082078,-1.1219413,-0.20020379,-0.72296804,-0.65464973,0.7410036,-0.15601788,0.3847296
0.06060839,-0.23380108,2.596016,0.11236044,-0.20040783,0.85100627,0.015038697,3.108079,0.7508208,1.031188,0.012089105,-0.4258594,0.37451053,-0.27406067
-0.029283745,-0.1835501,2.3602626,0.33559594,0.19821449,1.4232981,0.03255773,2.7552338,0.67724854,0.8303552,1.126214,-0.23426665,-0.0701007,-0.07248909
0.05397981,4.128715,1.7196846,0.36794528,0.25897217,1.5797949,-0.020641917,1.9224201,0.4648195,-0.46980232,1.2099472,-0.30561998,-0.06482378,0.2713265
-0.029200654,0.2561044,2.613344,-0.06335504,0.28715363,1.3045611,0.052952044,2.3909123,0.49964637,-0.5589493,1.2480884,0.45949674,-0.0738539,0.26949844
-0.02966933,-0.2762184,2.5319846,0.38605803,0.13517253,0.48984692,-0.038018066,3.105822,0.7072075,0.93172944,0.9172082,-0.35391158,-0.08220765,-0.06311842
-0.06575662,5.491014,-0.16669402,-0.23619765,0.2939842,2.9454288,-0.14419149,-0.5333827,-0.052161362,0.5064852,-0.6169375,0.39929137,-0.12165209,0.4358191
-0.029200654,0.32181197,2.6398866,-0.09168081,0.33408862,1.3053737,-0.08101772,2.424447,0.503962,-0.5666857,1.2588708,0.46581018,-0.0738539,0.27617934
0.03742828,-0.22304271,2.6878319,0.41349205,0.1583012,-0.33841825,0.13790804,2.9280293,0.7171774,0.9670094,1.5112112,-0.30221376,-0.0730907,-0.016368562
0.037913635,0.39898062,2.97192,0.3441574,0.25016847,0.78463054,-0.086117834,2.5196366,0.5210709,-0.5936418,1.6179596,-0.247791,-0.06817703,0.0010855289
0.071475565,4.158473,2.8970695,-0.41390374,-0.26337308,-0.7614371,0.17918912,1.9038508,-0.6052197,-0.66756296,-0.3223209,-0.56367075,0.61193,0.38701499
-0.030769372,-0.32657713,2.4615548,-0.35478592,0.33700386,0.4226639,-0.18520133,3.2727604,0.86762303,1.1207088,-0.7576327,0.5598167,-0.10347198,-0.31249803
0.057664458,4.1253085,1.6375761,0.39641207,0.23304981,0.27127063,-0.020641917,2.1795123,0.52592444,-0.53617257,1.4102163,-0.43764332,0.3068478,0.042501755
-0.029690161,0.15308674,2.6297596,0.15277794,0.18637252,1.3214816,0.10952641,2.3892128,0.5265325,-0.5781313,1.274024,0.4486555,-0.07309747,-0.35293728
0.059347365,4.085008,1.7831355,0.3001425,0.2464167,-0.7027449,-0.061723094,2.212961,0.45240736,-0.5616823,1.3877455,0.5342526,0.047925167,0.3227993
-0.034933574,-3.8535564,-2.569026,-0.2575019,-0.22581594,-0.8418322,-0.12262158,-2.4862237,-0.49359563,0.741509,-0.62325466,-0.45121485,-0.16514115,0.29920998
0.05397981,4.085724,1.7230693,0.33616117,0.23999019,1.5662918,0.089632645,1.9464904,0.4931923,-0.47136256,1.2079184,-0.30849105,-0.057027277,-0.0811396
0.05397981,4.0775933,1.7210487,0.32954806,0.23999019,1.5643382,0.035266664,1.9661162,0.49309912,-0.47067693,1.2106544,-0.30166104,-0.0603324,-0.0811396
-0.036181543,-0.3248068,2.2741196,-0.36431977,-0.30756515,1.9487741,0.12321952,2.7380712,0.74794495,1.0585871,-0.6287204,-0.4457237,-0.112524755,-0.27887365
0.04076303,-1.327076,-3.351704,-0.25434938,-0.20580082,-0.6373321,0.184304,-3.3914258,-0.76659125,0.6645214,-0.7743487,0.58333755,0.4765635,-0.27923325
-0.03458542,-4.0836225,-2.6351504,0.3360338,0.12685008,-0.83151424,-0.016758867,-2.500138,-0.5504045,-0.20711294,-0.24839933,0.33568233,-0.14278479,-0.0786142
-0.033413906,-3.9952085,-2.5899742,0.38639465,0.1439837,0.081874825,0.19100839,-2.5906723,-0.55719787,0.6333218,-0.21977209,-0.3107254,-0.13420084,-0.21924604
0.05397981,4.0923667,1.4586442,0.34394357,0.24770777,1.6764374,-0.048550293,1.9582181,0.49806723,-0.49734887,1.215235,-0.32637507,-0.0603324,0.043387987
0.0608407,4.022371,2.2295127,0.3833184,0.26305223,-0.41880962,-0.020641917,2.203866,0.48542204,-0.5562678,1.7015611,-0.38105005,-0.082338445,0.27972144
-0.031040162,-0.23361821,2.50788,-0.3621705,0.07103837,0.55734867,-0.13513981,3.2147768,0.86537206,1.1887429,-0.7399901,-0.45912945,-0.12492771,-0.29033765
-0.030847201,-0.35275692,2.617709,-0.30905998,0.19729073,-0.63293993,-0.041661043,3.0971048,0.81494457,1.1878296,-0.7413525,0.68070465,-0.11169036,0.2711798
-0.04140459,-5.75572,1.07323,-0.20644087,0.35935184,0.15178896,-0.05348588,-1.7396121,-0.307447,-0.68996316,-0.7341358,0.65853006,-0.1357306,-0.28610954
-0.029308109,-0.26730055,2.3905058,0.3602611,0.14910375,1.5669981,-0.027548932,2.7486181,0.656239,0.83546686,0.78674614,-0.30258754,-0.07127883,0.2070805
-0.03615867,-3.9564111,-2.5495548,-0.1824815,-0.24869646,-0.7493986,0.16822994,-2.445322,-0.53154486,0.7426401,-0.59650606,0.607414,-0.13884804,-0.2298072
0.054105725,3.9293246,1.9866447,0.20165026,-0.33666286,1.50358,-0.05506573,1.8896494,0.45926973,0.53561443,0.80142397,-0.22580956,-0.06713327,-0.316762
0.04440562,0.36073172,2.6950676,0.31854743,0.23750317,1.3202608,-0.03565974,2.391687,0.48771244,-0.5618473,1.24971,-0.23807709,0.23545144,0.2680387
-0.037384827,-1.6767801,-3.2481484,-0.32674015,-0.23141074,-0.1995883,-0.084093355,-3.416646,-0.7115297,0.7828827,-0.7195128,-0.47780544,-0.16244595,-0.25588298
0.05588037,0.28225416,3.1519537,0.37536964,-0.28789765,-0.59843975,0.14225625,2.402986,0.4595712,-0.6636157,1.6208954,0.40153873,0.027068961,0.24235252
-0.03113568,0.33214784,3.3041997,0.4140707,0.2517158,-0.51545554,0.12922505,2.504813,0.5253277,-0.6876245,1.8199191,-0.5152529,-0.09539189,-0.37761775
0.057664458,4.163205,1.8875946,0.27138254,0.25862902,0.30642197,0.18387906,2.1709476,0.4791336,-0.4769472,1.3274121,0.4952048,0.027563363,0.28018305
0.038135264,-0.18435399,2.7252173,0.38713875,0.2418053,-0.13275686,-0.023671485,3.1642094,0.7419156,0.9767124,0.9573128,-0.3018188,-0.07010354,-0.27348346
0.037913635,0.30376095,2.9456766,0.38158453,0.16701904,0.89764136,-0.086117834,2.4738133,0.49379897,-0.58414024,1.5362582,-0.3143005,-0.058676723,0.23173758
0.11104417,5.2439604,-0.25073153,-0.2662643,-0.23156431,3.5066054,-0.17319772,-1.9879898,-0.24072942,0.62146753,-0.2074332,-0.64985895,0.008664083,-0.45173413
-0.029573621,-0.097928226,2.3753426,0.06413098,0.24700435,1.8605866,-0.18225895,2.8183153,0.74283177,0.9370409,0.045040116,-0.32273522,-0.09723026,0.03853458
-0.036918327,4.109936,2.0560262,0.37528703,0.26426902,1.4707437,-0.020641917,1.8111407,0.47993758,-0.46175754,1.1944625,-0.30783403,-0.078482345,0.045098387
-0.039118376,-4.5887194,-2.851874,-0.33480623,-0.31701884,-0.9828548,0.13957469,-0.83422685,-0.42082474,-0.7744737,-0.7027405,-0.52909195,-0.18496008,0.31524318
0.05397981,4.1143756,1.71772,0.3325354,0.23906781,1.5730758,0.18423596,1.8948808,0.46491262,-0.46760732,1.2050575,-0.31245,-0.06018853,0.27139732
-0.04021237,4.040408,2.8270297,0.06301977,0.25613227,-0.8334266,0.18188916,2.002381,0.47073692,-0.5667689,1.0229264,-0.47323096,-0.12058302,0.3185575
-0.029664895,-0.33286923,2.2816863,-0.15504907,0.32345033,1.849316,0.08767013,2.7802386,0.71084464,0.94659793,-0.6058072,-0.32575813,-0.10522892,0.25043583
0.046517856,4.804282,-0.4360654,0.30293497,0.25685492,2.1733131,0.1806735,1.7079,0.4040169,-0.49753577,1.23533,-0.39275244,-0.06751422,0.29347324
0.0608407,4.0957813,2.052664,0.37757066,0.2626318,0.05787208,0.18423596,2.1684759,0.48542204,-0.516284,1.6277155,-0.36851162,-0.08009501,0.2753234
-0.040710803,-4.2332463,-2.8274019,0.14280316,-0.24146576,-0.8423581,-0.059057806,-1.342468,-0.13706173,0.92136383,-0.19880776,0.030123143,-0.14742917,-0.23581071
-0.04050927,4.7685404,-0.47694,-0.18016581,0.3579253,3.0015025,0.054021884,1.8673316,-0.07794115,-0.57717115,-0.6044488,-0.5595071,-0.13608487,-0.38641736
0.050708827,3.885559,2.5851927,-0.27027133,0.32248068,-0.7259954,0.10736026,2.081288,-0.1146065,0.66287893,-0.85576177,0.68176264,0.36534768,-0.3843582
-0.037457652,4.789555,-0.39608213,-0.12933594,0.32618663,2.1261249,-0.15143539,1.8702706,0.44301757,-0.47896612,0.7483195,0.57042974,-0.08189208,0.34010878
0.045832988,0.2352622,3.1011655,0.4514648,-0.31199402,0.32543498,-0.014931643,2.487199,0.51895815,-0.6478509,1.7646612,-0.38370264,-0.08040255,-0.35327443
0.06785497,4.667582,-0.5257874,0.42699817,-0.2535334,1.1314509,-0.17630017,1.9198877,0.45126534,-0.53320414,1.525789,-0.4364873,0.17499661,-0.052721377
0.067249924,4.0130496,1.8174571,0.47981238,-0.30722904,-0.828754,-0.0057644467,2.1316109,0.4629361,-0.6398342,1.7579335,-0.42366192,-0.09363146,0.31157845
0.05397981,4.094638,1.7271961,0.32954806,0.23999019,1.5729263,0.089632645,1.9463793,0.49217597,-0.47067693,1.2107954,-0.37147027,-0.0603324,-0.011574525
0.06345607,4.153522,2.7559004,0.47029153,0.27703086,-0.4094379,-0.024378793,1.8968939,-0.69982296,-0.52308005,1.7275443,-0.3888988,-0.0780214,0.030774314
-0.08965063,5.2191525,-0.29003128,0.40595543,-0.2148404,2.9620616,-0.14250742,-1.2968383,0.55110645,0.6434877,0.79951924,-0.33161765,-0.09334368,-0.455465
0.039980907,-4.395466,-2.937281,0.038735718,-0.21587484,-0.7449071,-0.04698921,-0.87029654,-0.5075586,0.90970254,-0.21283935,-0.45992616,-0.07150569,-0.2475679
0.060147453,4.848708,-0.37503496,0.41783506,0.08551551,2.1635656,0.20024216,1.7131026,-0.18159875,-0.4848425,1.2566409,-0.3888705,-0.061524373,0.32072496
0.060218457,4.0609283,2.029076,0.38499716,0.25813523,0.17656213,-0.0034176675,2.2485368,0.5164636,-0.51929384,1.5786624,-0.36770108,-0.08465362,-0.014955621
0.09270054,5.0109177,3.0441368,-0.12815839,0.2698089,-0.81625646,-0.057191104,-0.74753565,0.47985613,-0.55861115,-0.25063503,0.6588112,0.3964297,0.43849328
0.060416993,3.984627,2.2524157,0.39265993,0.26843655,-0.7679001,-0.020641917,2.2255204,0.48775676,-0.57143724,1.6943316,-0.39233968,-0.09179411,-0.0042137597
0.050684977,4.8341913,-0.46398714,0.125716,0.27455956,2.5014067,0.1920027,1.7608476,0.4410193,-0.53555906,0.78733337,-0.39029992,0.028312799,-0.3547958
0.04892728,0.32970345,3.1196384,0.35145336,0.24976386,0.1487706,-0.011637626,2.521418,0.50132465,-0.59147966,1.546571,-0.28445947,0.28818607,0.23625724
0.06411378,4.7633543,3.1712472,0.4173169,-0.28202936,-0.8729785,-0.056656018,-0.20413765,0.5302734,-0.5206964,1.072392,-0.39982855,-0.09350894,-0.42408085
-0.0404826,4.2036815,2.3903286,0.37108636,0.24639949,0.6178877,0.15940978,1.8826963,-0.2247516,-0.47139296,1.5394535,-0.4094331,-0.08867794,0.3069114
0.04479532,0.36204624,2.7043848,0.33266652,0.249855,1.3881215,-0.03331296,2.4072726,0.48804277,-0.5729524,1.3657417,-0.23997031,-0.058142614,0.23671924
0.17164513,4.864572,3.0588207,-0.18126403,0.28154972,-0.64039075,-0.06434617,-1.0900917,-0.13720624,0.6809619,-0.27596027,0.23393565,0.4939623,-0.5023849
0.0644974,4.0511594,1.9829662,0.41623533,-0.35198793,0.33739376,-0.020995317,2.14643,0.5132131,-0.5222366,1.4412084,-0.32793188,0.30931765,-0.01272903
-0.038134545,4.7081676,-0.5592848,0.37102982,0.21732122,1.2917038,-0.15681116,1.9459072,0.42767373,-0.5179574,1.5058768,-0.43087038,-0.08152498,0.32158965
-0.047485534,4.7348075,-0.42932442,-0.28486174,-0.36530071,2.669599,-0.17433882,1.802815,0.50587106,-0.60417765,-0.7544699,0.6859141,-0.118411645,-0.40103832
0.1192203,4.9181967,3.0735676,0.06349997,0.27428207,-0.8115339,-0.1411509,0.15419142,-0.6148356,-0.5656136,-0.25072253,0.67758447,0.44688278,-0.44415873
0.056995224,4.104689,1.6333922,0.3507086,0.24403264,0.31439534,-0.061366204,2.2037838,0.49069646,-0.5229871,1.4142294,-0.4273955,0.2762414,0.31648636
0.060691144,4.1035376,2.592664,0.2721111,0.23791517,-0.7057439,0.07157492,2.0141175,0.4858585,-0.11582825,0.7592526,0.5307698,0.2662393,0.0053711496
-0.040738214,-5.2377124,-0.9256964,-0.29808173,0.3306092,0.107253,0.18694292,-2.1096299,-0.23391132,-0.6116138,-0.69669366,-0.46528637,-0.17578462,-0.27609557
0.047388475,4.1109166,1.6370602,0.38254985,0.26226887,0.31819335,-0.0034176675,2.2334285,0.49089822,-0.54229313,1.5941505,-0.37836066,-0.084253475,0.28128064
0.060416993,4.0286527,2.2280726,0.3833184,0.26751417,-0.7707853,0.18423596,2.139553,0.45782313,-0.567027,1.6917627,-0.39747158,-0.0836865,0.27446967
0.059894685,4.0554447,2.7242987,0.42970794,0.24135448,-0.74066454,0.18103041,1.9086651,-0.13112144,-0.54099536,1.6632891,-0.409856,-0.07896869,-0.02277045
0.03761371,-0.44821936,2.5161598,-0.240569,0.32946542,-0.086890586,0.08728516,3.127963,0.797721,1.0367315,-0.70174044,0.5833475,0.3495836,0.2740659
-0.036294896,-0.22058974,2.5962002,0.45171958,-0.2002622,0.07500231,-0.022959305,3.0937204,0.7232457,0.99705064,0.95713353,-0.4195336,-0.09693848,-0.057418462
0.048207093,0.32357043,3.0054028,0.3628076,0.048465732,0.54333943,0.09539695,2.4770026,0.5220823,-0.587063,1.5196935,-0.23905437,0.2734121,0.015721455
0.06016237,3.9747036,2.23865,0.38682917,0.26843655,-0.7295456,-0.023386687,2.2173908,0.48608258,-0.57075167,1.6851987,-0.4521521,-0.083830364,-0.086950816
0.059347365,4.0345182,1.8308425,0.37382674,0.254334,-0.74864435,-0.022988696,2.1691487,0.4579729,-0.57722205,1.4974719,-0.41174665,0.33093315,0.31703538
0.057664458,4.0810137,1.6369685,0.3516964,0.24912308,0.2676096,-0.14645572,2.1971598,0.49072614,-0.53972363,1.5590024,-0.38238996,0.13188873,0.27293098
-0.03126192,-0.06908752,2.7749393,0.09897074,0.280141,-0.75915784,-0.027643196,3.182956,0.7758293,1.2001498,-0.17390387,-0.47897807,-0.12687331,0.21153474
0.05951767,4.8660803,3.0672178,0.050219715,0.2593153,-0.57600945,-0.028240876,0.25646338,-0.6598966,0.69638085,-0.14828303,0.44222245,-0.089706175,0.041944973
0.048256353,0.3374309,3.104964,0.3453445,0.25007734,0.25464138,0.12977429,2.5044293,0.5308158,-0.5932246,1.5437146,-0.26316053,0.28104514,-0.06953398
-0.053833738,5.127751,2.7844005,-0.28648445,-0.37260306,0.31171593,0.06888195,-0.060801912,0.53978485,-0.56646377,-0.70804393,0.7176965,-0.14579694,0.39217386
-0.04072701,-6.373622,-1.5393298,-0.25844136,-0.32045177,-1.1563236,0.13810068,1.858651,-0.24063419,1.0946627,-0.60496795,-0.5762862,-0.14915916,-0.2894463
0.06016237,3.995206,2.2307742,0.38682917,0.26843655,-0.7296996,0.19158529,2.1753926,0.48176688,-0.57075167,1.6852645,-0.46188438,-0.09179411,-0.086950816
0.042582203,-2.196925,-4.1334286,0.4560729,-0.23600635,-0.91577417,0.12285207,-2.0066314,-0.395413,-0.7459463,1.0103583,-0.3849486,-0.10212269,-0.09326669
-0.04152963,4.7102194,-0.7945735,-0.32821277,0.3625795,-1.2390765,-0.061332285,2.2511985,-0.057850562,-0.65544266,0.33302435,0.9968472,-0.12479293,0.3954586
-0.03538478,-3.8034868,-2.566987,0.3179163,-0.17645326,-0.83469886,-0.10650935,-2.518198,-0.5489478,0.7469243,-0.6178169,-0.3902214,-0.15696192,-0.00014820718
0.05974775,4.0510054,1.8239055,0.4003971,0.27257013,-0.80706567,0.087285876,2.186364,0.4627612,-0.6081611,1.7060648,-0.41745767,-0.08903768,0.31615186
0.043881264,0.3809421,2.7140286,0.41942945,-0.21989322,1.4346292,-0.022843827,2.3737288,0.5190236,-0.6102843,1.4007499,-0.23992546,-0.06928936,0.015006892
0.05397981,4.159007,1.6811389,0.31601852,0.23895521,1.4732425,0.19397315,1.9055935,0.4461347,-0.45496994,1.1173242,0.16718775,0.02432296,0.2758404
-0.040412728,-4.5863194,-0.9339286,-0.24448535,0.15760376,0.05592666,0.17418818,-2.9443536,-0.6935602,0.63707787,-0.6911384,-0.40936294,-0.15802309,-0.2498663
0.06408276,4.153954,2.7093756,0.4155412,0.26167285,-0.4033893,0.06918217,1.9467213,-0.5660951,-0.5126713,1.6917349,-0.39349172,-0.08244905,0.31298
0.10267614,4.9407473,2.9985082,-0.27452925,0.3511651,-0.71948,0.18917261,0.09952907,-0.29657602,-0.5709361,-0.92756754,0.7035653,0.46188095,-0.46752006
-0.044616073,4.813081,-0.414062,0.10814797,-0.30009684,2.947759,0.19840087,1.7265201,-0.19940265,-0.6007158,-0.12208543,-0.57345146,-0.13207862,0.38485605
0.06294923,4.092481,2.7613444,-0.37279308,0.35442507,-0.74012613,-0.1264811,2.004402,-0.76065147,-0.60143226,-0.9123347,0.6780216,0.45783126,-0.42466086
0.060416993,4.000866,2.2320576,0.3833184,0.26751417,-0.7909114,-0.020641917,2.1875303,0.45782313,-0.567027,1.6923611,-0.3867103,-0.0836865,0.27446967
0.0608407,4.074955,2.0457494,0.3874225,0.22555432,0.07428255,-0.020641917,2.2082508,0.48533824,-0.50737756,1.6069555,-0.3645134,0.02944398,0.27467602
0.07196382,4.9142947,2.1182308,0.3953595,-0.22721978,1.6537049,-0.055971805,0.10405876,0.46622938,-0.4248132,1.2749945,-0.29760385,-0.06195228,0.078522764
0.05974775,4.0351596,1.8221469,0.36250412,0.254334,-0.7798695,-0.022988696,2.1847777,0.4599252,-0.5765365,1.5126944,-0.3988693,0.33389053,0.31791347
-0.043607365,4.6572266,-0.36448678,0.43829912,-0.22491221,2.0783763,0.20143613,1.7954373,-0.13058649,0.56418633,1.094082,-0.36270458,-0.081740946,0.32261154
-0.04441246,4.8383107,-0.33890024,-0.26979074,-0.35295582,2.5049238,-0.1684003,1.8426044,0.48273984,-0.56647605,-0.5397732,0.70233697,-0.118770584,0.3669717
0.049447816,0.36216182,3.2791827,0.39381742,0.27354375,-0.51372284,0.13050987,2.4789214,0.4815944,-0.66431504,1.7999114,-0.32283926,-0.08185645,0.2369439
0.044481527,-0.17428516,2.64907,0.23597723,-0.224273,0.18820368,-0.028355375,3.1594687,0.8014693,1.0525844,0.6625729,-0.39654043,-0.08686028,-0.27103356
0.05397981,4.0937185,1.7272435,0.32954806,0.23999019,1.5730252,0.07238772,1.956678,0.49536863,-0.47067693,1.209937,-0.30282363,-0.06496764,8.150353e-05
0.056255404,4.7769713,3.213913,0.05904433,0.2544002,-0.75702006,0.18970706,-0.111196585,0.5520021,-0.6103291,-0.23425932,-0.55709267,0.45922562,-0.43631107
0.046493497,4.764113,-0.41876414,0.08093904,0.24851984,2.2127032,-0.030997382,1.8073044,0.44158715,-0.49770704,1.153134,-0.38144612,-0.03641775,0.055743754
0.047388475,4.127644,1.9704964,0.34613824,0.26207423,0.26004592,0.072030835,2.251115,0.50647676,-0.50345325,1.4733729,0.05708756,-0.08322455,0.0014158834
0.03988222,-4.5966787,-2.8528774,-0.27853426,-0.2740626,-0.81759095,-0.049085975,-0.76001084,-0.28201917,-0.16536528,-0.6388358,0.6496392,0.44353127,-0.2630691
-0.040324293,-4.27396,-2.7643542,-0.2648966,-0.24033748,-0.6291395,-0.07111455,-1.6069374,-0.21310025,0.87038213,-0.55496687,-0.4861614,-0.15344042,0.23294418
0.038272344,-0.24764593,2.6430607,-0.34668142,0.28243575,-0.7569051,0.087642044,3.0470643,0.77244425,1.2047716,-0.7420998,-0.45775816,0.42744407,0.26351035
-0.048048504,5.546292,-0.22210748,-0.27256158,-0.3183047,3.0070307,-0.16529328,0.13185874,-0.024319408,-0.032373693,-0.65480006,0.66641873,-0.115304105,0.4382331
0.05304005,4.056525,1.9859033,0.34687924,0.2083549,1.3284785,0.19723557,1.7868344,-0.16425517,0.4733825,1.1003351,-0.3047954,-0.053308472,0.29414374
-0.038686242,4.8557806,-0.3864893,-0.2141006,0.33978865,2.4315817,-0.033760853,1.9315747,0.47667754,-0.5298246,-0.13531977,0.68418187,-0.107506074,0.35548666
-0.073170796,3.1125708,-3.843418,-0.21684325,0.26043618,-1.0307783,-0.111819796,-3.7985237,-0.107062444,0.6600437,-0.6987995,0.7746556,-0.15227193,-0.3649257
-0.04411421,-5.7338567,1.0424579,-0.2896275,0.32118803,0.57365716,0.13431957,-1.6794515,-0.45549056,-0.706895,-0.75138247,-0.4113702,-0.15717395,-0.28046092
-0.043507554,4.690339,-0.43525806,0.13092834,-0.28305596,2.2482355,-0.15681116,1.7450175,0.42322892,-0.5247116,1.2671674,-0.3999467,-0.09595466,0.29104942
0.12688935,5.1649523,2.7063003,-0.30248824,0.29036176,0.6206277,-0.19485256,-0.00805542,-0.6609977,-0.4744537,-0.63073164,0.39059794,0.44822508,-0.39932474
0.07736988,4.188986,2.4498043,-0.1535419,-0.4160522,0.27881095,-0.23557213,2.0082824,-0.5864599,-0.53897727,-0.23923092,0.6393452,0.45608205,-0.35824576
0.03917914,-3.950935,-2.4906955,-0.2518344,0.0009389266,-0.085273325,-0.12643793,-2.5840342,-0.61066943,0.568535,-0.58205754,0.5152499,0.41152486,-0.22984287
0.06438596,4.0714307,1.6421655,0.46499097,-0.22260621,0.27056023,-0.14645572,2.1519332,0.49132055,-0.57900906,1.6181492,-0.38381603,-0.08642135,0.27785957
0.046021473,-0.22176625,2.6224697,-0.42659265,-0.31656373,-0.702455,-0.18520133,3.1234941,0.8271778,1.2742444,-0.7953036,0.16799337,0.46343112,-0.31516647
-0.029293772,0.2699917,2.6162455,-0.056430873,0.33408862,1.3087417,0.09504005,2.3928368,0.49902683,-0.5592457,1.2616879,0.4200568,-0.07362184,0.24333699
-0.05655259,5.4207697,-0.44307175,-0.25626424,-0.31680322,0.74716544,0.19242193,0.049257196,0.5800907,0.67072946,-0.27362248,0.7353737,-0.12635474,-0.43717694
0.037048325,0.3497265,2.6886876,0.33318713,0.25016847,1.3822764,0.13050987,2.385638,0.5119229,-0.58060926,1.3721594,-0.2350399,-0.05833218,-0.046507373
0.04720705,-0.26772553,2.587291,0.32490867,0.20905435,0.48292306,0.12546718,3.061716,0.685051,0.8683039,0.7257453,-0.2520231,0.2686165,0.24142578
0.043780845,-0.19932424,2.546979,0.44230962,-0.20763354,0.15709713,0.1372551,2.930582,0.7200205,0.9401698,1.4479275,-0.26345295,-0.078596115,-0.07201243
-0.029293772,0.32334447,2.6958327,0.33255142,0.25525427,1.3927308,0.14261314,2.3787382,0.48631892,-0.5731251,1.369036,-0.24004556,-0.075618275,0.23756982
0.057491902,4.090442,1.9476465,0.3472621,0.24411048,0.62773657,0.18423596,2.1532006,0.50365037,-0.49687967,1.5448577,-0.32763466,-0.074206606,-0.011046956
0.060218457,4.102971,1.6381477,0.35840115,0.25136188,0.1828337,0.18423596,2.2006657,0.52724594,-0.5406503,1.5141877,-0.37548465,0.19356807,-0.0067620166
0.060416993,4.0432963,2.2217631,0.38703576,0.27056327,-0.7706968,0.089632645,2.177699,0.47283304,-0.5702937,1.6806463,-0.41494375,-0.087593265,0.04595378
0.037133336,-0.36143798,2.4623892,-0.3320738,0.32107446,0.14934821,-0.17681144,3.1953626,0.7981035,1.0564752,-0.70106226,0.5611814,0.3415553,0.2845622
-0.04426302,-5.6299777,1.3517247,-0.1620378,0.31397378,-0.7776058,-0.077707976,-2.0299494,0.48525834,-0.75023687,-0.6666522,0.44558308,-0.16026999,0.23639584
0.059561353,4.0628796,1.7752284,0.2696596,0.2570742,-0.6869574,-0.14135559,2.1949043,0.45194805,-0.5427133,1.2858659,0.5557593,0.2980639,0.31097153
0.0608407,4.0989113,1.6542267,0.354059,0.24403264,0.17565784,-0.048550293,2.2199156,0.4895675,-0.5246879,1.413478,-0.4411451,0.31749418,0.276643
0.057491902,4.0735145,1.9517436,0.3472621,0.24411048,0.62949103,-0.020641917,2.1819923,0.507261,-0.4969996,1.5437835,-0.41275147,-0.074206606,0.047151696
0.07624307,-5.1875224,-3.1293085,0.34735122,0.0336977,0.09221865,0.13703845,-0.80867124,0.44495112,-0.6284891,0.70465994,-0.3262128,0.32032344,0.25598612
0.046096783,4.1909866,1.4270843,0.25749013,0.24653398,1.5249478,0.06968405,1.9662775,0.45538568,-0.46680087,1.0686159,0.47591358,-0.053179257,0.31100228
-0.036087815,-0.17163177,2.3847888,-0.12310138,-0.25582647,1.7025821,-0.028712265,2.843505,0.7652294,0.955372,0.0014501108,0.504595,-0.092110015,-0.28045198
0.05397981,4.119846,1.4583071,0.3459247,0.24412377,1.6706617,-0.020641917,1.9488214,0.46688038,-0.4936241,1.1951531,-0.33167428,-0.028884389,0.27515858
0.037048325,0.3104521,2.690301,0.33255142,0.249855,1.3901094,0.13050987,2.3675847,0.48363397,-0.57292193,1.3683027,-0.23899888,-0.058142614,0.23696761
-0.04424895,-6.1336336,-1.205593,0.3885178,-0.24634637,-0.8397457,-0.09145553,-0.629928,-0.27745917,-0.7457782,0.9789207,-0.42814887,-0.13075946,-0.29537988
-0.085309595,5.2491655,-0.20519835,-0.24039394,-0.21424389,3.397834,-0.07719395,-2.383825,-0.8254429,0.509904,-0.6915988,0.58378917,-0.13811268,0.4336269
0.04818962,0.31032354,2.962935,0.3616045,0.14779598,0.74898654,-0.022843827,2.4642904,0.52384543,-0.5846367,1.4821004,-0.23518802,0.23499408,0.052014563
0.050727766,4.7151117,-0.47112396,0.17463884,0.071122,2.246763,-0.03584521,1.8427237,0.44706768,-0.5037649,1.2448199,-0.39615932,-0.06824588,-0.34793833
-0.073532164,5.476124,-0.23809226,0.12575112,0.25977504,3.4672937,-0.06998068,-0.60477215,-0.2199938,-0.48359278,-0.097921796,-0.4711468,-0.13122748,-0.44171306
0.038547836,-0.44284034,2.510082,-0.2976244,0.16030212,0.17711796,0.06010585,3.1523852,0.85840166,1.0760368,-0.7278071,0.31713572,0.37841615,-0.29732367
0.05397981,4.098982,1.7268891,0.32954806,0.23999019,1.5747807,0.07238772,1.9356304,0.49587974,-0.47067693,1.2097809,-0.37298638,-0.06496764,0.04627389
0.03788108,-0.33583486,2.2976604,-0.29077643,0.28946832,1.7947062,0.13567969,2.7708015,0.7267097,0.979992,-0.58031046,-0.4294505,0.32718578,-0.27730283
0.047215912,4.1211886,1.8674976,0.27044395,0.24804945,0.5703996,-0.059376318,2.2209003,0.5007717,-0.47538725,1.3390384,0.47461915,-0.07212407,0.046113346
0.046232823,4.088798,1.7010137,0.32960442,0.24221714,1.5622053,-0.05238748,1.9833668,0.4745648,-0.47050884,1.2007973,-0.32805797,-0.067825176,-0.0813069
-0.035872076,-0.17917483,2.407168,0.3226736,-0.23699689,1.7808695,-0.023765747,2.8023162,0.70943195,0.95699596,0.36831373,-0.25934467,-0.09208477,-0.26766977
0.07973099,5.4496922,-0.21852206,0.32780272,0.20493308,3.1425467,0.05656943,-0.55442965,-0.14758682,0.64688563,0.0013624178,-0.39561683,-0.081224166,-0.4273526
0.03822928,-0.36784947,2.6098008,-0.3145271,0.10266474,-0.6450297,0.07894413,3.0381196,0.81306875,1.1870385,-0.6563187,0.6218843,0.34494424,-0.31915176
0.04479532,0.28468502,2.629943,0.2523194,0.23989,1.224114,0.02031396,2.431994,0.50183976,-0.55262446,1.1850766,0.3364648,0.21699502,-0.054521196
0.03691229,0.29838705,2.590227,-0.08964917,0.3195199,1.2646149,-0.21159269,2.402754,0.49307176,-0.56903434,1.2131797,0.44612217,0.1524144,0.28004488
0.04042428,-6.538793,-1.5322866,0.014787512,0.28947765,-1.2227094,-0.1102642,1.8225116,-0.13248053,-0.2649793,-0.16249709,-0.66653323,-0.09041882,-0.29480973
0.05397981,4.084284,1.7196846,0.32603732,0.23906781,1.5713363,-0.059019428,1.9544514,0.4648195,-0.4669522,1.2077805,-0.30561998,-0.06796562,0.27108255
0.06312942,4.0827365,2.7317011,0.41897157,0.26705718,-0.73056126,-0.023847468,1.9585046,-0.24078126,-0.5412551,1.6777678,-0.40231323,-0.07906781,-0.017739367
-0.040593266,-1.4600428,-3.7166426,-0.25245026,-0.25966987,-0.8557279,0.193558,-2.6310587,-0.16019687,0.8881973,-0.7868184,0.5937031,-0.1451257,-0.29277113
-0.03731405,-4.2325845,-2.7202044,-0.28427064,0.22579262,-0.8448234,0.17234114,-1.693221,-0.258272,0.8170512,-0.61686754,-0.47995183,-0.14999406,0.3000401
0.047131855,0.2929417,2.995868,-0.04824315,0.32857522,0.23670952,-0.036016636,2.545002,0.5146267,-0.5666753,1.4049623,0.48958266,0.26719475,0.2822726
0.10924418,5.500898,-0.17831612,0.43106169,-0.16308793,2.7951024,-0.0713718,-1.7740844,-0.66768426,0.54009145,1.2404666,-0.34284723,0.0006609587,0.3986902
-0.08839199,5.2697353,-0.38199618,0.09305168,-0.24499632,0.39173836,0.26695445,-3.1057806,-0.26279318,-0.5604937,-0.29671904,0.80876875,-0.18792342,0.121062376
0.038384505,0.40695846,3.2962096,0.43169034,0.08126571,-0.63476855,-0.0182542,2.4998453,0.4743684,-0.6689901,1.7904634,-0.3192945,-0.07748137,0.23642755
0.04849119,-0.2302879,2.6233606,0.38527963,0.031051861,0.19728334,0.13790804,3.0906549,0.732994,0.91391736,0.7499093,-0.26286754,0.27371278,-0.009726764
0.05974775,4.020441,1.8220806,0.36250412,0.254334,-0.8022692,-0.05089707,2.1854317,0.462302,-0.5765365,1.514701,-0.46856865,0.33082998,0.31733805
0.03835903,0.4342178,3.287477,0.3830861,0.2780057,-0.66521937,-0.086117834,2.511051,0.47853112,-0.66368806,1.8055574,-0.5196811,-0.07759331,0.23021425
0.04479532,0.37295473,2.701431,0.3619033,0.06699189,1.334059,-0.03331296,2.3894382,0.5172591,-0.57238483,1.259292,-0.23582657,0.23713383,0.0508917
0.0877206,-4.909803,-3.206607,0.12998599,0.20979579,-0.79535776,0.005292241,-0.48036805,0.42050764,0.7944624,0.46068949,-0.36419988,0.32481375,-0.22769406
0.04479532,0.31436753,2.6997516,0.34507895,0.21530038,1.3875121,0.13251907,2.3711436,0.48794967,-0.5729524,1.3661337,-0.24976017,-0.062444802,0.23671924
0.045152456,-0.1882283,2.6607316,0.10094415,-0.20786117,0.065945484,-0.023765747,3.167839,0.8138697,1.0684948,0.6678245,-0.36702234,-0.09247703,-0.26589748
0.037749946,-4.988567,-3.160465,0.37554905,0.050218675,-0.7279741,-0.03916486,-0.8028482,0.3701403,-0.6115456,1.0124061,-0.39349616,-0.08645906,0.21509737
0.05974775,4.0639334,1.8345844,0.44813582,0.27164295,-0.814766,-0.022988696,2.1750495,0.46275115,-0.61346304,1.7049044,-0.42574048,-0.08431895,0.32106054
0.047223892,-0.19806822,2.5555105,0.36926296,0.23617129,0.18565045,0.12716101,2.9694388,0.7239138,0.8910056,1.4096603,-0.27452254,-0.06481442,-0.07148803
0.05974775,4.0266857,1.8213607,0.4003971,0.27257013,-0.7743808,-0.05089707,2.2129617,0.4629972,-0.6081611,1.704996,-0.41917098,-0.084215775,0.31615186
-0.064973526,5.011597,2.0796819,0.35225478,0.045492534,1.6858426,0.19353518,-0.7327247,0.46518254,-0.39369243,1.2619821,-0.30178782,-0.08471893,0.11231766
-0.04588078,4.058936,2.724302,0.4984274,-0.32889414,-0.7364893,0.19452272,1.8212974,-0.10894586,-0.5724783,1.7178581,-0.4052274,-0.10876815,0.31267905
0.04994247,4.1397758,1.9041332,0.28046975,0.26115185,0.19044429,-0.0037745615,2.2533631,0.47980708,-0.49165285,1.353549,0.5180411,-0.07397675,0.2782555
0.04479532,0.37483603,2.7101328,0.34433767,0.25016847,1.3881761,-0.0182542,2.4118805,0.5185561,-0.5812949,1.3499155,-0.24512501,-0.02754004,0.014994569
-0.030521726,-0.32309383,2.523537,-0.32421717,0.34720334,0.18883134,0.087642044,3.132146,0.8304066,1.1828706,-0.76247364,-0.49821186,-0.1308399,0.26083165
0.037048325,0.29134297,2.6903617,0.33324346,0.25076643,1.3861035,0.13251907,2.3844256,0.49568424,-0.5804412,1.372227,-0.35594973,-0.058047872,0.0032843475
0.05955312,4.2061234,1.9678049,-0.23966116,0.24388435,1.6104608,0.15103044,1.8812656,0.535606,-0.07760186,-0.13902664,0.53978866,0.29063424,-0.3469937
0.06437917,4.8387184,-0.39888707,0.12932459,-0.25038838,2.0992172,0.19676933,1.7431549,0.43947232,-0.49202704,0.64271265,0.49260595,0.27093935,0.30131748
-0.048505656,-4.907879,1.1961255,-0.20163852,0.30145484,-0.6413712,-0.12170902,-2.6384447,-0.45234418,0.7973862,-0.6231967,0.63489753,-0.13073738,-0.2640809
0.057664458,4.0674024,2.0161817,0.38079837,0.25813523,0.32149407,-0.020641917,2.210392,0.5198079,-0.5101121,1.5643541,-0.360282,-0.0812555,0.048400786
-0.03785886,4.58302,-0.45883915,-0.28116274,0.2577389,2.6010563,-0.03421877,1.8866646,0.49107265,0.60772526,-0.29416782,-0.48813492,-0.12108458,0.34987533
0.040388864,-3.932922,-2.637823,0.43638572,-0.18733144,-0.7926871,0.19181328,-2.281387,-0.5118903,-0.68158805,-0.2621595,-0.49091434,-0.14206846,-0.11325992
0.06089795,4.707578,-0.67057306,0.40290204,0.26794174,0.37138698,-0.0693749,1.9549158,0.4727913,-0.5536072,1.7236111,-0.44834697,-0.07777909,0.103259616
0.06017146,4.1068397,1.770355,0.2699973,0.25261223,-0.39110175,-0.02334559,2.233938,0.481668,-0.53426695,1.3048645,0.5421513,0.29574046,0.32723448
0.060416993,4.049944,1.8260325,0.36250412,0.254334,-0.80292827,0.18423596,2.1339667,0.46204582,-0.57996297,1.5488884,-0.39934206,0.31273353,0.27900398
0.0608407,4.0153494,2.2354915,0.39216688,0.25190568,-0.5712125,-0.020641917,2.2109509,0.4685866,-0.56765395,1.6918645,-0.3955445,-0.091650255,0.2801956
0.059347365,4.057671,1.8010588,0.29749167,0.2549089,-0.7486084,-0.061366204,2.1777494,0.44211882,-0.5772092,1.4905412,-0.44618022,0.35757706,0.319243
-0.044420134,4.129023,2.737936,-0.3653108,0.3076208,-0.9405193,0.06801493,2.1025665,0.5081291,-0.6975303,-0.35860184,0.82912093,-0.14147456,-0.41048336
0.05397981,4.10887,1.7121701,0.32960442,0.24058811,1.5676305,-0.020641917,1.9465207,0.47684914,-0.47062877,1.1961205,-0.34156117,-0.060048085,0.05023962
0.060032707,4.212428,2.00711,0.34106135,-0.33316493,1.4685073,0.17823689,1.6895036,-0.06662844,-0.46332008,0.6527315,0.33057883,0.27054304,0.3407621
0.060218457,4.078661,2.0130606,0.3748733,0.25721285,0.18037328,-0.020641917,2.2161922,0.4864739,-0.51488346,1.5774666,-0.36290708,-0.07987451,0.2725914
-0.037282716,4.5765886,-0.4527292,0.24753612,0.21546306,2.2124395,-0.15143323,1.87653,0.44378003,0.5592316,0.7194303,-0.363821,-0.08263154,0.32689965
0.06658068,4.0674515,1.793613,0.44191942,-0.28259316,-0.7980671,0.18188916,2.067886,0.44181314,-0.60820967,1.5359371,-0.43484572,0.36681753,0.3236854
0.086489454,3.963968,2.8958821,-0.19203514,-0.34371486,-0.7630505,-0.24583471,2.0259042,-0.22815265,-0.71015906,-0.36697218,-0.6336827,0.60621214,-0.38438192
-0.0368981,-1.8805399,-3.285051,-0.26813346,-0.2908407,-0.8914416,-0.06849888,-2.9283445,-0.63936967,-0.6932345,-0.6857527,0.71831274,-0.1639129,-0.2802127
0.059320208,3.8770454,2.6111732,0.36512122,0.21628599,-0.44262555,0.034810748,2.01219,0.45404592,0.68730414,1.4528388,-0.37122735,-0.074108675,0.26943347
0.044976052,-0.107483,2.3919015,-0.17119136,-0.31988794,1.9134554,-0.028355375,2.7843635,0.76422435,1.0032562,-0.037329838,-0.32425526,0.020088125,-0.2716747
0.03774312,-0.09957756,2.7944713,0.09966663,0.18763831,-0.7777155,-0.028355375,3.1758137,0.8135403,1.2153403,-0.09713287,-0.5347173,-0.072219454,-0.28780884
0.056108978,0.2595654,3.0960512,0.45125815,-0.3611792,0.32328987,0.017023435,2.4646263,0.5359876,-0.6484287,1.7446913,-0.26313707,-0.049164444,-0.35299945
0.060416993,4.0707827,2.130114,0.29322055,0.27272856,-0.71811575,0.072030835,2.2012885,0.4837792,-0.5478802,1.4318529,0.4945458,-0.07451908,0.05016003
-0.03107045,-0.08462739,2.6446817,-0.15445141,0.33520165,0.19571514,-0.07470885,3.2598553,0.8584965,1.1574155,-0.18379347,-0.42576706,-0.12525357,-0.27439865
0.05543517,4.9228206,-0.36117694,-0.26453593,-0.28083748,2.3548949,0.18820593,1.7579969,0.4698277,-0.5431603,-0.48679912,0.63097185,0.36504084,0.36585626
0.060181823,3.9463356,2.0189636,0.3748888,-0.18335013,1.4224427,-0.04953461,1.8194323,0.473712,0.5257203,0.70966744,-0.30402765,0.24128018,-0.07702511
0.037913635,0.2618059,2.9632661,0.3443966,0.25114205,0.7658639,0.13251907,2.4684842,0.4750227,-0.5859849,1.6264241,-0.3892245,-0.062478084,0.23858987
0.076267466,4.899388,-0.6711677,-0.27970827,-0.34052137,0.20283729,0.1761735,1.9469348,0.60357887,-0.63452834,-0.70416796,0.86207014,0.49316335,0.42788932
0.046265762,4.161102,1.428979,0.25667796,0.24653398,1.5275289,-0.05125396,1.9828577,0.45538568,-0.46685123,1.0707247,0.4705029,-0.053224955,0.31100228
0.04479532,0.37567174,2.7037365,0.33585766,0.23870848,1.3873583,-0.086117834,2.4009774,0.48794967,-0.57292193,1.3634828,-0.23899888,-0.058142614,0.23089251
0.05397981,4.055633,1.7210487,0.32954806,0.23999019,1.5644372,-0.048550293,1.9805058,0.49309912,-0.47067693,1.211698,-0.30166104,-0.06810948,-0.0811396
-0.035872076,-0.14555429,2.4050226,0.11527601,-0.2509709,1.8381892,-0.07470885,2.7978284,0.7299282,0.95699596,0.36563694,-0.28617716,-0.09419637,-0.26698524
0.049106404,5.5468507,-0.29635534,0.30529258,0.2415056,2.7923322,0.18100898,0.18199596,0.402928,-0.48711264,0.899289,-0.34682086,-0.06142285,0.34850287
-0.037647862,-0.13497053,2.736634,-0.1101321,-0.31327423,-0.650407,-0.028712265,3.1394262,0.8403509,1.2113146,-0.16572134,0.66979057,-0.11848228,-0.2977529
-0.052306645,5.3415504,-0.774193,0.13281259,-0.31777883,-1.2145635,0.06463331,0.008609055,0.48125184,-0.620989,0.92542124,0.7532936,-0.12018712,0.02074263
-0.03107045,-0.17310642,2.6565847,0.044864196,0.27094376,0.15286657,0.1272438,3.2241724,0.8491644,1.1634957,-0.18332864,-0.4090035,-0.12467501,-0.27523983
-0.03860796,-4.54168,-2.8488865,-0.23810035,0.3509713,-0.86222994,-0.082828,-0.7919291,-0.2894009,-0.7267898,-0.67041534,0.72896475,-0.14505897,-0.26200455
-0.0363167,-3.6916835,-2.5317016,-0.25629386,-0.22280793,-0.84574145,-0.10386469,-2.4834304,-0.5632308,0.7563689,-0.6351739,-0.52984774,-0.16099903,-0.21867841
-0.03177198,-5.0316157,-2.9671922,-0.2052393,0.35172108,-0.1048883,-0.04688617,-0.4562656,-0.13536419,-0.6812319,-0.59836394,0.7257698,-0.1340419,-0.26247954
-0.03558682,-0.15350951,2.5788877,0.32902774,-0.230952,0.52110505,-0.0778442,3.0963871,0.7281341,0.9613656,0.86152697,-0.27137432,-0.097767465,-0.013680551
0.04726157,-0.19794841,2.5628798,0.36493573,0.23617129,0.18295254,0.015312804,3.0050955,0.72390586,0.8910056,1.4068699,-0.2712192,-0.057739172,-0.07712773
0.045876797,4.1416173,2.0412142,0.2386769,0.21845065,1.7614489,0.15590873,1.8318999,0.4632806,-0.06951978,-0.06304445,-0.4352243,0.33541715,0.26927277
0.046211656,0.328516,3.285664,0.1566481,-0.31336793,-0.69534886,0.13931912,2.399145,0.5285468,-0.6934389,1.6735566,-0.3329521,0.3788857,-0.37402102
-0.047576837,4.8455715,-0.62553245,-0.2797797,-0.40279263,0.321121,-0.1434714,2.1215527,0.5204191,-0.6752831,-0.7842591,0.93115777,-0.15101427,0.43698248
0.057664458,4.0765743,2.0000148,0.4070906,0.061286453,0.3195283,-0.048550293,2.202545,0.4861144,-0.5103181,1.5673271,-0.3495203,-0.07647639,0.2768677
-0.037457787,4.788394,-0.44068053,0.12252453,0.25951856,2.425026,0.19450375,1.8244148,0.43180722,-0.48671255,0.8117477,-0.40713906,-0.090645395,0.33456343
0.052795254,4.2441235,2.5970845,0.4389111,0.09435137,0.14507267,0.19217594,1.9433243,-0.5565372,-0.5188398,0.99717426,-0.38667184,-0.085713856,0.34466237
0.05381084,4.1629405,1.4295807,0.20746613,0.23384528,1.4619884,-0.059376318,1.9702314,0.4551397,-0.45545775,0.9903126,0.4661194,0.23512755,0.27975497
-0.037147325,-0.15696053,2.6254678,-0.4295108,-0.31300658,-0.59965503,-0.18452837,3.0759993,0.81812394,1.3387533,-0.85221773,-0.5615941,-0.14734633,0.27246964
-0.03557723,-0.29125422,2.2743835,-0.3648609,-0.26326624,1.9353923,0.07499984,2.6934261,0.7498065,1.0425674,-0.6641979,-0.34640297,-0.11308805,0.25085458
0.037123423,-0.15318106,2.4032917,0.060974333,0.22786503,1.7790632,-0.07793847,2.793591,0.70902646,0.91808856,-0.062921874,-0.37225044,0.30066988,0.20716846
0.05397981,4.160046,1.4565412,0.37561256,0.26402816,1.6787903,-0.0034176675,1.9299576,0.46734348,-0.49575818,1.216764,-0.39179713,-0.06018853,0.2758774
0.059494305,4.039116,2.708546,0.37942752,0.26648936,-0.71021634,0.18423596,1.8691727,0.43056595,-0.47947744,1.6231546,-0.39559087,-0.076105386,0.276147
0.04938477,4.0001926,1.8247882,0.29974785,0.27257013,-0.81215787,-0.14099869,2.204415,0.46791133,-0.61297655,1.7153113,-0.5043183,-0.09241559,0.31672913
-0.04093235,4.810705,-0.46511582,-0.20076567,0.08262368,2.7114484,0.19107229,1.937832,0.50032717,-0.5711314,-0.20176598,0.007037764,-0.13031147,-0.36952525
-0.07661705,2.9295316,-3.5723195,0.29037386,0.19227226,-1.0930486,0.25674334,-3.819849,-0.78352153,0.6326499,-0.7404809,-0.5053067,-0.1784931,-0.3521181
0.05397981,4.098085,1.7196846,0.32592225,0.23906781,1.5711222,-0.0034176675,1.9463284,0.46533057,-0.4669217,1.2074763,-0.37542924,-0.06018853,0.27139732
0.061621282,-0.27983403,2.6135247,-0.34260082,-0.28550005,-0.651194,-0.026165804,3.0422835,0.83693963,1.2015252,-0.7094817,0.6317337,0.39422524,-0.32706332
-0.043697424,4.797016,-0.41827855,-0.22880751,-0.29302338,2.9003727,0.19840087,1.8009077,-0.102726534,-0.5963584,-0.11915151,-0.5448856,-0.13511744,0.38669938
-0.0460785,3.9983482,2.726591,0.46608436,-0.27490303,-0.7430689,-0.020641917,1.8942162,0.42324093,-0.5815395,1.6809134,-0.3919911,-0.10850759,0.27584875
0.060218457,4.158861,1.6374573,0.4338599,0.27554905,0.17626894,0.19433005,2.1580172,0.48735988,-0.5560326,1.6044022,-0.4597335,-0.07987451,0.2780804
0.17162743,5.0227375,2.755111,0.116203435,-0.24231489,0.1530096,0.063897796,-0.79414296,-0.18451096,0.63848364,-0.12486295,0.5845671,0.4076755,-0.44705734
-0.033000313,-2.1129968,-4.488556,0.2190915,-0.28045374,-0.69834787,0.12363106,-0.73517245,-0.3605483,-0.93749803,-0.18178926,-0.59923315,-0.16952024,0.028979383
0.04952464,4.093362,2.700569,-0.1250731,0.29828298,-0.82648224,-0.19575702,1.9990221,0.47296345,-0.6047712,-0.31912464,0.74849564,0.43901503,0.29460773
0.10065453,5.096235,2.7522013,0.37284598,0.2182007,0.26782212,-0.012756214,-0.7227487,-0.7075144,-0.40636453,1.7360737,-0.3465775,-0.08721138,-0.00615568
0.08294445,4.8437796,2.6240065,0.41356736,-0.20017914,0.260724,-0.024682166,-0.015847659,0.49265265,0.5594126,1.5145569,-0.32421347,-0.06988968,0.30249864
0.053531628,4.2134004,2.042329,0.4054745,0.053418197,1.4591008,0.18103041,1.7522553,-0.17270873,-0.45354572,1.2023629,-0.33170047,-0.06352257,0.30190325
0.037831806,-3.944785,-2.594444,0.34823844,0.16956584,-0.80750054,0.16864207,-2.5375042,-0.5561358,0.7001654,-0.5906761,-0.37873608,-0.11543875,0.22018944
-0.04576108,-1.6849476,-1.455076,0.02798159,-0.19120258,-0.93614167,-0.07939743,-3.741967,-0.80088896,0.89156777,-0.5783306,-0.5481541,-0.20113823,0.4078447
-0.038686242,4.8193645,-0.3702077,-0.26420936,0.3397496,2.678131,-0.18625619,1.910733,0.45280668,-0.56699705,-0.22294138,0.018622955,-0.13458546,0.3624
-0.029922066,-0.19195317,2.5758018,0.098633476,0.1763499,0.87123984,-0.18225895,3.1248653,0.7807942,1.0172693,0.04292369,-0.35961404,-0.107752495,0.036469158
-0.042710442,-5.4246135,-0.9600044,-0.23988968,0.31344408,0.72757053,-0.109322906,-1.5305212,0.4666106,-0.720801,-0.6905329,-0.4721989,-0.16909842,-0.2634272
0.043881264,0.30486554,2.6989229,0.41208187,-0.2195606,1.4325211,0.14261314,2.3172195,0.4840563,-0.6019419,1.3994318,-0.23615731,-0.0648433,0.23721759
-0.036258046,-3.8808298,-2.6458461,0.42720887,-0.1794007,-0.64651924,-0.1122831,-2.3430667,-0.50484973,-0.22707918,-0.26276767,-0.4051171,-0.15934315,-0.10821115
0.044976052,-0.09287211,2.40788,-0.1559844,-0.23556979,1.8211915,-0.07470885,2.7887225,0.74414754,0.99306196,-0.06867133,-0.3098428,0.32722825,-0.27054143
0.051116113,-0.3792625,2.4257898,-0.23438549,0.30984938,0.42974824,-0.18851088,3.133035,0.76079684,0.99950325,-0.5775098,0.53646874,0.33394825,0.2767279
0.056603488,3.9915302,2.66837,-0.2692274,0.3071011,-0.42100263,-0.14421839,2.0946488,-0.7961409,0.6294721,-0.262777,0.6471723,0.38896385,0.3922749
-0.034212418,-4.0025716,-2.5769107,-0.16163334,0.14532283,-0.7530701,-0.105914585,-2.6056774,-0.5591415,0.65767175,-0.60617447,0.59257436,-0.13064398,0.23204027
0.05411839,-0.268761,2.620638,-0.30574146,0.31666937,-0.6599417,-0.07069604,3.1107175,0.7787284,1.1300219,-0.72235996,0.6153112,0.35577825,0.27661043
-0.028962491,-5.0316653,-3.6390347,-0.33512753,0.098078884,-1.0094683,0.114287466,1.4602611,0.41938806,-0.9575609,-0.67410475,-0.65624404,-0.16584419,-0.22361797
0.05397981,4.0844493,1.7217051,0.33265045,0.23906781,1.5732899,-0.059019428,1.9495264,0.46593475,-0.46763778,1.2071233,-0.31245,-0.06496764,0.26931408
-0.03892445,4.111608,2.482417,0.40638587,0.26501802,0.33192194,-0.028368859,2.060486,-0.16404001,-0.49153462,1.5476427,-0.42812297,-0.091386735,-0.3444566
-0.047601044,4.7301893,-0.78918964,0.5134475,-0.31893325,-0.2940922,0.19314906,1.969498,0.42325035,-0.58716995,1.7701473,-0.45298684,-0.11158646,0.43428475
-0.03965777,4.763328,-0.4324433,0.09224224,0.26838905,2.0930614,0.01998216,1.9257,0.4614209,-0.474214,1.0558077,0.3520785,-0.084163435,-0.3535769
0.049549524,0.39665717,3.2882247,0.38588274,0.2738572,-0.48648518,0.017926086,2.5309274,0.5178769,-0.67134494,1.807698,-0.38709572,-0.07068837,-0.05138819
0.053421136,4.1712656,1.4271163,0.20746613,0.23384528,1.4573694,-0.02334559,1.9697015,0.45442775,-0.45545775,0.9847782,0.4658094,0.23601004,0.3112187
0.0608407,4.0885124,1.7965668,0.31612507,0.22827362,-0.39329627,-0.020998811,2.2382882,0.5168379,-0.5382228,1.3418988,0.38838446,0.30674466,0.044198986
0.045293678,0.29022807,3.264396,0.14694697,-0.23766924,-0.49107817,0.13015297,2.4330685,0.4810373,-0.68632424,1.8274281,-0.3107114,0.019557184,0.2431792
0.059566643,4.055976,2.554332,0.10368503,0.25869766,-0.5167,-0.14135559,2.022921,0.4980563,-0.5085863,1.1133088,0.57132906,0.2976911,0.31360343
0.057233933,4.1272616,2.51702,0.4907241,-0.25480807,0.17273346,-0.023847468,1.9398106,-0.2590123,-0.5277715,1.6169982,-0.3717806,-0.09297787,-0.10158288
0.038283013,-4.047884,-2.6008103,-0.18741937,0.21430558,-0.72778964,0.19028358,-2.509345,-0.56143564,0.63376135,-0.5724728,0.15699075,0.49242237,0.30876192
0.046493497,4.7254033,-0.44381616,0.20985913,0.2611542,2.177775,-0.15689021,1.8185956,0.46902135,-0.08917185,1.1033213,-0.39367288,-0.06452949,-0.0160836
0.059968803,4.098955,2.7138968,0.4154608,0.2683547,-0.7403051,-0.051755846,1.9251443,-0.17295404,-0.538119,1.6452509,-0.41399947,-0.055433843,0.30832338
-0.029750342,0.2754953,2.693371,0.34215856,0.25817665,1.3953148,-0.021905115,2.437931,0.5044022,-0.5916419,1.3750229,-0.34333467,-0.07547783,-0.3493495
0.047805697,4.8948765,-0.4042407,-0.25344133,0.32504955,2.5588999,0.18598002,1.7346764,0.4650691,-0.47667298,-0.16291007,0.05119455,0.39595392,0.32478672
-0.039608944,4.5730786,-0.43244258,0.10154422,0.05775353,2.4515285,-0.14681275,1.9774724,-0.07841386,0.55557734,0.53878033,-0.3595757,-0.0901944,-0.35340244
0.0608407,4.047463,1.8267279,0.3993146,0.2681082,-0.42983615,-0.020641917,2.2163446,0.4899406,-0.5966477,1.7088357,-0.4080258,-0.059344348,0.28236687
0.048378196,0.25168896,3.2281673,0.23483634,0.17586003,-0.6154394,0.12816308,2.4108384,0.45356292,-0.64327174,1.5981448,-0.4247093,0.33043107,0.27654406
0.05381084,4.1461864,1.6637237,0.2848556,0.043221522,1.3912945,0.072030835,1.9562888,0.48260957,-0.4440836,0.9903539,0.42912185,0.22488505,-0.0012393673
0.037081264,0.3627274,2.7104006,-0.12816456,0.29700637,1.3625089,-0.025190607,2.3837724,0.5135229,-0.5719155,1.2633712,-0.33820924,0.26616666,0.27049226
0.044700593,-4.495451,-1.0548298,0.0021690978,0.16563469,-0.94908315,-0.06955625,-2.8847287,-0.6270686,0.7100815,-0.64370584,-0.4713737,-0.025626842,-0.24913806
0.04440562,0.36191672,2.7097318,-0.08699119,0.31392732,1.3530341,-0.020600978,2.391341,0.5131293,-0.5640081,1.2514617,-0.27004492,0.26616666,0.26968694
0.054552037,4.2027183,2.0393674,0.4343275,-0.2709731,1.4736375,0.18964444,1.796734,-0.18052514,-0.4404221,1.0837648,0.062089507,-0.06525438,-0.3380534
-0.03109639,-4.9931183,-3.6505792,-0.3246255,0.3658215,-0.7204099,0.11945143,1.4841703,0.43601558,-0.9428397,-0.72603065,-0.58571684,-0.16449614,-0.22971521
-0.0357107,0.25503576,2.9524553,0.15799552,-0.30114108,0.5442347,-0.020957872,2.499578,0.5107263,-0.6031498,1.567131,0.46411747,-0.09051289,0.2799047
0.0608407,4.068249,2.2199855,0.3833184,0.26305223,-0.53656316,0.18423596,2.158356,0.4596997,-0.567027,1.6833271,-0.4489771,-0.088508405,0.280504
0.03678358,-0.18183295,2.6246748,0.024102427,0.26445922,0.21299051,-0.025400344,3.182113,0.78544813,1.074069,-0.048690505,-0.41370595,-0.06536468,0.25489637
0.04968266,-0.17577492,2.7455173,0.35056826,0.22723748,-0.6612534,0.13790804,3.0385084,0.6746415,0.9792632,0.77639985,-0.30967784,0.28372422,0.20479389
0.04622247,4.7684264,-0.46862218,0.29397696,0.24979667,2.4579191,0.19549583,1.7583289,0.4452741,-0.53601736,0.8114849,-0.3854118,-0.06553489,-0.0055631474
0.086879835,-4.9031506,-0.8864568,0.4080517,-0.16849208,0.052140072,-0.016810104,-3.0783,-0.64459574,0.6329384,-0.2263255,-0.049340468,-0.07747931,0.27822962
0.055530842,-0.12996592,2.4104066,0.1831615,-0.19609563,1.7961782,-0.028355375,2.7909622,0.72282463,0.986465,-0.05112248,-0.29187453,0.33526355,-0.2702036
0.06432483,4.0656376,1.9768481,0.43329054,-0.2387764,0.6621122,-0.0034176675,2.1316743,0.5077764,-0.52747214,1.5767267,-0.33386752,-0.087022044,0.04637729
-0.047320932,-5.649247,-1.0221418,-0.31756228,0.0677698,-0.11262782,0.13463095,-1.3350129,-0.29281428,-0.7094774,-0.7720242,-0.52611065,-0.18244912,0.3533739
-0.029434353,-0.17135845,2.4088166,0.14576492,0.1698659,1.8580095,-0.07793847,2.787944,0.7391127,0.9230214,0.10217269,-0.5195518,-0.09559291,0.031025164
0.04423664,0.2617762,2.6283946,0.24344891,0.23957652,1.2266909,-0.003935577,2.4154408,0.4736531,-0.5452642,1.1659651,0.38139385,0.22221266,0.2726193
-0.046960965,4.70904,-0.41373166,0.12529379,-0.29337153,2.526167,-0.18865046,1.8635402,0.45838404,-0.54081815,0.83964616,-0.39766353,-0.098587774,-0.35110304
0.037637003,0.19608168,2.6530097,0.15302643,0.16275752,1.3207614,-0.026494741,2.4192364,0.5282111,-0.5824994,1.2720382,0.44446558,-0.04943086,-0.3527499
0.049549524,0.33139658,3.1831257,0.4304632,0.071750425,0.07489442,0.020670855,2.5380292,0.53430367,-0.62551326,1.742163,-0.29956,-0.052546203,0.016387612
0.03753493,-4.0854793,-2.5430887,0.15212461,0.15088856,0.02828221,-0.10388333,-2.649422,-0.60382974,0.55253065,-0.5489226,0.45533782,0.34152296,-0.2259618
0.043881264,0.32418156,2.677566,0.41341466,-0.25073105,1.4326825,0.09539695,2.320105,0.51461476,-0.60959876,1.402268,-0.23336093,-0.06928936,0.015006892
0.05359011,4.182464,1.4291545,0.2577049,0.24653398,1.5264436,0.03256299,1.9737105,0.45502505,-0.46704584,1.0695493,0.43165094,-0.053268924,0.31109968
0.06767363,4.068055,2.053964,0.45758057,-0.26399136,0.05780703,-0.0034176675,2.1573126,0.48583955,-0.54801583,1.6701905,-0.36149934,-0.090039976,0.27647668
-0.05656687,4.8995323,3.1468441,0.45210373,-0.34746808,-0.8933033,0.19940206,-0.11595924,-0.5712252,-0.10943645,-0.12071247,-0.50884604,-0.15694036,0.35981414
-0.029083911,-1.6491902,-5.53046,-0.45260212,0.10002103,-1.1242099,-0.05077694,1.865729,0.43947947,-1.1418118,-0.46038654,-0.7041786,-0.1645006,-0.3537995
0.03849245,-0.17806219,2.6333587,-0.13178843,0.03897173,1.0678506,0.1272438,3.1335344,0.77909154,1.0197424,-0.10656211,-0.31495878,0.33349913,-0.273708
-0.03303049,-6.6046185,1.8403101,-0.47121826,0.19932047,0.18188567,-0.043032173,2.1172903,0.512011,-0.8340937,-0.6562539,0.68616384,-0.12695165,-0.24373633
-0.029664895,-0.34485376,2.346983,-0.27188694,0.15640888,1.6655941,-0.03034687,2.78809,0.7251933,0.93837714,-0.060955975,0.5165345,-0.08896301,0.2584938
0.04490095,0.26913399,2.709177,0.42672014,-0.25095427,1.4429061,0.12922505,2.3268068,0.5214411,-0.6212818,1.4030224,-0.23872955,-0.06503286,-0.34900048
0.04896475,0.13147275,2.961099,0.16415155,0.15175438,0.4987421,0.12886815,2.4862359,0.53859174,-0.58338594,1.4129734,0.433869,0.25722966,-0.3558836
0.060016606,4.050875,1.8364867,0.4065164,0.27257013,-0.80016965,0.18423596,2.1502936,0.46260694,-0.60890526,1.70864,-0.42676467,-0.0836865,0.27924055
0.03751494,0.22608818,2.8443868,-0.08494116,0.2990797,0.7574331,0.052952044,2.4534929,0.501598,-0.562862,1.3150231,0.43876314,0.23298481,0.27517036
0.046526294,4.805178,-0.44121447,0.09374243,0.24150357,2.330511,0.17832671,1.7793278,0.42996374,-0.49115574,0.70207435,-0.4063397,0.27381665,0.32635134
0.060218457,4.0833116,1.6447384,0.3955911,0.26585284,0.17772087,-0.020641917,2.2370965,0.5279825,-0.5551996,1.6003152,-0.3891773,-0.07308151,0.040694978
0.03832582,-0.1760609,2.6280243,0.3785794,0.23638639,0.08728334,-0.023671485,3.1624517,0.7426567,0.9692648,0.93339103,-0.3539261,-0.069779575,-0.26434827
0.0608407,4.012235,2.2391157,0.39756554,0.23605196,-0.46961322,0.035266664,2.2106133,0.5160569,-0.5679916,1.7063457,-0.3786072,-0.090446055,0.04952472
0.060416993,4.021938,2.2329438,0.38914916,0.26751417,-0.790962,0.19433005,2.136214,0.45360056,-0.56771255,1.6880531,-0.3955445,-0.0836865,0.27446967
0.057491902,4.190875,1.5948972,0.28794083,0.23665114,0.35667306,0.18387906,2.1630342,0.47924387,-0.48566985,1.2442064,0.35955444,0.28526962,0.28419945
0.057664458,4.054921,2.00597,0.36971423,0.25813523,0.26541513,-0.020641917,2.241705,0.5174452,-0.51378363,1.569078,-0.3479658,-0.07662025,-0.0850585
-0.030167531,-0.14251857,2.5890608,0.37053663,0.24195248,0.19064902,-0.02826111,3.1499248,0.7280875,0.9089672,1.3221245,-0.27176258,-0.081527665,-0.2700963
0.045217443,0.34638757,3.1710532,0.37489453,-0.23203602,-0.5971681,-0.08647473,2.4683692,0.4654045,-0.6710479,1.6156476,0.47314388,-0.07912196,0.23608296
0.037980366,0.3511328,3.143063,0.38902578,0.24039091,0.2321791,-0.011637626,2.5441768,0.53528076,-0.6150626,1.7234093,-0.2875814,-0.076694526,0.05275485
0.03803693,0.35023272,3.1162157,0.081910685,0.25739163,0.31011322,-0.025190607,2.5220823,0.5216532,-0.58795005,1.555478,-0.37061182,0.28357935,0.27593756
0.04396627,-0.38621032,2.4655783,-0.30720907,-0.31807524,0.16181187,-0.07042398,3.1015463,0.8056205,1.0690827,-0.6609165,0.5694239,0.3855402,0.2790804
0.058892112,4.1472383,1.7700235,0.272571,0.21029519,-0.6942066,0.06968405,2.1591814,0.45109773,-0.5602691,1.2818679,0.57742214,0.31711432,0.32658872
-0.04176701,5.4264107,-0.35164788,0.068910114,0.27135882,3.327575,-0.061365783,0.2604305,0.57867974,-0.54297304,-0.10294465,-0.499785,-0.123103864,0.0829679
0.053962663,4.845034,2.9427629,0.35481218,0.24312866,-0.3872243,-0.05213462,-0.08062344,0.5440285,-0.5252681,1.8087245,-0.36239973,-0.08698774,0.006185446
0.05359011,4.1510687,1.4439331,0.30643454,0.23177196,1.5847062,0.18862532,1.8939723,0.46269748,-0.47985554,1.0903924,-0.37920532,0.24628732,0.30663812
0.0608407,4.0572104,2.0361483,0.38499716,0.25813523,0.16922957,-0.020641917,2.2438028,0.5196561,-0.51929384,1.5772867,-0.36886367,-0.08001837,-0.0034258163
0.060016606,4.042563,1.8404717,0.45362768,0.07945578,-0.7788452,0.035266664,2.1784568,0.45859265,-0.61346304,1.7014221,-0.4308078,-0.0836865,0.27995867
0.060016606,4.050721,1.8003355,0.3762292,0.061147798,-0.71314144,-0.1468126,2.1860452,0.44337246,-0.57082236,1.3698019,0.07421403,0.32828817,0.27474135
0.14192382,4.898728,3.0018039,0.39346075,-0.21978807,-0.40994453,-0.0117641,-0.85538346,0.47165138,-0.52574074,1.4660428,-0.33773708,0.3566109,-0.07267577
0.057869595,4.1962585,1.89616,0.31451172,0.25500828,0.26029053,0.19397315,2.1536543,0.47369328,-0.4964385,1.3473986,0.46133906,-0.06617992,0.28353998
0.060218457,4.0829706,2.025193,0.390489,0.25813523,0.18039283,0.18423596,2.1635318,0.52018213,-0.51941377,1.5749118,-0.3736688,-0.08001837,0.049675304
0.05397981,4.114185,1.71772,0.33265045,0.23906781,1.5732899,0.18423596,1.8992778,0.46491262,-0.46763778,1.2055026,-0.31245,-0.06482378,0.27108255
0.04448865,-0.24585162,2.3565302,0.32022727,0.21751165,1.4438957,0.13556126,2.7159803,0.639655,0.81642574,1.0370307,-0.23662432,0.023620438,0.23585507
-0.04354164,-4.94509,-0.8278662,-0.29411933,-0.25149027,0.052903265,-0.12738267,-2.8484442,-0.34197414,0.64560634,-0.6955324,0.5823026,-0.14163634,-0.26605707
0.037081264,0.24506725,2.633347,0.26350623,0.25226521,1.2828329,0.12981538,2.3900309,0.47507527,-0.55536526,1.2532791,0.39570528,-0.05196891,0.27216625
0.03788108,-0.26266107,2.3787806,0.08760945,0.23114355,1.5799652,0.1268869,2.8290362,0.7366109,0.8937308,-0.03655757,0.4477942,0.26015642,-0.27796236
0.03835903,0.39722407,3.274309,0.38608938,0.2804459,-0.6523075,-0.0182542,2.5350707,0.49049821,-0.6707671,1.8069935,-0.42021418,-0.07656622,-0.027537078
-0.040693983,-4.2901974,1.1230632,-0.2880259,0.16426827,-0.6402495,-0.13869931,-3.68843,-0.8089333,0.6713106,-0.7170146,0.5969473,-0.1370913,-0.24796596
-0.029873973,0.2511257,2.9667678,0.386016,0.17370531,0.7742416,0.13251907,2.4501998,0.4969077,-0.58932143,1.632714,-0.25022587,-0.079953745,0.23895542
0.038166158,-0.3019064,2.6163807,-0.29683313,0.28757372,-0.6904789,0.12484375,3.1329181,0.83646065,1.1533653,-0.6871109,0.63724643,0.3502403,-0.32672748
0.05677541,4.1753674,1.6079953,0.40968585,-0.24271198,0.17464018,0.1906152,2.1732454,0.4804651,-0.54860675,1.4551889,0.36291412,-0.09286954,0.28775463
0.05397981,4.147644,1.6645032,0.25864223,0.2424004,1.4593959,0.072030835,1.9570498,0.4834847,-0.45331493,1.0746441,0.40760428,-0.057726305,0.045283888
-0.03166671,-0.15862887,2.7666147,-0.4011653,0.17952676,-0.80472475,-0.02542394,3.1433039,0.8339672,1.3564707,-0.3428834,-0.49780673,-0.13330725,-0.31293136
-0.030346142,0.28987277,3.0554621,0.35316253,0.26219675,0.5645877,-0.0780349,2.5528336,0.51413846,-0.6132362,1.7025511,-0.36982453,-0.084802106,-0.3475071
-0.0438835,4.8186946,-0.44947347,0.07110311,0.28185442,2.9722748,0.17266314,1.886128,-0.22456762,-0.57186395,-0.30419376,-0.5073423,-0.13353421,-0.37743154
0.057374116,4.151663,1.9050817,0.38486522,0.23003322,0.8846653,0.19433005,2.067512,0.46704972,-0.48946464,1.4557362,-0.3207315,-0.033803508,0.27332854
-0.030836431,-0.10250883,2.7741153,0.19989192,0.19232468,-0.75829697,-0.07793847,3.1456456,0.7635554,1.1852964,-0.08371413,-0.45604354,-0.1206744,0.20933084
-0.029699534,-0.25951478,2.3079891,-0.1595817,0.32122335,1.8741895,0.05654653,2.7756526,0.7510511,0.95796686,-0.6683428,-0.33552685,-0.10578797,0.25055307
0.060016606,4.066841,1.7968035,0.43763027,0.10930054,-0.7735741,-0.02334559,2.203104,0.43997005,-0.60690415,1.6788747,-0.28743345,-0.08251371,0.30843455
0.060416993,4.0278125,2.2320576,0.3833184,0.26751417,-0.77087295,0.089632645,2.1754687,0.45782313,-0.567027,1.6924272,-0.3867103,-0.091650255,0.27446967
0.03803693,0.31328118,3.1325219,-0.099445656,0.32993323,0.26027298,0.12816308,2.4827015,0.52327347,-0.59698665,1.6309252,-0.31977332,0.20631287,0.2785806
0.060016606,4.061359,1.8209262,0.36279264,0.254334,-0.75146836,0.1909721,2.1227124,0.4537158,-0.5800216,1.5354068,-0.39934206,0.31273353,0.27852982
-0.04050927,4.7836366,-0.5081608,-0.32892734,0.29956973,3.0116103,-0.06574725,1.8330449,0.59715277,-0.62713665,-0.5397813,-0.5207196,-0.13141666,-0.38609004
0.060016606,4.007054,2.2320576,0.38302985,0.26751417,-0.7394505,-0.020641917,2.1805325,0.45380884,-0.5669683,1.679544,-0.3867103,-0.088508405,0.27494383
-0.04097343,-2.1686232,-3.864121,-0.3590531,-0.3085292,-0.7213326,-0.082163624,-1.31743,-0.31369594,-0.2524235,-0.8026851,-0.53011906,-0.16634049,-0.3329547
0.060016606,4.000689,2.2458873,0.42873707,0.26700434,-0.73744386,-0.051295057,2.1883898,0.48559466,-0.5753681,1.6885811,-0.45149076,-0.088652276,-0.08152116
0.04243154,-5.9142547,-1.1176189,-0.19756843,0.28568435,-0.68214005,-0.04130462,-0.9721371,-0.22145195,0.7948663,-0.21440043,-0.5296556,0.2711065,0.26658398
0.049549524,0.41328675,3.285795,0.3605878,0.25936624,-0.3197766,-0.0182542,2.5233312,0.5335719,-0.6490247,1.7241757,-0.2994628,0.18182077,0.012704138
0.048256353,0.1588981,2.9863722,0.14580184,0.12780206,0.23989908,0.13015297,2.4757354,0.50799096,-0.58101225,1.4221812,0.47124714,0.26513922,0.2467558
-0.034206174,-4.1956186,-2.648084,0.025386691,0.24575272,-0.8208847,-0.08380031,-2.423733,-0.27883813,-0.5685108,-0.5916994,0.6482574,-0.14583962,0.24013892
0.0561714,5.433576,-0.37630424,0.28925246,0.067212075,3.3054867,-0.06621361,0.18933623,0.5342368,-0.5638123,-0.019177958,-0.4626916,-0.08115932,-0.3953243
0.03704653,0.30968732,2.8463905,-0.043196213,0.31600064,0.77571946,-0.12962672,2.5131786,0.5051064,-0.5527087,1.2911431,0.41895622,0.23269701,0.28483835
0.060416993,4.0437365,1.8403465,0.40622786,0.27257013,-0.8079892,0.035266664,2.1867232,0.462528,-0.60884666,1.6937413,-0.42557788,-0.0499133,0.27939206
-0.037239477,-0.33184314,2.6363184,-0.21363407,-0.29986745,-0.057932384,0.12594089,3.1288273,0.81273144,1.1684998,-0.2894965,-0.007201098,-0.14290291,0.23222388
0.04365978,-0.28928477,2.5652964,0.13070083,-0.2341058,1.1674612,0.13805006,3.0390718,0.73848176,1.0223529,-0.055853523,-0.41613963,0.2182212,0.21218203
0.03689724,-0.21409456,2.6002605,0.36771592,0.23546797,0.16863889,-0.027548932,3.1032524,0.7064177,0.9366372,0.9245952,-0.28748062,-0.06835773,0.21226572
-0.039676197,4.8250628,-0.46176574,0.13561267,0.28687182,2.4958754,0.1905668,1.8422725,0.4507004,-0.51329243,0.8145237,-0.39243093,-0.09170703,-0.3530008
0.11347042,5.028391,3.0474255,0.16909534,0.10670656,-0.5631097,0.18240146,0.1368803,-0.62543136,-0.517391,-0.13429594,0.66207224,0.4418233,0.06679154
0.054511156,-0.15381454,2.379493,0.16169384,-0.26464406,1.784165,-0.07793847,2.723497,0.7026636,0.94861627,-0.021100579,-0.2981469,0.33413333,0.2075526
0.05628076,0.39720696,3.2641277,0.37106192,-0.22689605,-0.6609165,-0.0182542,2.4378307,0.47833702,-0.6699888,1.6610103,-0.30314,0.3637734,0.2367979
-0.040282737,-3.96219,-2.720626,0.08043118,0.24138118,-0.7473194,-0.08196629,-1.7348118,-0.47383144,-0.72584283,-0.28531298,-0.5047739,-0.17154394,-0.24100292
0.04709813,4.115444,1.6306982,0.3450348,0.24770777,1.1119001,0.035266664,2.169827,0.504011,-0.5047158,1.3967168,-0.3249564,-0.06865894,0.048030186
-0.040693983,-4.2901974,1.1230632,-0.2880259,0.16426827,-0.6402495,-0.13869931,-3.68843,-0.8089333,0.6713106,-0.7170146,0.5969473,-0.1370913,-0.24796596
0.06766439,4.7230887,-0.62745935,0.5159152,-0.29502842,0.3478495,-0.035751987,1.9204957,-0.12823121,-0.57602733,1.8094684,-0.4522235,-0.08823501,-0.062407386
0.05320357,4.8945293,-0.3922601,-0.25371513,0.2119731,2.390281,0.14923987,1.848618,0.47723028,-0.53417236,-0.14697461,0.62198263,0.3403726,-0.36805078
0.060218457,4.1340003,1.6057632,0.2655202,0.2500038,0.18622097,-0.048907183,2.252332,0.5198408,-0.4953874,1.2489496,0.48271248,0.28449985,0.04346208
-0.046871662,4.175005,2.7063763,-0.39167973,-0.40895912,-0.85855246,-0.027346695,1.8845494,-0.06496087,-0.6764175,-0.74677587,0.84727794,-0.15894681,0.40670958
0.05397981,4.11947,1.4585615,0.34031776,0.24412377,1.6721449,-0.020641917,1.9569236,0.46692553,-0.49359363,1.2126368,-0.32881793,-0.06018853,0.275989
0.056515593,-0.1907102,2.7360454,0.42998356,-0.19512618,-0.6720169,0.12580477,2.9835396,0.67506385,1.0240426,0.8086554,-0.30650076,0.31744182,0.20583312
0.05490533,4.2131104,2.0390365,0.13384575,-0.25196373,1.690697,0.15503699,1.784352,-0.07829961,-0.5104055,-0.13748473,0.55133665,0.34221685,-0.35036397
-0.039170686,-4.7352314,-0.9577118,0.009293212,0.16225275,0.043597013,-0.10646785,-3.0846462,-0.6185478,0.6444701,-0.33197415,-0.42950165,-0.15947819,-0.050759766
0.060416993,4.03771,1.8352101,0.4065164,0.2681082,-0.62302774,-0.0034176675,2.226721,0.47022763,-0.60890526,1.7165483,-0.42676467,-0.091650255,0.2844923
-0.043905057,4.806831,-0.42403194,-0.31637913,-0.33904672,2.8864207,0.1788322,1.7823858,0.4419401,-0.6106032,-0.09234411,-0.50241816,-0.1341577,0.35827285
-0.029743822,-0.15275995,2.4085774,0.054372635,0.24652699,1.8663687,-0.03811233,2.8255787,0.7259261,0.9346224,-0.03447491,-0.40989816,-0.100714825,0.21170466
-0.035629123,-4.553016,-2.8541214,-0.18799554,0.28185394,0.5581794,-0.05018778,-1.197541,-0.19263546,0.7399121,-0.2730733,-0.4340862,-0.13365063,-0.23307171
-0.03727461,-4.7919083,-2.9031277,-0.21152362,0.33575836,-0.8538214,-0.04451439,-0.76727515,-0.27465168,-0.71119124,-0.6717822,0.73930424,-0.14792775,0.32268277
-0.038686242,4.811573,-0.42810515,-0.2630174,0.3474511,2.8815958,-0.03418716,1.9007974,0.46738368,-0.58108884,-0.5847286,-0.60502034,-0.13512026,0.35397184
0.049999036,4.179813,1.6138942,0.32907805,0.26620784,0.17566451,0.1815323,2.2217197,0.48366028,-0.5168749,1.3969936,0.3782536,-0.07419651,0.31827393
0.03971124,-4.5932117,-3.0448704,0.3308637,0.2040303,-0.82877785,-0.04082196,-1.3275245,0.40499157,0.7723847,0.75213027,-0.34506002,-0.07254021,0.19698606
0.05359011,4.1717825,1.4288744,0.26317975,0.21608864,1.5022464,-0.02334559,1.9740338,0.45519173,-0.4637378,1.0521758,0.46562248,0.03411326,0.31127688
0.03873802,0.2651462,3.13945,0.41833836,0.17811075,0.28370467,-0.0780349,2.5283504,0.5374062,-0.6256233,1.7291964,-0.27002734,-0.07068716,-0.3471694
0.06250273,4.125742,2.6525154,0.38508266,0.23931837,-0.7075524,0.19776396,1.861094,-0.20581956,-0.12482911,1.544232,-0.39418107,0.1435717,0.3070501
-0.04341759,4.660151,-0.4452056,0.43649834,-0.28910732,2.2246635,-0.15681116,1.6880962,0.43361756,-0.53619623,1.280338,-0.36904973,-0.08782007,-0.008917759
0.06541576,-3.983974,-2.730659,0.35294628,0.16790105,-0.55162174,-0.06783204,-2.5500147,-0.56226635,0.6904509,0.6856055,-0.310064,-0.038516175,-0.2178136
-0.033934474,-4.2488437,-2.536278,-0.22449635,-0.2231854,0.38614866,0.18968347,-2.4574628,-0.3371764,0.6253557,-0.62358165,0.49762392,-0.12496482,-0.23207554
0.045362834,-0.28334343,2.5692623,-0.34341517,-0.38528472,-0.4620889,-0.12777627,3.1055355,0.8587274,1.1927545,-0.75101763,0.61729366,0.3878672,-0.32877448
0.060812753,4.098464,1.7237607,0.41755766,-0.2641249,1.6156548,0.18423596,1.832852,0.46533498,-0.4975447,1.2349436,-0.31365153,-0.06688921,0.27256057
0.06726822,5.00754,2.0991626,0.35212502,0.23041217,1.6295052,-0.06260376,-0.21891809,0.4271386,-0.4597212,1.2559243,-0.30629405,-0.055819858,0.30868036
0.057664458,4.0760007,2.0034072,0.36517897,0.25721285,0.2791686,-0.059019428,2.2122982,0.48662552,-0.5100589,1.5657465,-0.4220037,-0.084253475,0.27662376
0.057664458,4.0767756,1.9999424,0.3756305,0.22929023,0.3208617,-0.059019428,2.2046723,0.48662552,-0.5056432,1.5653014,-0.41921967,-0.07647639,0.27709788
-0.034121554,-3.9799752,-2.5705466,-0.19505486,0.22800206,-0.60606074,-0.07012343,-2.5872781,-0.55243015,0.6606019,-0.62118894,0.60801363,-0.13653836,0.31079242
0.058721963,5.0140624,2.7850454,-0.12979434,0.26121002,0.2146098,-0.05780431,0.2358395,0.6093914,-0.050614785,-0.19882302,0.42289972,0.41675928,-0.3725367
-0.03547715,-3.9636457,-2.4944088,-0.13462093,0.2718642,-0.16446823,0.18922196,-2.647173,-0.62726295,0.5964535,-0.6150839,0.56612617,-0.12721197,-0.22891352
0.060416993,3.989759,2.2503645,0.39815173,0.26843655,-0.77277935,-0.020641917,2.1923413,0.49146053,-0.57155716,1.6932504,-0.39714476,-0.083830364,0.044624224
0.05638246,0.40569574,3.2549381,0.43919542,-0.29481304,-0.47973263,-0.0182542,2.445603,0.51839674,-0.6771394,1.664045,-0.30017987,0.33920318,0.014459483
0.0608407,4.0233307,2.226884,0.38165888,0.26305223,-0.3914914,-0.020641917,2.2185338,0.48532888,-0.55511475,1.6913615,-0.37693298,-0.0903022,0.2783928
-0.04751265,4.7692904,-0.4481595,0.12993255,-0.2987956,2.9166155,0.19586417,1.8324909,-0.14908239,-0.05970482,-0.10788045,-0.49622154,-0.124917045,-0.38222292
0.06042305,4.0998673,1.4527367,0.38584992,-0.22280662,1.6158624,-0.061366204,1.8924674,0.4669836,-0.50976247,1.1188321,-0.30695668,0.2691687,0.3111189
-0.037466224,4.7413406,-0.436116,0.34497002,0.21942972,2.138474,-0.030997382,1.8112772,0.40855706,-0.49348593,1.2459189,-0.43031034,-0.08111939,0.2897362
0.05508929,0.32035708,3.1157057,0.44612154,-0.2719191,0.28309748,-0.0182542,2.4696462,0.50206965,-0.6330496,1.763801,-0.26979727,-0.08048826,0.24097021
-0.044562142,-6.3646984,-1.5974281,-0.38269332,-0.35491723,-1.3028108,-0.08725105,1.6744071,0.528521,-1.0211389,-0.35183585,-0.66205716,-0.1771313,-0.28401518
-0.037616834,4.7304406,-0.46022084,-0.19405493,0.077698864,2.831079,-0.03133286,1.8945208,0.44408733,-0.573742,-0.035774514,-0.5162778,-0.12592587,0.30386174
0.056319963,4.763713,-0.47009525,-0.19072056,-0.30559525,2.712072,-0.03367964,1.7310802,0.4742131,-0.5236632,-0.20239776,-0.4882173,0.4235947,0.35247225
0.037978303,-0.19576634,2.6354325,0.07725578,0.05827901,0.16158369,-0.029989973,3.1671166,0.77460456,1.085378,-0.14977123,-0.3804841,0.3785689,0.25578535
-0.039118465,-4.2860303,-2.786395,-0.2788462,0.3365854,-0.8118592,-0.107036814,-1.2283006,-0.25753963,-0.7699026,-0.69395673,-0.53603745,-0.18101934,0.32160914
-0.05088512,-5.0695934,-0.8801849,-0.2598648,-0.27244496,0.0036153537,0.18690726,-2.010849,-0.6080826,-0.15115106,-0.715332,0.67807835,-0.15356295,-0.27987805
-0.046059974,3.9878552,2.7391582,0.46601146,-0.22164579,-0.78892016,-0.0034176675,1.9137154,0.4608704,-0.58538413,1.6900115,-0.38954824,-0.10865146,0.049670096
0.053488273,4.722776,-0.41358408,0.45301384,-0.26276323,2.2452297,-0.060915597,1.6912796,-0.09302606,-0.5237318,1.2309768,-0.378653,-0.06856324,0.027758528
-0.029817408,0.3157696,2.936261,0.14452305,0.26742056,0.92315793,0.12816308,2.4718924,0.49991706,-0.58290607,1.5275021,-0.27598462,-0.08339061,0.273182
-0.03130766,-2.178873,-4.3745327,-0.36378437,0.35503608,-0.85303885,-0.04217011,-0.62131894,-0.2618175,-0.9787332,-0.8043378,-0.6228541,-0.17527656,0.35345006
0.13182229,4.918716,2.9846716,-0.16781935,0.2432641,-0.60441965,-0.06832782,-0.59893686,0.4810631,0.6095181,-0.20747715,0.4394659,0.40426967,0.4170932
0.06088065,4.7926755,-0.44707415,-0.28186223,0.06211471,2.7204754,-0.15168965,1.763288,0.46312332,-0.56216455,-0.20427968,-0.56409377,0.414659,0.34858763
0.037048325,0.28602755,2.6888444,0.33324346,0.25076643,1.3873922,0.13251907,2.3672073,0.49934283,-0.5804412,1.3684899,-0.35662803,-0.05155043,0.051116128
-0.04694254,4.66328,-0.48801646,0.22065714,-0.27942792,2.2781315,-0.06375359,1.8515782,0.51912516,-0.55572355,1.2044414,-0.38796046,-0.09324523,-0.35912538
0.05374087,4.7268357,-0.44420692,0.21304727,-0.27923346,2.418132,-0.0693749,1.7771752,0.44676784,-0.5373038,0.9186321,-0.46355626,-0.07630274,-0.0002028516
0.03867129,0.31008583,2.9831123,0.3522603,0.2503836,0.7887614,-0.021548217,2.52448,0.52697945,-0.60463923,1.6271486,-0.31615925,-0.062169675,-0.3510481
0.06325235,4.7068076,-0.4502884,0.4303381,-0.22869572,2.185915,-0.0693749,1.7108698,0.44765377,-0.52742755,1.2521399,-0.3685312,-0.06089179,0.04641972
-0.03691899,-6.276334,-0.9446076,-0.30094075,0.37713504,0.053979523,0.14130652,-0.25834593,-0.12152874,-0.70061076,-0.7228699,0.75934833,-0.13798785,-0.29892892
-0.035204224,-0.25596234,2.379375,0.38780335,-0.24333629,1.630862,0.12781395,2.6850822,0.6576567,0.8783319,0.74953204,-0.23516311,-0.079375766,0.20813504
0.04994247,4.092895,1.6457728,0.39195195,0.26226887,0.17482182,-0.059019428,2.2494195,0.4916756,-0.5514163,1.6081432,-0.45984343,-0.087651595,0.27772248
-0.036283456,-3.7232227,-2.6168852,0.42455474,-0.16145442,-0.8420245,-0.07198862,-2.4823658,-0.5671436,0.7964133,-0.21809979,-0.43830195,-0.14662787,-0.22234504
0.060016606,3.981268,1.8364135,0.40419635,0.27615413,-0.77877635,-0.14645572,2.1856217,0.4954112,-0.6120643,1.7010412,-0.4172009,-0.088652276,0.039156985
0.05397981,4.1667953,1.4272139,0.30277848,0.23742928,1.526194,0.19397315,1.9124852,0.47887608,-0.47655383,1.0421178,0.03741392,0.23463476,0.04788242
0.038498577,-0.4011566,2.489875,-0.24907416,0.26405868,0.43428394,0.12283456,3.1740553,0.8397505,1.0463257,-0.6755272,0.49906147,0.33041194,-0.28986326
0.13984834,5.0496755,2.9707327,0.46302223,-0.2447631,-0.6095817,0.07337668,-1.3601221,-0.6931548,-0.11158869,1.8847588,-0.38011816,-0.096014835,0.41372812
0.057374116,4.067501,1.8990853,0.3372524,0.23999019,1.0127556,-0.048550293,2.1736467,0.498198,-0.4786096,1.3857278,-0.37686425,-0.060881857,-0.008046232
0.0608407,4.097544,2.0196319,0.37585917,0.25951645,0.11557002,-0.059019428,2.2205868,0.46688282,-0.5153154,1.5961173,-0.39573863,-0.08345074,0.27974135
0.048933122,3.9367826,2.6762466,-0.28307673,0.3091083,-0.6928599,0.188318,1.9468179,0.4755199,0.76059115,-0.23312399,0.44376972,0.39953074,0.34884992
0.05521113,0.40799558,3.232969,0.42871144,-0.2601581,-0.6265579,-0.13734366,2.407706,0.47360983,-0.66887367,1.6346014,-0.29761538,0.3375048,0.28032857
0.060016606,4.0349846,2.1918597,0.36427766,0.27272856,-0.70648634,-0.020998811,2.202503,0.474186,-0.5605411,1.5464712,0.07243538,-0.082657576,0.047743563
0.0608407,4.056752,2.1476438,0.39043602,0.2635542,-0.037576914,-0.020641917,2.214295,0.5189663,-0.5232511,1.6453139,-0.3786681,-0.08023887,0.045415327
-0.05178373,5.4399595,-0.38994077,0.12966526,-0.2455227,3.0756564,-0.037969764,0.1299139,0.45669067,-0.5286736,0.8472896,-0.4106508,-0.10158303,-0.4042672
0.058825064,4.0574474,2.7035458,0.45158842,0.07524039,-0.7063463,-0.026194246,1.9123077,-0.10815899,-0.54182833,1.6286819,-0.41009963,-0.07934958,0.3458345
0.060016606,3.9902482,2.2503562,0.39265993,0.26843655,-0.74140126,-0.020641917,2.179939,0.48744622,-0.57143724,1.6798887,-0.39310166,-0.083830364,0.044272944
0.045291614,-0.20161472,2.6086462,-0.39241365,-0.2748821,-0.5946628,-0.1962278,3.0219808,0.7624815,1.2600802,-0.70088744,-0.4576253,0.4676144,0.27590176
-0.03941347,-6.567325,2.0951014,-0.36827102,-0.34664443,-0.48152572,-0.026043154,2.0570621,0.61013633,-0.93589556,-0.20397125,0.41880193,-0.15765883,-0.24495679
0.051628258,0.33783603,2.706772,0.41208187,-0.2195606,1.4300506,-0.0182542,2.3514543,0.48841992,-0.6019419,1.3943403,-0.2370014,-0.058345858,0.23712392
-0.031013316,-4.8888807,-3.0516558,-0.23427379,0.3208485,-0.8830987,0.13095051,-0.25642794,0.43372777,-0.76263785,-0.5862109,0.51358247,-0.14920147,-0.25368762
-0.039227646,-3.8392298,-2.6163242,-0.25650972,0.27998248,-0.7342196,-0.073575966,-1.8587506,-0.5510138,0.7911316,-0.64144117,-0.46861655,-0.15279102,-0.2343201
-0.033748366,-4.0208726,-2.5682056,0.3621456,-0.16751045,0.043347895,-0.079619355,-2.6653814,-0.60448915,0.6010011,-0.18625174,0.24184775,-0.1340011,-0.11532337
0.05397981,4.098982,1.7229041,0.32954806,0.23999019,1.5747807,0.18423596,1.901516,0.49587974,-0.47067693,1.2097809,-0.37298638,-0.06496764,0.04627389
0.05642401,4.707376,-0.4493648,0.32951775,0.23744486,2.082443,-0.06165053,1.7355201,0.43195957,-0.49025956,1.1373729,-0.3594166,0.2398754,-0.0912771
0.038356967,-0.25170788,2.7024865,0.12702432,0.074176,-0.6467269,0.1353464,3.1358795,0.76383764,1.0774808,-0.10991924,0.62753993,0.19867104,0.26380387
-0.03956781,4.707987,-0.49622378,0.4060582,0.22061789,2.257097,-0.14435057,1.7862911,0.4526895,-0.54013497,1.1931955,-0.37186489,-0.08111939,-0.35787168
-0.037147325,-0.3162983,2.6052737,-0.43279418,-0.31129843,-0.5344952,0.055917576,3.102972,0.81750536,1.2588286,-0.8256538,0.36242172,-0.14153974,0.2753683
0.05359011,4.1420956,1.4306852,0.26797098,0.23759048,1.4962449,-0.14135559,1.9591813,0.45355296,-0.46092623,1.0326532,0.32637072,0.1552077,0.31145856
0.057602998,4.8806143,2.7601423,-0.12667519,0.2913786,0.13864249,-0.06910128,-0.28154966,0.5667367,0.55175406,-0.21423483,0.6085606,0.03903824,-0.38767424
-0.03180522,-4.9854374,-2.9576707,-0.2910164,0.07414476,0.029662313,-0.11657051,-0.35827643,0.45826346,-0.7213006,-0.6497416,0.70049566,-0.13417098,-0.24762172
0.051347848,0.26014334,2.6366417,0.1994445,-0.19168057,1.2626328,-0.018611096,2.3709612,0.4821131,-0.5742537,1.1974547,0.41039532,0.25117323,0.24160881
0.037880972,-4.87941,-2.8506467,-0.25293615,0.28008372,0.04421646,-0.044460688,-0.7550932,-0.1415803,-0.6164406,-0.6196895,0.6300929,0.44703183,-0.26374012
0.048778575,0.38467538,3.2584062,0.35452858,0.25976956,-0.6406705,0.001645694,2.488577,0.47765982,-0.6420948,1.6291695,-0.30254424,0.2865494,0.27456728
-0.037646197,-4.7618256,1.1128838,0.01295392,0.19769934,0.06073291,-0.106442206,-3.6615105,-0.6967622,-0.1967273,-0.20067976,0.06301959,-0.15864338,0.007918764
0.06408276,4.153826,2.7160337,0.41612986,0.26167285,-0.54804754,0.18103041,1.8946902,-0.5733283,-0.52311695,1.6756206,-0.40158734,-0.05583461,0.31974518
0.04440562,0.31455564,2.6993244,0.35530224,0.21530038,1.3831956,0.13017228,2.3583283,0.48792183,-0.5736075,1.3512883,-0.24878849,-0.037008323,0.26819015
0.043737467,-0.34200406,2.238057,-0.36930674,-0.22843474,1.606799,-0.17681144,2.7658765,0.7256158,0.9691131,-0.6502968,0.472691,0.30303788,0.27289462
0.048517067,-0.19954242,2.680257,0.4178156,0.1583012,-0.41094434,0.1372551,2.9377215,0.7138197,0.9829004,1.4914905,-0.31313208,-0.06731295,-0.06507374
0.0608407,4.006975,2.2384584,0.38682917,0.2639746,-0.57722765,0.035266664,2.2344856,0.5020377,-0.57075167,1.6999912,-0.38350546,-0.09179411,0.0010098272
0.054370787,0.2173285,3.0104337,-0.15088399,-0.24834968,0.33538744,0.13990946,2.4356017,0.50884384,-0.6026385,1.4420997,0.29679638,0.33079618,0.28287402
0.049363557,5.696672,-0.3894491,-0.26189676,0.29663196,0.3567783,0.14581427,0.06080833,-0.021860033,-0.51993996,-0.7082972,0.8061214,0.44868365,0.48381934
0.05320357,4.792855,-0.4749793,-0.28869674,0.11002225,2.75022,0.17633115,1.8355968,0.4929983,-0.56340575,-0.20651123,-0.4852294,0.40217355,-0.3691123
-0.04203176,-5.0741935,-1.0346689,-0.29556742,0.17005852,-0.8067058,0.19128458,-2.2489243,-0.30190527,0.79735386,-0.7025467,-0.51463276,-0.16616093,0.3516932
-0.035588656,-0.12754767,2.5492864,0.4443547,-0.24578275,0.18741797,-0.0778442,3.0685196,0.7251292,0.93626916,1.3421229,-0.2673594,-0.09149068,-0.06897714
0.04709813,4.164,1.6031715,0.33308578,0.24653398,1.0396079,-0.020998811,2.1952999,0.4591682,-0.49128532,1.3057563,0.04186906,-0.06811699,0.2802093
0.060416993,4.0200315,2.2354915,0.394641,0.26305223,-0.570542,-0.0034176675,2.2015092,0.4685866,-0.56771255,1.6912,-0.39958766,-0.0836865,0.27972144
0.057209205,4.1584935,1.594088,0.25855023,0.24641983,0.24954063,-0.048907183,2.2383127,0.48538256,-0.49308854,1.251762,0.5154268,0.25280592,0.28598782
0.060416993,4.011215,2.2503645,0.39265993,0.26843655,-0.772867,0.07238772,2.1817877,0.49146053,-0.57155716,1.6933162,-0.39310166,-0.088652276,0.044624224
0.060016606,4.0514297,1.8276232,0.4003971,0.27257013,-0.77721894,0.18423596,2.137829,0.45842057,-0.6081611,1.6999745,-0.4178031,-0.07674963,0.27939206
0.047833186,3.9546046,2.5989754,0.38147405,0.2337598,-0.6314746,0.1809137,1.9491496,-0.14601324,0.60971004,1.461103,-0.37774426,-0.07436924,0.2985251
0.05397981,4.1154375,1.7118752,0.32603732,0.23906781,1.5712371,0.19433005,1.8961949,0.46101487,-0.4669522,1.2068777,-0.37542924,-0.06018853,0.27108255
0.063175835,4.0618663,2.4364586,0.42748824,-0.23892622,0.66133446,-0.048550293,1.8457233,0.4721709,-0.5178067,1.5565711,-0.3196085,-0.0700773,-0.009706135
-0.029750342,0.2426892,2.6856253,0.34215856,0.25817665,1.3954202,0.13931912,2.3977923,0.50008166,-0.5916419,1.3747985,-0.34372458,-0.07547783,-0.3493495
0.057664458,4.060793,2.0164323,0.37530655,0.25813523,0.3207064,-0.05238748,2.2030957,0.5198227,-0.51023203,1.5635043,-0.35623887,-0.07662025,0.053707644
0.060016606,4.0298033,1.8344929,0.40068564,0.27257013,-0.7774291,-0.020641917,2.1922255,0.45859265,-0.6082197,1.7025605,-0.41964376,-0.0836865,0.27924055
-0.035138525,0.3074345,2.6504467,-0.16363052,-0.26942182,1.3726357,-0.08101772,2.3710241,0.5013869,-0.59641975,1.315727,0.2652892,-0.08721013,0.27720135
-0.038686242,4.830718,-0.4638746,-0.19406411,0.23754129,2.8934479,0.19319446,1.7820172,0.45123276,-0.601173,-0.3154546,-0.597876,-0.13488741,0.35590696
-0.037076384,-4.0569687,-2.6956925,0.03500156,-0.18274261,-0.87760955,-0.07052674,-2.0804017,-0.4862198,0.77827317,-0.23748052,-0.4513128,-0.15744543,0.22789133
0.05397981,4.084755,1.7291873,0.34165305,0.23999019,1.5748799,0.035266664,1.960554,0.49175802,-0.47136256,1.2089751,-0.31253418,-0.0603324,-0.0117855705
-0.029664895,-0.21863471,2.3718965,0.049868256,0.24652699,1.8733103,0.08848709,2.780583,0.71881676,0.94710374,-0.101836115,-0.3999806,-0.105331756,0.24458653
-0.029293772,0.35610658,2.7029939,0.33266652,0.25525427,1.3921977,-0.0182542,2.4189613,0.49054152,-0.57315564,1.369622,-0.23907416,-0.075618275,0.23725505
0.053459752,-0.4366641,2.4974332,-0.37483227,0.07862592,-0.032646805,0.087013096,3.1338365,0.7962874,1.0662506,-0.74426174,0.5847668,0.3485882,0.27717245
0.05974775,4.083208,1.7751373,0.23100063,0.2570742,-0.71962935,-0.05125396,2.2209995,0.45511204,-0.5442897,1.2961528,0.5666173,0.3178404,0.3219827
0.05397981,4.161125,1.4346048,0.29014003,0.24653398,1.5429956,-0.048907183,1.9781204,0.45501113,-0.4670763,1.0996679,0.32633302,-0.05319125,0.28008828
0.062999755,4.756293,-0.44839588,0.4174656,-0.2086686,2.1965473,0.1806735,1.6068728,0.4141094,-0.5161722,1.2633693,-0.36838272,-0.06804806,0.3048604
-0.0386951,-4.094147,-2.6839755,-0.26717842,0.3255635,-0.9651671,-0.018562075,-1.6815368,-0.2000529,-0.7387733,-0.66886294,-0.6234189,-0.177929,-0.24040614
0.038267866,-0.39737332,2.5780313,-0.3858654,0.16538489,-0.11361173,-0.031027488,3.2234557,0.8568322,1.1043139,-0.7512935,0.56799346,0.34504643,-0.30866352
0.03870786,0.1851118,3.081492,0.33847818,0.1356004,0.14413506,0.09305017,2.4647722,0.47792977,-0.632029,1.7134988,-0.40047616,-0.07075469,0.27514523
0.057142157,4.0811863,2.4705272,0.35902274,0.25711045,0.32014248,0.06964295,1.963714,0.49505374,-0.43658596,1.5247166,-0.41087335,-0.075314604,-0.10080839
0.05397981,4.1425304,1.6581742,0.25531375,0.24147801,1.4562979,-0.020998811,1.9715781,0.45248917,-0.4495597,1.0694565,0.40995255,-0.057582434,0.27616692
-0.036508266,-4.1347017,-2.6100566,-0.2559415,0.30383766,-0.71271276,-0.12992175,-1.9231652,-0.20885138,-0.66202766,-0.6445224,0.7138963,-0.15258132,-0.2477753
-0.042496756,-4.633283,1.5173717,-0.2767135,-0.26061088,-0.6400135,0.15258233,-3.4173882,-0.78485006,0.6673791,-0.71690005,0.5692912,-0.15126546,0.3217781
0.057664458,4.1056376,2.0000217,0.36518267,0.25721285,0.32131305,0.07238772,2.1925173,0.4861144,-0.5057018,1.5650071,-0.3495203,-0.08111163,0.27662376
0.03870786,0.21268214,3.0053828,0.14913407,0.17374517,0.14822295,-0.0255475,2.5277574,0.5100351,-0.5757786,1.421483,0.4877693,0.27937815,0.27713752
0.060416993,4.006669,2.2407532,0.394641,0.26751417,-0.7708359,-0.020641917,2.187654,0.45791626,-0.56771255,1.6886516,-0.39958766,-0.0836865,0.27446967
-0.03732405,-1.8419144,-3.210965,-0.26766658,-0.24740683,-0.86670244,0.18367973,-3.0420687,-0.70905894,-0.25176492,-0.7495464,0.6596086,-0.15410244,-0.27168554
0.05359011,4.190494,1.4298531,0.29059926,0.24653398,1.5419304,0.1815323,1.9278618,0.4543122,-0.46732295,1.0955653,0.31991383,-0.05345382,0.3110766
-0.04114035,4.8043194,-0.42153338,-0.3169909,0.3090361,3.0019279,-0.14288749,1.940139,-0.13508534,-0.57828104,-0.5999428,-0.54742306,-0.13618498,-0.38312864
0.060016606,4.006669,2.2407532,0.394641,0.26751417,-0.7394577,-0.020641917,2.1741724,0.45390198,-0.56771255,1.67517,-0.39958766,-0.0836865,0.27446967
-0.040627886,-4.324582,-2.8843806,-0.32362163,-0.25616738,-0.73058504,-0.108904324,-0.99356467,-0.19254248,0.95288885,-0.30872488,-0.50435126,-0.15153955,-0.24290565
0.059549216,4.1286297,1.6405478,0.354059,0.24403264,0.18285662,0.18188916,2.1686718,0.49105588,-0.5246879,1.3990111,-0.44078225,0.31621942,0.31245404
0.038651295,0.31732154,3.108683,0.37602293,0.27175578,0.14619002,-0.086117834,2.5393012,0.48257932,-0.6109082,1.7246268,-0.3881423,-0.07243279,0.23253846
-0.081317365,5.5834193,-0.20631753,0.40049,0.26948807,3.2122755,-0.18377519,-1.9005438,-0.19909856,-0.46748492,0.9195926,-0.38009357,-0.10445532,0.39937085
-0.038149685,-2.4050798,-3.5884976,-0.2379759,-0.27247143,0.6854021,0.1915864,-2.391229,-0.38555607,-0.7642389,-0.69520783,-0.44353053,-0.17082134,0.25923085
-0.047957435,5.6350307,-0.22061239,-0.2860472,-0.34333003,3.0563548,-0.06626368,0.26264852,-0.084052086,-0.5485565,-0.5323138,0.68407696,-0.12298622,0.43568787
0.058867615,4.0743995,2.6783507,0.41870514,0.25727928,-0.71629876,0.0719318,1.8524429,0.44388244,-0.13234565,1.5404451,-0.38156292,-0.07264527,0.27200267
-0.046895757,4.2000413,2.4374576,-0.3273173,-0.39900738,0.17367727,-0.19350557,2.0772722,-0.10612309,-0.5979487,-0.10844243,0.778125,-0.1474807,0.38524345
0.04410884,-0.11467616,2.691703,0.45532292,-0.22129896,-0.6480708,-0.022959305,2.997489,0.703554,1.0221088,1.4364725,-0.31155974,-0.07779629,0.034164775
0.045194577,3.9815602,2.0079443,0.3467349,0.2083549,1.3576938,-0.051872544,1.8568772,-0.10087305,0.49789837,1.0490671,-0.30459425,-0.053308472,0.29456785
-0.03374231,-4.1502934,-2.6033797,-0.18154994,0.22800206,-0.5411445,0.18276288,-2.5609596,-0.29264218,0.67552954,-0.6244469,0.5976609,-0.13252085,0.31050086
0.060218457,4.121594,1.9810818,0.35682964,0.26207423,0.18494797,0.18387906,2.2201579,0.5066375,-0.5082778,1.4897097,0.055139605,-0.083480835,-0.0025024286
0.06368402,4.16833,2.5311124,0.41851962,0.2299887,0.15199405,-0.023847468,1.9259601,-0.61898255,-0.43580344,1.581731,-0.37047502,-0.043485917,0.022980109
-0.035621516,-0.12951964,2.3614244,-0.17982614,-0.260404,1.9268588,-0.18225895,2.7603462,0.7231076,1.0010244,-0.076983385,-0.34542167,-0.10849335,0.21522215
-0.034796096,-1.2132314,-3.3401196,-0.27206632,0.2722077,-0.749065,-0.0685835,-3.5755367,-0.73702675,0.72230667,-0.8288518,-0.46647173,-0.16817713,0.3292472
-0.038047794,-4.364857,-2.8493588,0.01886376,0.12805238,-0.9939918,-0.1136945,-1.5636148,-0.15277827,-0.7863556,-0.33878648,-0.55869067,-0.17840873,0.2370809
0.057664458,4.1305294,1.6230047,0.35178435,0.24912308,0.32449973,0.18423596,2.156915,0.49058416,-0.535692,1.563697,-0.37002885,0.13188873,0.28030682
0.09272514,5.5718064,-0.17401062,0.39451265,0.2936229,2.8118293,-0.06479738,-0.5089517,-0.07586932,-0.47345853,0.93312025,-0.36936557,0.038405716,-0.08483804
0.049549524,0.30330956,3.226066,0.3812552,0.27341896,-0.03228443,0.020670855,2.5243514,0.5006726,-0.6134434,1.7673632,-0.36549,-0.041028738,0.23945594
-0.04340403,4.060068,2.5077314,0.4549778,-0.29408553,0.32839707,0.19158529,1.8507224,0.46682796,-0.5284325,1.5982982,-0.34695488,-0.10082074,-0.09664277
0.03756378,-0.32030267,2.5656857,-0.30367124,0.33359033,-0.60182697,0.055917576,3.0268407,0.77446926,1.131481,-0.7496721,0.63417536,0.35477743,0.27557272
0.056851808,4.1141143,2.2999883,0.39515862,0.19070056,0.95509785,-0.020641917,1.8846263,0.4559327,-0.4920933,1.359773,-0.31448808,-0.059403654,-0.079835884
-0.03826316,4.762715,-0.46472046,-0.2846413,0.29468024,2.941271,-0.15168965,1.8167806,0.46362367,-0.60247487,-0.26890516,-0.53219324,-0.13508333,0.36179423
-0.044727568,4.8158813,-0.39238164,-0.26257697,-0.34183758,2.5456192,-0.15177086,1.8467957,0.47357994,-0.5686623,-0.17671624,0.6259641,-0.11532677,0.3646905
-0.03816949,-4.1187625,-2.8088787,0.29902604,0.23605238,-0.9557888,-0.06690751,-1.7268988,-0.16260217,-0.6491089,-0.15711223,-0.48803815,-0.15676686,-0.23536561
0.05631843,0.44344717,3.2998724,0.47053048,-0.25507936,-0.6822541,-0.02099897,2.4705274,0.51012594,-0.7027862,1.8431759,-0.30976996,-0.080633335,-0.052993473
-0.042026073,5.61744,-0.24860008,0.09126611,0.24143474,3.0662851,-0.07392597,0.07316812,-0.06356433,-0.46745628,-0.0456234,0.42805332,-0.11286336,0.38537088
0.056539964,4.166191,1.5893505,0.2221058,0.24641983,0.250201,-0.02334559,2.2389846,0.48340333,-0.49009675,1.2185774,0.5331068,0.28489196,0.3214337
0.060416993,4.0274124,1.8276777,0.44610432,0.08303979,-0.8074303,0.19433005,2.179068,0.49494582,-0.6165608,1.7236291,-0.4147256,-0.083830364,0.0018663828
-0.030777294,-5.0822663,-3.5445623,-0.35441294,-0.3428227,-0.9145949,-0.055498827,1.4664959,-0.14312817,-0.9161795,-0.68802565,0.73309714,-0.15034252,-0.2463582
0.057664458,4.0773273,1.998233,0.3651822,0.25721285,0.32373977,-0.059019428,2.2031796,0.48652628,-0.50569147,1.5651777,-0.41898996,-0.07647639,0.27662376
0.04907259,4.941409,-0.38541767,-0.15552512,0.2662714,2.3506482,0.18317315,1.8049928,0.45601735,-0.52461696,-0.20134804,0.44608495,0.3698885,0.36376098
-0.03107045,-0.24543668,2.6353083,0.028759386,0.27094376,0.18809746,0.107902065,3.2250605,0.8289936,1.1581358,-0.20088357,-0.5454377,-0.12862267,-0.27566317
0.062976904,3.9063156,2.4073622,0.43607244,-0.24855843,0.23683372,-0.021097837,1.9389982,0.5027952,0.59361875,1.3865783,-0.33034453,-0.0730504,0.050996292
0.038651295,0.2787577,3.0487883,0.33837676,0.24401642,0.1452398,-0.02320072,2.5690994,0.48922202,-0.5894799,1.5970097,0.2868025,-0.06846861,0.24311705
-0.03935174,-4.507781,-2.7492054,-0.30181757,-0.30209258,-0.8622551,0.12311807,-1.1977949,-0.17715874,-0.1386745,-0.6354065,0.73403543,-0.14617105,0.31727323
0.08102375,-4.545832,1.1305797,0.43540928,-0.16455732,0.18957873,0.1685881,-3.7074819,-0.7970942,0.6406673,-0.047675483,-0.34890637,-0.09982487,-0.24031448
-0.0363167,-3.7643828,-2.5000832,-0.318127,-0.23085773,-0.8482724,-0.019343277,-2.4699109,-0.57903725,0.758157,-0.6532722,-0.5100471,-0.16076946,-0.2218146
0.057374116,4.087148,1.8720425,0.33742657,0.24221714,1.000677,-0.051295057,2.1814082,0.48058677,-0.47803912,1.3714653,-0.33217233,-0.060597543,-0.10025903
0.06483426,3.8300521,2.5963502,0.40662122,-0.25070798,-0.48720226,-0.1414546,1.876289,0.4410103,0.650995,1.4083037,-0.35233605,0.22236405,0.30955186
-0.03780184,-0.23921101,2.5853999,-0.3173455,-0.29858872,0.08325278,-0.07506574,3.202006,0.86554307,1.186276,-0.12286939,0.6234911,-0.11669427,-0.28532466
-0.03853505,-4.6154823,-2.94958,-0.3072103,0.13421649,-0.8221955,0.13638914,-0.8207683,0.52157205,-0.85335255,-0.66563606,-0.54709005,-0.16794236,-0.2452622
0.04903795,4.848541,-0.42916605,-0.2513036,0.28185138,2.6888304,-0.06411806,1.835856,0.45043814,-0.5478576,-0.63318074,-0.4726896,0.41332647,0.3532551
-0.030200392,-0.21874078,2.3800056,-0.08066589,0.27044144,1.6571524,-0.025780834,2.9065177,0.765407,0.92360485,-0.14772192,0.50643474,-0.08867765,-0.28069007
-0.046918176,4.6504226,-0.44719228,0.13558114,-0.31649086,2.296644,-0.14441164,1.8098085,0.4654124,-0.5299831,1.2625624,-0.39581224,-0.09609853,-0.34612316
-0.036087,-0.42199343,2.4163969,-0.39420995,-0.34981656,0.46507213,0.055917576,3.1093047,0.8158268,1.1252053,-0.7633279,0.5664192,-0.116777465,0.27239585
0.043660674,-0.3571545,2.234258,-0.29554766,-0.22768061,1.6077064,-0.18851088,2.7300284,0.706186,0.9551511,-0.5355065,0.47804463,0.30089945,0.267329
0.10370292,4.9818325,3.0439863,-0.31383196,-0.34449318,-0.8835641,0.06235632,-0.8432704,-0.2639134,-0.5298081,-0.69581133,0.6823159,0.5049566,-0.5314907
0.048880283,0.36066204,3.281335,0.38949388,0.27354375,-0.4857034,0.13017228,2.4670866,0.4862377,-0.66431504,1.768348,-0.31763497,-0.04515912,0.28020716
0.050703403,4.8026056,-0.46790978,0.30904725,0.24946232,2.3961272,0.17582566,1.8123041,0.45475158,-0.5044958,0.8797851,-0.45807663,-0.06960206,-0.3527046
0.059347365,4.0213013,1.8324332,0.4117197,0.27257013,-0.7754848,-0.05089707,2.184934,0.4582588,-0.60884666,1.6828377,-0.43020773,-0.07578784,0.31772614
-0.036456935,0.41149426,3.289543,0.47053048,-0.2932284,-0.6763443,0.13251907,2.433718,0.51080173,-0.70333123,1.8556548,-0.31010005,-0.10533686,-0.026695952
0.03818019,-0.16110341,2.7733915,0.03743231,0.25202593,-0.743777,0.016107773,3.1316376,0.7655735,1.1428946,-0.19320448,-0.51517904,0.4055001,0.20954396
0.04892728,0.3583172,3.116832,0.3424723,0.25007734,0.1470936,-0.0182542,2.5242832,0.53326774,-0.5989706,1.554602,-0.3407084,0.29094937,0.049367156
0.05231217,4.82111,-0.37702826,-0.21331003,0.33982515,2.410682,-0.17614453,1.8502223,0.5072866,-0.52237576,-0.5583882,0.6422935,0.34054354,-0.37101963
0.040155236,-4.5551534,-2.9471889,-0.28720194,-0.28822443,-0.9621679,0.12883998,-0.8558818,0.41692546,-0.77658296,-0.6518913,-0.56446075,0.58103293,-0.24641341
0.059961732,4.093728,2.1088812,0.33082289,0.2735138,-0.7173795,-0.059376318,2.1901097,0.45115638,-0.5480181,1.414096,0.55212635,-0.07315349,0.28049168
-0.034007907,-4.1706667,-2.5435293,-0.22563027,-0.21247493,0.39357206,-0.07381261,-2.5152736,-0.3262118,0.63234913,-0.6318119,0.48151195,-0.12505436,-0.23153779
-0.03558682,-0.23166056,2.5656407,0.33224934,-0.230952,0.52137095,0.12580477,3.0588152,0.71907616,0.9613656,0.86403567,-0.27070063,-0.097767465,-0.01010918
0.05397981,4.100662,1.4565265,0.31006038,0.23535596,1.5927474,-0.020641917,1.9676939,0.49356952,-0.48361078,1.099663,-0.3066009,0.24624172,-0.014441155
0.14175066,4.9810386,3.074487,0.19166574,-0.2796693,-0.7110366,0.19185421,-0.74818426,0.50849015,-0.555212,-0.05381853,0.64197105,0.4718789,0.11231453
-0.030765526,-1.9887326,-4.730787,-0.17479293,0.3113188,-1.0353669,-0.087997526,-0.5449756,0.40947384,-0.8877904,-0.54799503,-0.6786101,-0.16644327,0.2372564
0.049999036,4.127833,1.6315719,0.39048812,0.26226887,0.1766735,0.18862532,2.19098,0.486993,-0.5514163,1.5942299,-0.40032268,-0.0806189,0.31248504
0.05397981,4.0933833,1.7172202,0.32592225,0.23906781,1.5696348,-0.022988696,1.9461882,0.4648195,-0.4669217,1.2049326,-0.30561998,-0.06018853,0.29567903
0.05974775,4.0309253,1.8324758,0.40622786,0.27257013,-0.8062113,-0.022988696,2.192109,0.4623763,-0.60884666,1.6804173,-0.42510512,-0.048848335,0.31742346
-0.029605806,-0.3863728,2.2779458,-0.3638885,0.17162676,1.660632,-0.07069604,2.818555,0.752222,0.94382113,-0.63498026,0.51356244,-0.08919559,0.26752204
0.04479532,0.40313905,2.7103875,0.34001413,0.25016847,1.3895429,-0.086117834,2.4135146,0.5186013,-0.5812949,1.3644907,-0.24276702,-0.058286484,0.009013154
-0.031818356,-0.12430008,2.670166,0.04696435,0.27094376,0.06429994,-0.028355375,3.275085,0.84895927,1.1740462,-0.20981619,-0.42287555,-0.13081211,-0.26980394
0.046032816,-0.0968793,2.7774138,-0.17267,-0.25816754,-0.77447426,0.1252346,3.0802028,0.8049955,1.2263396,-0.19714437,-0.449517,0.4476006,-0.2891592
-0.036148682,-0.21006246,2.576842,0.45434886,-0.25146708,0.20679541,-0.028618008,3.1279373,0.72453064,0.9839124,0.96780187,-0.27208975,-0.09543093,-0.27065328
0.057491902,4.1230187,1.8726709,0.31637236,0.08656765,0.55974793,-0.059376318,2.1947231,0.49800354,-0.4581872,1.2502358,0.33220756,0.256436,0.046503212
0.046232823,4.0433025,1.7276834,0.34028444,0.21206762,1.5757763,-0.14645572,1.9681513,0.49587974,-0.47067693,1.2087504,-0.37263286,-0.06810948,-0.008125924
0.0608407,4.077308,2.0482333,0.38775757,0.25738975,0.123192124,-0.0034176675,2.220783,0.48558006,-0.51657885,1.6069373,-0.37826687,-0.087651595,0.277925
0.039039552,-0.17852674,2.7890584,0.13656026,0.17849977,-0.40854827,0.1373379,3.1606877,0.839951,1.1998312,-0.16225256,-0.43761262,0.0022775196,-0.2819978
0.037081264,0.31429052,2.697727,0.33255142,0.249855,1.3856068,0.13017228,2.368549,0.48802269,-0.57292193,1.3628845,-0.2388065,-0.058405187,0.26791558
0.04423664,0.25679433,2.6197407,-0.0495151,0.31600064,1.235542,0.1278062,2.3731914,0.49569148,-0.54761714,1.1652592,0.43246245,0.23094448,0.2736822
0.060416993,4.0881968,1.8076382,0.3737356,0.22698627,-0.78168315,0.18423596,2.1375813,0.44351143,-0.57944375,1.5325091,-0.4353693,0.3090865,0.27958435
0.03868897,0.4068039,3.1355166,0.41934562,0.07438559,0.14055356,-0.07910665,2.5673926,0.5331107,-0.62381786,1.7335299,-0.2839362,-0.07964304,-0.061881322
-0.046960965,4.7285,-0.46972564,0.15860087,-0.3012054,2.5335605,0.1920027,1.82579,0.5265202,-0.5458407,0.83483994,-0.4201861,-0.097950324,-0.35618135
0.042709824,-5.111853,-0.98173183,-0.2518662,0.14674674,-0.2653201,-0.10564528,-2.3842216,-0.25536647,0.6568907,-0.6301485,-0.42450717,0.50379634,-0.26239422
0.05974775,4.0345182,1.8308425,0.37382674,0.254334,-0.7800156,-0.022988696,2.18263,0.46188405,-0.57722205,1.5108505,-0.41174665,0.33082998,0.31733805
0.03844107,0.37222713,3.2665758,0.29810277,0.24756028,-0.6272984,0.13017228,2.451306,0.47394145,-0.6606084,1.7592007,-0.3235155,0.021600023,0.2755672
0.08010097,4.842749,2.9382405,0.3989849,-0.29610792,-0.67712796,0.18545842,0.057569608,0.4472378,-0.48617435,1.5596889,-0.36088267,0.34298116,0.003365067
0.04274374,-6.033198,-1.113657,-0.12974542,0.30232745,-0.70579636,-0.091617115,-0.36550218,-0.3048996,0.7872451,-0.17697091,0.70434994,0.019555807,-0.30216455
-0.04261947,3.9344406,2.0044644,0.39967006,-0.16379751,1.3620251,-0.04900621,1.8358848,0.45984674,0.54914445,1.1066071,-0.29318154,-0.0795164,0.2658805
0.05974775,4.0226655,1.8324758,0.40622786,0.27257013,-0.80620444,-0.05089707,2.192109,0.46227312,-0.60884666,1.6803143,-0.42510512,-0.048951518,0.31772614
-0.036220785,-0.31511307,2.5369492,-0.31112087,-0.29867685,0.17617576,-0.07443953,3.1503956,0.823358,1.1234432,-0.2505707,0.62569255,-0.117191136,0.22950062
0.060218457,4.082652,2.0127604,0.3748733,0.25721285,0.18071833,-0.0034176675,2.2164476,0.4864739,-0.51488346,1.5771664,-0.44628564,-0.07987451,0.2725914
0.04479532,0.22399218,2.6765664,0.35529694,0.09086548,1.3358744,0.13251907,2.3376029,0.4948903,-0.58822626,1.2754718,-0.33363944,0.22407159,0.0030131277
0.05397981,4.0865335,1.723359,0.3363122,0.22632088,1.5447491,0.07238772,1.9478866,0.4931471,-0.4680545,1.1913512,-0.3064753,0.024167515,-0.081299655
0.058941733,4.087077,2.7490237,0.43132088,0.259286,-0.7115735,-0.023847468,1.8790544,-0.20558898,-0.5444665,1.6593548,-0.4086303,-0.08388972,0.023848057
-0.03126192,-0.12668665,2.7716742,-0.15801151,0.34439892,-0.7686111,-0.03811233,3.1831706,0.77511173,1.2306355,-0.2193612,-0.63526124,-0.1294303,0.21445575
0.07981165,5.0226107,2.7136552,0.3735429,0.23817377,0.3048815,-0.05534018,-0.019333208,-0.23279214,-0.4543154,1.6788934,-0.35758638,-0.0324556,0.3400132
0.05397981,4.114471,1.7163476,0.32603732,0.23906781,1.5719843,0.18423596,1.9004768,0.46491262,-0.4669522,1.2067641,-0.3065914,-0.06482378,0.27108255
-0.029817408,0.32838857,2.8995845,-0.066257045,0.33408862,0.740706,-0.08101772,2.5308325,0.510084,-0.5707558,1.4993049,0.2749482,-0.08339551,0.28139904
0.04802036,-0.25667778,2.6023114,0.38190174,0.13823529,0.17372277,-0.0778442,3.0573297,0.7047988,0.9108799,0.823426,-0.26325774,0.26121694,0.20848352
0.05152143,-0.07817182,2.7713385,0.15510595,0.25202593,-0.6738473,-0.07793847,3.0566437,0.72269255,1.0854418,-0.025146736,-0.4161724,0.38825363,0.20327856
0.06490885,5.442488,-0.3172554,0.33020967,0.22433266,2.4607387,0.19670896,0.23119791,0.45095888,-0.06844613,1.2327136,-0.3574652,-0.04877195,-0.08654558
0.048256353,0.3011278,3.1003785,0.34804624,0.24976386,0.27172527,0.14261314,2.4774854,0.49686363,-0.58971006,1.5624385,-0.27073306,0.24937375,0.24093403
-0.029605806,-0.38805884,2.2464166,-0.25566286,0.27917197,1.6554215,0.056189634,2.7720249,0.74852204,0.92927575,-0.6350359,0.51689094,-0.08919559,0.26405978
0.037337814,-0.32319885,2.7024593,0.19864982,0.16863856,-0.3452845,0.12544787,3.1025326,0.73502135,0.9769936,0.77388895,0.48403642,-0.06573573,-0.008223683
0.057142157,4.125018,2.4894578,0.43966767,0.25752345,0.2649525,-0.06222498,1.9332873,-0.12732854,-0.49310467,1.5614246,-0.4326638,-0.07953567,-0.101484664
0.049410243,4.001428,1.8259046,0.4003971,0.27257013,-0.77580976,-0.14099869,2.1839676,0.45925796,-0.6081611,1.693799,-0.4969992,-0.084215775,0.31642646
-0.037647862,0.0005979799,2.7900162,-0.19556451,-0.33646137,-0.7492931,-0.07470885,3.0899765,0.83194786,1.311112,-0.22284602,-0.4861953,-0.14176,-0.28858265
-0.033373713,-3.9079049,-2.4797575,-0.20574792,0.009234914,0.008448125,-0.1262738,-2.6529527,-0.6264345,0.5890291,-0.6233409,0.55490094,-0.12642133,-0.22856241
0.067249924,4.014961,1.8237966,0.44191942,-0.28180254,-0.8015582,-0.020641917,2.119364,0.4629792,-0.61163616,1.5862043,-0.4658643,0.34645116,0.2837214
0.060416993,4.146886,1.7986232,0.34545437,0.25509378,-0.7342381,0.18387906,2.139803,0.45273668,-0.5484062,1.3346008,0.4017643,0.31105325,0.288631
0.050482534,4.020024,2.8929865,-0.41591153,0.3452936,-0.91869426,0.19386476,1.939892,-0.16673008,-0.6730457,-0.23140562,-0.62602305,0.55398697,-0.41037154
0.036948945,0.20728208,2.668326,-0.101365045,0.31875575,1.4395187,0.034640744,2.390098,0.5014031,-0.5640579,0.76331365,0.28673956,0.2593226,0.2744746
-0.047027554,5.4314938,-0.32966837,0.4003099,-0.24579778,2.564405,-0.015897682,0.044612072,0.42682502,-0.4974906,1.3427904,-0.3607997,-0.09056721,0.3409742
-0.045163427,4.2047925,2.6102169,-0.3722601,0.09989601,0.1709652,0.17133819,1.96389,0.53404903,-0.691182,-0.76448023,-0.67297876,-0.17457728,0.34815663
0.053421136,4.1636868,1.4255664,0.25274664,0.20592274,1.452283,-0.061723094,1.9675165,0.45402268,-0.45496434,0.9827574,0.45789737,0.22534397,0.3112187
0.03818019,-0.10598396,2.778371,0.033450853,0.25202593,-0.74616164,-0.027643196,3.1459942,0.76803225,1.1608255,-0.1860445,-0.51528895,0.37467185,0.2096695
-0.029931204,0.333287,3.133242,0.384706,0.24579017,0.274454,0.13251907,2.5081937,0.53807086,-0.61177015,1.7272462,-0.28310204,-0.088162825,0.050734214
-0.10896069,4.8086414,3.0974221,0.4328541,0.04491991,-0.7288005,-0.13714363,-1.2015784,-0.10380444,-0.5353209,1.1742216,-0.4188157,-0.11692078,-0.48212382
0.05397981,4.114471,1.7163476,0.32592225,0.23906781,1.5718691,0.18423596,1.9003618,0.46491262,-0.4669217,1.2067641,-0.3065914,-0.06482378,0.27139732
0.05397981,4.110001,1.4585615,0.3459247,0.24412377,1.6724992,-0.048550293,1.9641075,0.46692553,-0.4936241,1.2132221,-0.33286104,-0.06796562,0.27531865
0.038458675,-0.12958235,2.7486348,-0.13580178,0.31463122,-0.4795599,-0.04091918,3.1358237,0.7696769,1.1442491,-0.31602457,-0.46025538,0.42638215,0.26462615
0.03784442,-0.39797765,2.5034904,-0.35844353,0.15292116,0.5433531,0.122754976,3.0491934,0.7804817,1.0959197,-0.72852916,-0.36572045,0.40063855,0.26301578
-0.04341759,4.7369223,-0.4370742,0.425723,-0.27958322,2.21785,0.19685054,1.6323496,0.40186387,-0.53280807,1.2747732,-0.37372833,-0.087676205,0.30558777
0.051628258,0.33242977,2.700092,0.41208187,-0.2503984,1.42977,-0.0182542,2.347118,0.488372,-0.6019419,1.3972887,-0.23615731,-0.0648433,0.23728399
-0.03086815,-5.2327795,-3.528476,-0.37934738,-0.33054703,0.039677687,-0.039975982,1.4870137,-0.19523479,-0.8972071,-0.68192375,-0.5444224,-0.17146006,-0.23287378
0.05397981,4.0860105,1.7132393,0.32954806,0.23999019,1.5643382,0.19433005,1.9222493,0.48878342,-0.47067693,1.2106544,-0.30166104,-0.0603324,-0.0811396
-0.029434353,-0.21373822,2.3940303,0.092174105,0.0670304,1.8601878,-0.006031269,2.816628,0.7249864,0.9220962,0.10514364,-0.4334871,-0.0968324,0.034254033
0.060416993,3.9759402,2.2503645,0.39265993,0.26843655,-0.79299307,-0.05238748,2.1993768,0.49146053,-0.57155716,1.6939147,-0.39310166,-0.09179411,0.044624224
-0.03737511,-4.4153895,-2.6210914,-0.23171233,-0.24099141,0.06284821,0.17396995,-1.7191195,-0.16812137,0.7199492,-0.6191006,0.59968275,-0.12592521,-0.23717317
-0.055214815,4.836692,2.9996676,0.44492063,-0.2528654,-0.72917193,-0.15424757,-0.13668077,-0.20705833,0.6181959,0.97631496,-0.26069817,-0.103961974,0.34103033
0.060416993,4.00731,2.2347746,0.3833184,0.26751417,-0.7708791,-0.020641917,2.1898015,0.45791626,-0.567027,1.6913583,-0.3884236,-0.0836865,0.27446967
0.057664458,4.048245,2.0008593,0.3686934,0.25813523,0.30969933,-0.059019428,2.2452772,0.51827264,-0.50942653,1.5645775,-0.55001193,-0.084397346,-0.08096964
0.048207093,0.30109775,3.0603278,0.35091698,0.25397527,0.5596771,0.020670855,2.5151834,0.49734318,-0.59466386,1.6859128,-0.26659572,-0.068129644,0.23934357
0.037596624,-0.33966148,2.5877974,-0.28314066,0.16808574,-0.6653738,-0.07176854,3.0914538,0.7639187,1.1195501,-0.6261618,0.64727205,0.35298207,0.27517304
0.05397981,4.116869,1.7048393,0.33683002,0.21174319,1.5659165,-0.048550293,1.9469275,0.44628513,-0.46678412,1.1940671,-0.34400403,-0.05990422,0.27149415
0.05777717,4.743444,-0.43492296,-0.31958237,0.31816587,2.6465342,-0.15168965,1.7727423,0.5168064,-0.5607001,-0.017874707,-0.5653892,0.38034877,0.34202635
0.038686898,0.25718176,3.155602,-0.13834953,0.07507488,-0.6124305,0.12685895,2.4455817,0.520917,-0.6629246,1.4656227,0.5318027,0.29681483,-0.39766428
-0.045346875,-4.9750776,-0.91599,-0.26737568,0.33008674,-0.20303187,-0.12992175,-2.039727,-0.5241636,-0.5346945,-0.7258543,0.721675,-0.15654822,-0.28173122
0.051628258,0.3724956,2.7011557,0.41942945,-0.25073105,1.4232514,-0.0182542,2.3634207,0.51675415,-0.6102843,1.399459,-0.23876287,-0.06498717,-0.046522334
-0.03719986,4.1888804,2.2784715,-0.117469415,0.065532304,0.9677647,0.1906152,1.9839647,0.4808936,-0.46335316,0.7414286,0.5337538,-0.079814546,0.2802749
0.04479532,0.3523444,2.7037365,0.37457448,0.07191385,1.392594,-0.022843827,2.4041214,0.48794967,-0.57580256,1.3683263,-0.23899888,-0.058142614,0.23679103
0.049523816,-2.4424098,-1.4027776,-0.32260764,-0.22173508,-0.85470337,0.17003769,-3.3117447,-0.7620109,0.78165114,-0.78602576,-0.5058512,0.58215606,0.38785237
0.05397981,4.119692,1.4571892,0.33370456,0.24412377,1.6709797,-0.020641917,1.9582629,0.46692553,-0.492908,1.2140384,-0.32295933,-0.06018853,0.27563342
0.045410268,0.24257328,2.9919245,0.16786179,-0.21718429,0.5404944,-0.0783918,2.5122292,0.54268235,-0.62131774,1.5684036,0.4199868,-0.043842614,-0.35156423
0.056278255,4.737204,-0.44689372,0.35720176,0.24979667,2.1551902,0.19685054,1.676926,0.4400227,-0.50122833,1.2293246,-0.37062925,-0.030627698,-0.065090455
0.059342112,4.082681,2.6940005,0.43115872,0.22322188,-0.53385454,-0.06234168,1.9283075,-0.18897194,-0.13113421,1.5716393,-0.4060566,-0.06631585,0.026762769
0.045552973,0.21394871,2.6368175,0.25962242,0.24010509,1.2386128,0.12886815,2.3943377,0.50718886,-0.56350595,1.1848534,0.3755322,0.21690117,-0.35218927
-0.035483498,-0.3977595,2.2042997,-0.29336855,-0.38910297,1.7147794,0.08693175,2.7007535,0.7450086,0.97958827,-0.6804946,0.5137173,-0.09657562,0.26594436
0.06365905,4.1100383,2.697499,0.3825466,0.23482046,-0.7135125,-0.02396417,1.9588664,-0.62398016,-0.14321706,1.4450201,-0.372355,0.29716292,-0.016522227
-0.033278808,-3.9383337,-2.5735552,0.3409486,0.03147718,0.49797782,0.19107442,-2.598703,-0.56374973,0.62519175,-0.21799587,-0.2863636,-0.134119,-0.2180446
0.054125573,4.060756,1.7219242,0.34028444,0.21206762,1.5649862,-0.023386687,1.9810412,0.49368015,-0.47067693,1.2108351,-0.30263245,-0.0603324,-0.10709851
0.048378196,0.37266582,3.248425,0.34929612,0.25976956,-0.6082269,0.13017228,2.436615,0.47261977,-0.63798267,1.5964853,-0.2956962,0.30612692,0.2741192
0.059225444,4.031552,2.704177,0.38638052,0.26648936,-0.7477679,0.03291988,1.9058827,0.43486163,-0.5625506,1.6075178,-0.3951586,-0.043475706,0.31658578
0.060218457,4.066901,1.6385407,0.35695073,0.24761663,0.18281162,-0.048550293,2.2577624,0.5235033,-0.52847123,1.4155812,-0.36707836,0.31836215,-0.083549194
0.038324125,-0.34498638,2.584864,-0.3062632,0.12478556,-0.61741185,-0.18716632,3.039161,0.7744941,1.1660765,-0.7262726,0.61513895,0.35577825,0.2824385
0.036989965,0.2885661,2.8987346,0.33577558,0.25257868,0.8486215,0.037558887,2.53286,0.5077986,-0.5771679,1.4652671,0.01236935,-0.058046516,-0.048339006
0.05397981,4.0847178,1.7272435,0.32954806,0.23999019,1.5730252,0.035266664,1.9701564,0.49536863,-0.47067693,1.209937,-0.30282363,-0.06810948,8.150353e-05
-0.03557723,-0.2517628,2.2676225,-0.33637246,-0.2726251,1.9355069,-0.17438759,2.7393382,0.74852103,1.0321746,-0.6518102,-0.42076018,-0.11308805,0.256957
-0.042639323,-6.3777122,-1.6197608,-0.39322472,-0.34574294,-1.0458103,-0.037966143,1.6287965,0.46441022,-0.9635519,-0.4472487,-0.712093,-0.17968313,-0.30298045
-0.053443186,4.8228235,3.234109,0.1821183,0.29060373,-0.95841587,0.08327677,-0.12309155,-0.15768161,-0.6287461,-0.16659275,-0.54933244,-0.16514222,-0.44813916
0.060218457,4.117762,2.0217562,0.4233944,0.2704931,0.18138656,-0.0034176675,2.1909878,0.486567,-0.5201855,1.5769116,-0.3720685,-0.08450975,0.27283537
0.057374116,4.085628,1.911517,0.34295726,0.24035485,0.8767592,-0.059019428,2.160557,0.47144434,-0.47917736,1.4724885,-0.3221067,-0.06920605,0.2722846
0.037993763,-0.06109831,2.7774565,0.39073715,0.24639203,-0.69006735,-0.074614584,3.1557508,0.71695054,1.0611117,0.88136977,-0.3837269,-0.07194624,-0.28062624
